,Emission,Channel_number,comp,time,Type,intensity1,d1_time,Totalbio,Leaf3,gt
1,0.907939,12,DMNT,-0.5,a,0,NA,1.32,0.32,CML287
2,0.122277,12,DMNT,0,a,0,NA,1.32,0.32,CML287
3,0.705139,12,DMNT,0.5,a,0,NA,1.32,0.32,CML287
4,0.0189806,12,DMNT,1,a,0,NA,1.32,0.32,CML287
5,1e-08,12,DMNT,1.5,a,0,NA,1.32,0.32,CML287
6,0.556343,12,DMNT,2,a,0,NA,1.32,0.32,CML287
7,0.307308,12,DMNT,2.5,a,0,NA,1.32,0.32,CML287
8,0.473122,12,DMNT,3,a,0,NA,1.32,0.32,CML287
9,0.944763,12,DMNT,3.5,a,0,NA,1.32,0.32,CML287
10,0.872576,12,DMNT,4,a,0,NA,1.32,0.32,CML287
11,1e-08,12,DMNT,4.5,a,0,NA,1.32,0.32,CML287
12,1e-08,12,DMNT,5,a,0,NA,1.32,0.32,CML287
13,0.641105,12,DMNT,5.5,a,0,NA,1.32,0.32,CML287
14,0.751343,12,DMNT,6,a,0,NA,1.32,0.32,CML287
15,1e-08,12,DMNT,6.5,a,0,NA,1.32,0.32,CML287
16,1e-08,12,DMNT,7,a,0,NA,1.32,0.32,CML287
17,0.116313,12,DMNT,7.5,a,0,NA,1.32,0.32,CML287
18,0.595272,12,DMNT,8,a,0,NA,1.32,0.32,CML287
19,0.945523,12,DMNT,8.5,a,0,NA,1.32,0.32,CML287
20,0.199781,12,DMNT,9,a,0,NA,1.32,0.32,CML287
21,1e-08,12,DMNT,9.5,a,0,NA,1.32,0.32,CML287
22,0.487077,12,DMNT,10,a,0,NA,1.32,0.32,CML287
23,1e-08,12,DMNT,10.5,a,0,NA,1.32,0.32,CML287
24,1e-08,12,DMNT,11,a,0,NA,1.32,0.32,CML287
25,0.229051,12,DMNT,11.5,a,0,NA,1.32,0.32,CML287
26,1.18316,12,DMNT,12,a,0,NA,1.32,0.32,CML287
27,0.631081,12,DMNT,12.5,a,0,NA,1.32,0.32,CML287
28,1e-08,12,DMNT,13,a,0,NA,1.32,0.32,CML287
29,0.631963,12,DMNT,13.5,a,0,NA,1.32,0.32,CML287
30,0.650742,12,DMNT,14,a,0,NA,1.32,0.32,CML287
31,0.11866,12,DMNT,14.5,a,0,NA,1.32,0.32,CML287
32,0.612642,12,DMNT,15,a,0,NA,1.32,0.32,CML287
33,0.761493,12,DMNT,15.5,a,0,NA,1.32,0.32,CML287
34,0.839642,12,DMNT,16,a,0,NA,1.32,0.32,CML287
35,0.322461,12,DMNT,16.5,a,0,NA,1.32,0.32,CML287
36,0.574918,12,DMNT,17,a,0,NA,1.32,0.32,CML287
37,0.581908,12,DMNT,17.5,a,0,NA,1.32,0.32,CML287
38,0.64159,12,DMNT,18,a,0,NA,1.32,0.32,CML287
39,0.551822,12,DMNT,18.5,a,0,NA,1.32,0.32,CML287
40,0.972418,12,DMNT,19,a,0,NA,1.32,0.32,CML287
41,0.497426,12,DMNT,19.5,a,0,NA,1.32,0.32,CML287
42,0.0249017,12,DMNT,20,a,0,NA,1.32,0.32,CML287
43,0.64893,12,DMNT,20.5,a,0,NA,1.32,0.32,CML287
44,0.320309,12,DMNT,21,a,0,NA,1.32,0.32,CML287
45,0.753186,12,DMNT,21.5,a,0,NA,1.32,0.32,CML287
451,1e-08,29,DMNT,-0.5,CML287,6,11.5,1.39,0.35,CML287
452,0.87161,29,DMNT,0,CML287,6,11.5,1.39,0.35,CML287
453,1.44584,29,DMNT,0.5,CML287,6,11.5,1.39,0.35,CML287
454,0.961481,29,DMNT,1,CML287,6,11.5,1.39,0.35,CML287
455,5.76224,29,DMNT,1.5,CML287,6,11.5,1.39,0.35,CML287
456,22.0885,29,DMNT,2,CML287,6,11.5,1.39,0.35,CML287
457,33.1123,29,DMNT,2.5,CML287,6,11.5,1.39,0.35,CML287
458,40.0258,29,DMNT,3,CML287,6,11.5,1.39,0.35,CML287
459,36.7397,29,DMNT,3.5,CML287,6,11.5,1.39,0.35,CML287
460,32.9735,29,DMNT,4,CML287,6,11.5,1.39,0.35,CML287
461,30.3026,29,DMNT,4.5,CML287,6,11.5,1.39,0.35,CML287
462,24.4403,29,DMNT,5,CML287,6,11.5,1.39,0.35,CML287
463,22.9848,29,DMNT,5.5,CML287,6,11.5,1.39,0.35,CML287
464,13.9087,29,DMNT,6,CML287,6,11.5,1.39,0.35,CML287
465,10.5011,29,DMNT,6.5,CML287,6,11.5,1.39,0.35,CML287
466,8.25272,29,DMNT,7,CML287,6,11.5,1.39,0.35,CML287
467,5.55356,29,DMNT,7.5,CML287,6,11.5,1.39,0.35,CML287
468,5.24364,29,DMNT,8,CML287,6,11.5,1.39,0.35,CML287
469,3.91845,29,DMNT,8.5,CML287,6,11.5,1.39,0.35,CML287
470,1.47633,29,DMNT,9,CML287,6,11.5,1.39,0.35,CML287
471,2.8423,29,DMNT,9.5,CML287,6,11.5,1.39,0.35,CML287
472,1.45338,29,DMNT,10,CML287,6,11.5,1.39,0.35,CML287
473,0.93958,29,DMNT,10.5,CML287,6,11.5,1.39,0.35,CML287
474,1.21022,29,DMNT,11,CML287,6,11.5,1.39,0.35,CML287
475,1.30471,29,DMNT,11.5,CML287,6,11.5,1.39,0.35,CML287
476,1.14465,29,DMNT,12,CML287,6,11.5,1.39,0.35,CML287
477,1.17796,29,DMNT,12.5,CML287,6,11.5,1.39,0.35,CML287
478,0.545161,29,DMNT,13,CML287,6,11.5,1.39,0.35,CML287
479,0.851998,29,DMNT,13.5,CML287,6,11.5,1.39,0.35,CML287
480,1.23707,29,DMNT,14,CML287,6,11.5,1.39,0.35,CML287
481,0.757666,29,DMNT,14.5,CML287,6,11.5,1.39,0.35,CML287
482,0.760569,29,DMNT,15,CML287,6,11.5,1.39,0.35,CML287
483,0.551057,29,DMNT,15.5,CML287,6,11.5,1.39,0.35,CML287
484,0.752438,29,DMNT,16,CML287,6,11.5,1.39,0.35,CML287
485,0.788356,29,DMNT,16.5,CML287,6,11.5,1.39,0.35,CML287
486,0.892787,29,DMNT,17,CML287,6,11.5,1.39,0.35,CML287
487,0.188464,29,DMNT,17.5,CML287,6,11.5,1.39,0.35,CML287
488,0.293212,29,DMNT,18,CML287,6,11.5,1.39,0.35,CML287
489,0.981362,29,DMNT,18.5,CML287,6,11.5,1.39,0.35,CML287
490,1.26705,29,DMNT,19,CML287,6,11.5,1.39,0.35,CML287
491,0.96244,29,DMNT,19.5,CML287,6,11.5,1.39,0.35,CML287
492,0.503508,29,DMNT,20,CML287,6,11.5,1.39,0.35,CML287
493,1.05607,29,DMNT,20.5,CML287,6,11.5,1.39,0.35,CML287
494,0.624953,29,DMNT,21,CML287,6,11.5,1.39,0.35,CML287
495,0.460244,29,DMNT,21.5,CML287,6,11.5,1.39,0.35,CML287
676,0.754084,35,DMNT,-0.5,CML287,6,11.5,2.33,0.59,CML287
677,0.605219,35,DMNT,0,CML287,6,11.5,2.33,0.59,CML287
678,1e-08,35,DMNT,0.5,CML287,6,11.5,2.33,0.59,CML287
679,1e-08,35,DMNT,1,CML287,6,11.5,2.33,0.59,CML287
680,5.30308,35,DMNT,1.5,CML287,6,11.5,2.33,0.59,CML287
681,22.1775,35,DMNT,2,CML287,6,11.5,2.33,0.59,CML287
682,33.9902,35,DMNT,2.5,CML287,6,11.5,2.33,0.59,CML287
683,49.5128,35,DMNT,3,CML287,6,11.5,2.33,0.59,CML287
684,57.0857,35,DMNT,3.5,CML287,6,11.5,2.33,0.59,CML287
685,50.9571,35,DMNT,4,CML287,6,11.5,2.33,0.59,CML287
686,42.8093,35,DMNT,4.5,CML287,6,11.5,2.33,0.59,CML287
687,40.8494,35,DMNT,5,CML287,6,11.5,2.33,0.59,CML287
688,35.784,35,DMNT,5.5,CML287,6,11.5,2.33,0.59,CML287
689,25.0709,35,DMNT,6,CML287,6,11.5,2.33,0.59,CML287
690,22.3406,35,DMNT,6.5,CML287,6,11.5,2.33,0.59,CML287
691,17.188,35,DMNT,7,CML287,6,11.5,2.33,0.59,CML287
692,7.24624,35,DMNT,7.5,CML287,6,11.5,2.33,0.59,CML287
693,8.33422,35,DMNT,8,CML287,6,11.5,2.33,0.59,CML287
694,7.00061,35,DMNT,8.5,CML287,6,11.5,2.33,0.59,CML287
695,4.56898,35,DMNT,9,CML287,6,11.5,2.33,0.59,CML287
696,4.5966,35,DMNT,9.5,CML287,6,11.5,2.33,0.59,CML287
697,2.5703,35,DMNT,10,CML287,6,11.5,2.33,0.59,CML287
698,1.46559,35,DMNT,10.5,CML287,6,11.5,2.33,0.59,CML287
699,1.24992,35,DMNT,11,CML287,6,11.5,2.33,0.59,CML287
700,1.38893,35,DMNT,11.5,CML287,6,11.5,2.33,0.59,CML287
701,1.10128,35,DMNT,12,CML287,6,11.5,2.33,0.59,CML287
702,1e-08,35,DMNT,12.5,CML287,6,11.5,2.33,0.59,CML287
703,1.05238,35,DMNT,13,CML287,6,11.5,2.33,0.59,CML287
704,0.782756,35,DMNT,13.5,CML287,6,11.5,2.33,0.59,CML287
705,0.15383,35,DMNT,14,CML287,6,11.5,2.33,0.59,CML287
706,0.835313,35,DMNT,14.5,CML287,6,11.5,2.33,0.59,CML287
707,0.921545,35,DMNT,15,CML287,6,11.5,2.33,0.59,CML287
708,0.850454,35,DMNT,15.5,CML287,6,11.5,2.33,0.59,CML287
709,1.21713,35,DMNT,16,CML287,6,11.5,2.33,0.59,CML287
710,0.45942,35,DMNT,16.5,CML287,6,11.5,2.33,0.59,CML287
711,1e-08,35,DMNT,17,CML287,6,11.5,2.33,0.59,CML287
712,0.938495,35,DMNT,17.5,CML287,6,11.5,2.33,0.59,CML287
713,0.801937,35,DMNT,18,CML287,6,11.5,2.33,0.59,CML287
714,0.305245,35,DMNT,18.5,CML287,6,11.5,2.33,0.59,CML287
715,0.530198,35,DMNT,19,CML287,6,11.5,2.33,0.59,CML287
716,0.997444,35,DMNT,19.5,CML287,6,11.5,2.33,0.59,CML287
717,0.734419,35,DMNT,20,CML287,6,11.5,2.33,0.59,CML287
718,0.584943,35,DMNT,20.5,CML287,6,11.5,2.33,0.59,CML287
719,0.918256,35,DMNT,21,CML287,6,11.5,2.33,0.59,CML287
720,0.418864,35,DMNT,21.5,CML287,6,11.5,2.33,0.59,CML287
901,1e-08,36,DMNT,-0.5,a,0,NA,1.42,0.31,CML287
902,1e-08,36,DMNT,0,a,0,NA,1.42,0.31,CML287
903,0.61129,36,DMNT,0.5,a,0,NA,1.42,0.31,CML287
904,0.282108,36,DMNT,1,a,0,NA,1.42,0.31,CML287
905,1e-08,36,DMNT,1.5,a,0,NA,1.42,0.31,CML287
906,0.72658,36,DMNT,2,a,0,NA,1.42,0.31,CML287
907,1.07606,36,DMNT,2.5,a,0,NA,1.42,0.31,CML287
908,0.329702,36,DMNT,3,a,0,NA,1.42,0.31,CML287
909,1e-08,36,DMNT,3.5,a,0,NA,1.42,0.31,CML287
910,1e-08,36,DMNT,4,a,0,NA,1.42,0.31,CML287
911,1e-08,36,DMNT,4.5,a,0,NA,1.42,0.31,CML287
912,0.936386,36,DMNT,5,a,0,NA,1.42,0.31,CML287
913,0.953936,36,DMNT,5.5,a,0,NA,1.42,0.31,CML287
914,0.517875,36,DMNT,6,a,0,NA,1.42,0.31,CML287
915,1e-08,36,DMNT,6.5,a,0,NA,1.42,0.31,CML287
916,1e-08,36,DMNT,7,a,0,NA,1.42,0.31,CML287
917,0.29934,36,DMNT,7.5,a,0,NA,1.42,0.31,CML287
918,0.811112,36,DMNT,8,a,0,NA,1.42,0.31,CML287
919,1e-08,36,DMNT,8.5,a,0,NA,1.42,0.31,CML287
920,0.0113667,36,DMNT,9,a,0,NA,1.42,0.31,CML287
921,0.110438,36,DMNT,9.5,a,0,NA,1.42,0.31,CML287
922,0.542229,36,DMNT,10,a,0,NA,1.42,0.31,CML287
923,1.05854,36,DMNT,10.5,a,0,NA,1.42,0.31,CML287
924,1.1804,36,DMNT,11,a,0,NA,1.42,0.31,CML287
925,1e-08,36,DMNT,11.5,a,0,NA,1.42,0.31,CML287
926,0.389176,36,DMNT,12,a,0,NA,1.42,0.31,CML287
927,0.852287,36,DMNT,12.5,a,0,NA,1.42,0.31,CML287
928,0.13813,36,DMNT,13,a,0,NA,1.42,0.31,CML287
929,0.572627,36,DMNT,13.5,a,0,NA,1.42,0.31,CML287
930,1.06555,36,DMNT,14,a,0,NA,1.42,0.31,CML287
931,0.384912,36,DMNT,14.5,a,0,NA,1.42,0.31,CML287
932,0.598192,36,DMNT,15,a,0,NA,1.42,0.31,CML287
933,1e-08,36,DMNT,15.5,a,0,NA,1.42,0.31,CML287
934,0.492375,36,DMNT,16,a,0,NA,1.42,0.31,CML287
935,0.568305,36,DMNT,16.5,a,0,NA,1.42,0.31,CML287
936,0.334933,36,DMNT,17,a,0,NA,1.42,0.31,CML287
937,1e-08,36,DMNT,17.5,a,0,NA,1.42,0.31,CML287
938,1e-08,36,DMNT,18,a,0,NA,1.42,0.31,CML287
939,1e-08,36,DMNT,18.5,a,0,NA,1.42,0.31,CML287
940,0.424277,36,DMNT,19,a,0,NA,1.42,0.31,CML287
941,0.555043,36,DMNT,19.5,a,0,NA,1.42,0.31,CML287
942,1e-08,36,DMNT,20,a,0,NA,1.42,0.31,CML287
943,0.86364,36,DMNT,20.5,a,0,NA,1.42,0.31,CML287
944,1.21016,36,DMNT,21,a,0,NA,1.42,0.31,CML287
945,1.19672,36,DMNT,21.5,a,0,NA,1.42,0.31,CML287
1126,0.668603,42,DMNT,-0.5,CML287,6,11.5,1.39,0.3,CML287
1127,0.526875,42,DMNT,0,CML287,6,11.5,1.39,0.3,CML287
1128,1e-08,42,DMNT,0.5,CML287,6,11.5,1.39,0.3,CML287
1129,0.0684627,42,DMNT,1,CML287,6,11.5,1.39,0.3,CML287
1130,3.34855,42,DMNT,1.5,CML287,6,11.5,1.39,0.3,CML287
1131,17.9426,42,DMNT,2,CML287,6,11.5,1.39,0.3,CML287
1132,26.8629,42,DMNT,2.5,CML287,6,11.5,1.39,0.3,CML287
1133,32.1514,42,DMNT,3,CML287,6,11.5,1.39,0.3,CML287
1134,37.2592,42,DMNT,3.5,CML287,6,11.5,1.39,0.3,CML287
1135,33.1617,42,DMNT,4,CML287,6,11.5,1.39,0.3,CML287
1136,32.17,42,DMNT,4.5,CML287,6,11.5,1.39,0.3,CML287
1137,22.107,42,DMNT,5,CML287,6,11.5,1.39,0.3,CML287
1138,18.9916,42,DMNT,5.5,CML287,6,11.5,1.39,0.3,CML287
1139,14.8278,42,DMNT,6,CML287,6,11.5,1.39,0.3,CML287
1140,13.0274,42,DMNT,6.5,CML287,6,11.5,1.39,0.3,CML287
1141,9.49983,42,DMNT,7,CML287,6,11.5,1.39,0.3,CML287
1142,5.71411,42,DMNT,7.5,CML287,6,11.5,1.39,0.3,CML287
1143,6.54985,42,DMNT,8,CML287,6,11.5,1.39,0.3,CML287
1144,3.56123,42,DMNT,8.5,CML287,6,11.5,1.39,0.3,CML287
1145,1.7085,42,DMNT,9,CML287,6,11.5,1.39,0.3,CML287
1146,1e-08,42,DMNT,9.5,CML287,6,11.5,1.39,0.3,CML287
1147,3.79983,42,DMNT,10,CML287,6,11.5,1.39,0.3,CML287
1148,2.34922,42,DMNT,10.5,CML287,6,11.5,1.39,0.3,CML287
1149,2.19684,42,DMNT,11,CML287,6,11.5,1.39,0.3,CML287
1150,1.56023,42,DMNT,11.5,CML287,6,11.5,1.39,0.3,CML287
1151,1.7444,42,DMNT,12,CML287,6,11.5,1.39,0.3,CML287
1152,1.35162,42,DMNT,12.5,CML287,6,11.5,1.39,0.3,CML287
1153,1.10516,42,DMNT,13,CML287,6,11.5,1.39,0.3,CML287
1154,0.827624,42,DMNT,13.5,CML287,6,11.5,1.39,0.3,CML287
1155,1.26873,42,DMNT,14,CML287,6,11.5,1.39,0.3,CML287
1156,1e-08,42,DMNT,14.5,CML287,6,11.5,1.39,0.3,CML287
1157,1.3709,42,DMNT,15,CML287,6,11.5,1.39,0.3,CML287
1158,1.23222,42,DMNT,15.5,CML287,6,11.5,1.39,0.3,CML287
1159,1e-08,42,DMNT,16,CML287,6,11.5,1.39,0.3,CML287
1160,0.950493,42,DMNT,16.5,CML287,6,11.5,1.39,0.3,CML287
1161,1.05873,42,DMNT,17,CML287,6,11.5,1.39,0.3,CML287
1162,0.566209,42,DMNT,17.5,CML287,6,11.5,1.39,0.3,CML287
1163,1e-08,42,DMNT,18,CML287,6,11.5,1.39,0.3,CML287
1164,1e-08,42,DMNT,18.5,CML287,6,11.5,1.39,0.3,CML287
1165,0.578487,42,DMNT,19,CML287,6,11.5,1.39,0.3,CML287
1166,1.09852,42,DMNT,19.5,CML287,6,11.5,1.39,0.3,CML287
1167,1.06215,42,DMNT,20,CML287,6,11.5,1.39,0.3,CML287
1168,1.14722,42,DMNT,20.5,CML287,6,11.5,1.39,0.3,CML287
1169,1e-08,42,DMNT,21,CML287,6,11.5,1.39,0.3,CML287
1170,1e-08,42,DMNT,21.5,CML287,6,11.5,1.39,0.3,CML287
2026,0.834106,59,DMNT,-0.5,a,0,NA,1.38,0.3,CML287
2027,0.733305,59,DMNT,0,a,0,NA,1.38,0.3,CML287
2028,0.408472,59,DMNT,0.5,a,0,NA,1.38,0.3,CML287
2029,1e-08,59,DMNT,1,a,0,NA,1.38,0.3,CML287
2030,1e-08,59,DMNT,1.5,a,0,NA,1.38,0.3,CML287
2031,1e-08,59,DMNT,2,a,0,NA,1.38,0.3,CML287
2032,0.169964,59,DMNT,2.5,a,0,NA,1.38,0.3,CML287
2033,0.766871,59,DMNT,3,a,0,NA,1.38,0.3,CML287
2034,1e-08,59,DMNT,3.5,a,0,NA,1.38,0.3,CML287
2035,1e-08,59,DMNT,4,a,0,NA,1.38,0.3,CML287
2036,0.745175,59,DMNT,4.5,a,0,NA,1.38,0.3,CML287
2037,1e-08,59,DMNT,5,a,0,NA,1.38,0.3,CML287
2038,0.330193,59,DMNT,5.5,a,0,NA,1.38,0.3,CML287
2039,0.960533,59,DMNT,6,a,0,NA,1.38,0.3,CML287
2040,1e-08,59,DMNT,6.5,a,0,NA,1.38,0.3,CML287
2041,0.401744,59,DMNT,7,a,0,NA,1.38,0.3,CML287
2042,1e-08,59,DMNT,7.5,a,0,NA,1.38,0.3,CML287
2043,1e-08,59,DMNT,8,a,0,NA,1.38,0.3,CML287
2044,1e-08,59,DMNT,8.5,a,0,NA,1.38,0.3,CML287
2045,1.03348,59,DMNT,9,a,0,NA,1.38,0.3,CML287
2046,0.580564,59,DMNT,9.5,a,0,NA,1.38,0.3,CML287
2047,0.65311,59,DMNT,10,a,0,NA,1.38,0.3,CML287
2048,0.353048,59,DMNT,10.5,a,0,NA,1.38,0.3,CML287
2049,1e-08,59,DMNT,11,a,0,NA,1.38,0.3,CML287
2050,1e-08,59,DMNT,11.5,a,0,NA,1.38,0.3,CML287
2051,0.78619,59,DMNT,12,a,0,NA,1.38,0.3,CML287
2052,0.179648,59,DMNT,12.5,a,0,NA,1.38,0.3,CML287
2053,0.473492,59,DMNT,13,a,0,NA,1.38,0.3,CML287
2054,0.23242,59,DMNT,13.5,a,0,NA,1.38,0.3,CML287
2055,0.239682,59,DMNT,14,a,0,NA,1.38,0.3,CML287
2056,1e-08,59,DMNT,14.5,a,0,NA,1.38,0.3,CML287
2057,1e-08,59,DMNT,15,a,0,NA,1.38,0.3,CML287
2058,0.562515,59,DMNT,15.5,a,0,NA,1.38,0.3,CML287
2059,0.287028,59,DMNT,16,a,0,NA,1.38,0.3,CML287
2060,1e-08,59,DMNT,16.5,a,0,NA,1.38,0.3,CML287
2061,0.549184,59,DMNT,17,a,0,NA,1.38,0.3,CML287
2062,0.0346822,59,DMNT,17.5,a,0,NA,1.38,0.3,CML287
2063,0.448003,59,DMNT,18,a,0,NA,1.38,0.3,CML287
2064,1.01363,59,DMNT,18.5,a,0,NA,1.38,0.3,CML287
2065,0.501885,59,DMNT,19,a,0,NA,1.38,0.3,CML287
2066,0.0866442,59,DMNT,19.5,a,0,NA,1.38,0.3,CML287
2067,0.949302,59,DMNT,20,a,0,NA,1.38,0.3,CML287
2068,1e-08,59,DMNT,20.5,a,0,NA,1.38,0.3,CML287
2069,0.821888,59,DMNT,21,a,0,NA,1.38,0.3,CML287
2070,0.592862,59,DMNT,21.5,a,0,NA,1.38,0.3,CML287
2701,0.271009,72,DMNT,-0.5,CML287,6,11.5,1.89,0.5,CML287
2702,1.14696,72,DMNT,0,CML287,6,11.5,1.89,0.5,CML287
2703,0.774236,72,DMNT,0.5,CML287,6,11.5,1.89,0.5,CML287
2704,0.52413,72,DMNT,1,CML287,6,11.5,1.89,0.5,CML287
2705,2.56748,72,DMNT,1.5,CML287,6,11.5,1.89,0.5,CML287
2706,13.6778,72,DMNT,2,CML287,6,11.5,1.89,0.5,CML287
2707,22.8443,72,DMNT,2.5,CML287,6,11.5,1.89,0.5,CML287
2708,30.1038,72,DMNT,3,CML287,6,11.5,1.89,0.5,CML287
2709,27.6732,72,DMNT,3.5,CML287,6,11.5,1.89,0.5,CML287
2710,35.6787,72,DMNT,4,CML287,6,11.5,1.89,0.5,CML287
2711,33.1564,72,DMNT,4.5,CML287,6,11.5,1.89,0.5,CML287
2712,28.9478,72,DMNT,5,CML287,6,11.5,1.89,0.5,CML287
2713,22.6019,72,DMNT,5.5,CML287,6,11.5,1.89,0.5,CML287
2714,17.6578,72,DMNT,6,CML287,6,11.5,1.89,0.5,CML287
2715,13.6404,72,DMNT,6.5,CML287,6,11.5,1.89,0.5,CML287
2716,10.0521,72,DMNT,7,CML287,6,11.5,1.89,0.5,CML287
2717,5.77803,72,DMNT,7.5,CML287,6,11.5,1.89,0.5,CML287
2718,6.41333,72,DMNT,8,CML287,6,11.5,1.89,0.5,CML287
2719,2.27433,72,DMNT,8.5,CML287,6,11.5,1.89,0.5,CML287
2720,2.41802,72,DMNT,9,CML287,6,11.5,1.89,0.5,CML287
2721,2.24123,72,DMNT,9.5,CML287,6,11.5,1.89,0.5,CML287
2722,2.51918,72,DMNT,10,CML287,6,11.5,1.89,0.5,CML287
2723,1.94655,72,DMNT,10.5,CML287,6,11.5,1.89,0.5,CML287
2724,1.36189,72,DMNT,11,CML287,6,11.5,1.89,0.5,CML287
2725,0.670103,72,DMNT,11.5,CML287,6,11.5,1.89,0.5,CML287
2726,0.117881,72,DMNT,12,CML287,6,11.5,1.89,0.5,CML287
2727,0.972815,72,DMNT,12.5,CML287,6,11.5,1.89,0.5,CML287
2728,0.656394,72,DMNT,13,CML287,6,11.5,1.89,0.5,CML287
2729,1.01724,72,DMNT,13.5,CML287,6,11.5,1.89,0.5,CML287
2730,0.822124,72,DMNT,14,CML287,6,11.5,1.89,0.5,CML287
2731,0.134523,72,DMNT,14.5,CML287,6,11.5,1.89,0.5,CML287
2732,1.05154,72,DMNT,15,CML287,6,11.5,1.89,0.5,CML287
2733,1e-08,72,DMNT,15.5,CML287,6,11.5,1.89,0.5,CML287
2734,1e-08,72,DMNT,16,CML287,6,11.5,1.89,0.5,CML287
2735,0.59636,72,DMNT,16.5,CML287,6,11.5,1.89,0.5,CML287
2736,0.382035,72,DMNT,17,CML287,6,11.5,1.89,0.5,CML287
2737,0.336089,72,DMNT,17.5,CML287,6,11.5,1.89,0.5,CML287
2738,0.543655,72,DMNT,18,CML287,6,11.5,1.89,0.5,CML287
2739,0.336604,72,DMNT,18.5,CML287,6,11.5,1.89,0.5,CML287
2740,0.205245,72,DMNT,19,CML287,6,11.5,1.89,0.5,CML287
2741,0.796457,72,DMNT,19.5,CML287,6,11.5,1.89,0.5,CML287
2742,0.17858,72,DMNT,20,CML287,6,11.5,1.89,0.5,CML287
2743,1e-08,72,DMNT,20.5,CML287,6,11.5,1.89,0.5,CML287
2744,0.262788,72,DMNT,21,CML287,6,11.5,1.89,0.5,CML287
2745,0.839313,72,DMNT,21.5,CML287,6,11.5,1.89,0.5,CML287
3601,1.41009,11,DMNT,-0.5,a,0,NA,1.55,0.52,MO17
3602,0.901826,11,DMNT,0,a,0,NA,1.55,0.52,MO17
3603,1.19005,11,DMNT,0.5,a,0,NA,1.55,0.52,MO17
3604,1.35656,11,DMNT,1,a,0,NA,1.55,0.52,MO17
3605,0.531701,11,DMNT,1.5,a,0,NA,1.55,0.52,MO17
3606,0.770616,11,DMNT,2,a,0,NA,1.55,0.52,MO17
3607,1e-08,11,DMNT,2.5,a,0,NA,1.55,0.52,MO17
3608,0.423428,11,DMNT,3,a,0,NA,1.55,0.52,MO17
3609,0.974854,11,DMNT,3.5,a,0,NA,1.55,0.52,MO17
3610,1.32351,11,DMNT,4,a,0,NA,1.55,0.52,MO17
3611,0.533383,11,DMNT,4.5,a,0,NA,1.55,0.52,MO17
3612,0.402861,11,DMNT,5,a,0,NA,1.55,0.52,MO17
3613,1.88513,11,DMNT,5.5,a,0,NA,1.55,0.52,MO17
3614,1.9597,11,DMNT,6,a,0,NA,1.55,0.52,MO17
3615,1.03903,11,DMNT,6.5,a,0,NA,1.55,0.52,MO17
3616,1.18993,11,DMNT,7,a,0,NA,1.55,0.52,MO17
3617,1.16827,11,DMNT,7.5,a,0,NA,1.55,0.52,MO17
3618,1.75784,11,DMNT,8,a,0,NA,1.55,0.52,MO17
3619,0.579533,11,DMNT,8.5,a,0,NA,1.55,0.52,MO17
3620,0.651836,11,DMNT,9,a,0,NA,1.55,0.52,MO17
3621,1.17884,11,DMNT,9.5,a,0,NA,1.55,0.52,MO17
3622,1e-08,11,DMNT,10,a,0,NA,1.55,0.52,MO17
3623,1.10435,11,DMNT,10.5,a,0,NA,1.55,0.52,MO17
3624,0.864128,11,DMNT,11,a,0,NA,1.55,0.52,MO17
3625,0.621334,11,DMNT,11.5,a,0,NA,1.55,0.52,MO17
3626,1.27567,11,DMNT,12,a,0,NA,1.55,0.52,MO17
3627,0.220651,11,DMNT,12.5,a,0,NA,1.55,0.52,MO17
3628,0.693976,11,DMNT,13,a,0,NA,1.55,0.52,MO17
3629,0.54366,11,DMNT,13.5,a,0,NA,1.55,0.52,MO17
3630,0.30784,11,DMNT,14,a,0,NA,1.55,0.52,MO17
3631,0.765194,11,DMNT,14.5,a,0,NA,1.55,0.52,MO17
3632,1e-08,11,DMNT,15,a,0,NA,1.55,0.52,MO17
3633,0.189025,11,DMNT,15.5,a,0,NA,1.55,0.52,MO17
3634,0.350175,11,DMNT,16,a,0,NA,1.55,0.52,MO17
3635,0.693911,11,DMNT,16.5,a,0,NA,1.55,0.52,MO17
3636,1e-08,11,DMNT,17,a,0,NA,1.55,0.52,MO17
3637,1.2665,11,DMNT,17.5,a,0,NA,1.55,0.52,MO17
3638,0.636493,11,DMNT,18,a,0,NA,1.55,0.52,MO17
3639,0.71201,11,DMNT,18.5,a,0,NA,1.55,0.52,MO17
3640,1e-08,11,DMNT,19,a,0,NA,1.55,0.52,MO17
3641,0.487766,11,DMNT,19.5,a,0,NA,1.55,0.52,MO17
3642,0.814886,11,DMNT,20,a,0,NA,1.55,0.52,MO17
3643,1.15473,11,DMNT,20.5,a,0,NA,1.55,0.52,MO17
3644,0.983473,11,DMNT,21,a,0,NA,1.55,0.52,MO17
3645,0.496933,11,DMNT,21.5,a,0,NA,1.55,0.52,MO17
3826,1.08696,20,DMNT,-0.5,a,0,NA,1.57,0.52,MO17
3827,0.777327,20,DMNT,0,a,0,NA,1.57,0.52,MO17
3828,0.881527,20,DMNT,0.5,a,0,NA,1.57,0.52,MO17
3829,1e-08,20,DMNT,1,a,0,NA,1.57,0.52,MO17
3830,0.482366,20,DMNT,1.5,a,0,NA,1.57,0.52,MO17
3831,0.174105,20,DMNT,2,a,0,NA,1.57,0.52,MO17
3832,1e-08,20,DMNT,2.5,a,0,NA,1.57,0.52,MO17
3833,1e-08,20,DMNT,3,a,0,NA,1.57,0.52,MO17
3834,1e-08,20,DMNT,3.5,a,0,NA,1.57,0.52,MO17
3835,0.269806,20,DMNT,4,a,0,NA,1.57,0.52,MO17
3836,0.272281,20,DMNT,4.5,a,0,NA,1.57,0.52,MO17
3837,1e-08,20,DMNT,5,a,0,NA,1.57,0.52,MO17
3838,1e-08,20,DMNT,5.5,a,0,NA,1.57,0.52,MO17
3839,1e-08,20,DMNT,6,a,0,NA,1.57,0.52,MO17
3840,1e-08,20,DMNT,6.5,a,0,NA,1.57,0.52,MO17
3841,1e-08,20,DMNT,7,a,0,NA,1.57,0.52,MO17
3842,1e-08,20,DMNT,7.5,a,0,NA,1.57,0.52,MO17
3843,0.208316,20,DMNT,8,a,0,NA,1.57,0.52,MO17
3844,0.807978,20,DMNT,8.5,a,0,NA,1.57,0.52,MO17
3845,1.14616,20,DMNT,9,a,0,NA,1.57,0.52,MO17
3846,0.577078,20,DMNT,9.5,a,0,NA,1.57,0.52,MO17
3847,0.160966,20,DMNT,10,a,0,NA,1.57,0.52,MO17
3848,1e-08,20,DMNT,10.5,a,0,NA,1.57,0.52,MO17
3849,0.756191,20,DMNT,11,a,0,NA,1.57,0.52,MO17
3850,0.615482,20,DMNT,11.5,a,0,NA,1.57,0.52,MO17
3851,0.161312,20,DMNT,12,a,0,NA,1.57,0.52,MO17
3852,1e-08,20,DMNT,12.5,a,0,NA,1.57,0.52,MO17
3853,1e-08,20,DMNT,13,a,0,NA,1.57,0.52,MO17
3854,1e-08,20,DMNT,13.5,a,0,NA,1.57,0.52,MO17
3855,0.459038,20,DMNT,14,a,0,NA,1.57,0.52,MO17
3856,0.438594,20,DMNT,14.5,a,0,NA,1.57,0.52,MO17
3857,0.0830579,20,DMNT,15,a,0,NA,1.57,0.52,MO17
3858,0.410091,20,DMNT,15.5,a,0,NA,1.57,0.52,MO17
3859,1.04558,20,DMNT,16,a,0,NA,1.57,0.52,MO17
3860,0.441919,20,DMNT,16.5,a,0,NA,1.57,0.52,MO17
3861,0.738178,20,DMNT,17,a,0,NA,1.57,0.52,MO17
3862,0.670211,20,DMNT,17.5,a,0,NA,1.57,0.52,MO17
3863,0.272365,20,DMNT,18,a,0,NA,1.57,0.52,MO17
3864,0.699491,20,DMNT,18.5,a,0,NA,1.57,0.52,MO17
3865,0.834251,20,DMNT,19,a,0,NA,1.57,0.52,MO17
3866,1e-08,20,DMNT,19.5,a,0,NA,1.57,0.52,MO17
3867,0.582872,20,DMNT,20,a,0,NA,1.57,0.52,MO17
3868,0.27333,20,DMNT,20.5,a,0,NA,1.57,0.52,MO17
3869,0.356002,20,DMNT,21,a,0,NA,1.57,0.52,MO17
3870,0.942796,20,DMNT,21.5,a,0,NA,1.57,0.52,MO17
4276,1.09588,26,DMNT,-0.5,MO17,6,11.5,1.76,0.59,MO17
4277,0.00290805,26,DMNT,0,MO17,6,11.5,1.76,0.59,MO17
4278,0.886925,26,DMNT,0.5,MO17,6,11.5,1.76,0.59,MO17
4279,0.452248,26,DMNT,1,MO17,6,11.5,1.76,0.59,MO17
4280,0.936735,26,DMNT,1.5,MO17,6,11.5,1.76,0.59,MO17
4281,5.4104,26,DMNT,2,MO17,6,11.5,1.76,0.59,MO17
4282,8.90506,26,DMNT,2.5,MO17,6,11.5,1.76,0.59,MO17
4283,6.60267,26,DMNT,3,MO17,6,11.5,1.76,0.59,MO17
4284,8.85406,26,DMNT,3.5,MO17,6,11.5,1.76,0.59,MO17
4285,1e-08,26,DMNT,4,MO17,6,11.5,1.76,0.59,MO17
4286,6.43813,26,DMNT,4.5,MO17,6,11.5,1.76,0.59,MO17
4287,1e-08,26,DMNT,5,MO17,6,11.5,1.76,0.59,MO17
4288,2.33757,26,DMNT,5.5,MO17,6,11.5,1.76,0.59,MO17
4289,5.4088,26,DMNT,6,MO17,6,11.5,1.76,0.59,MO17
4290,3.54894,26,DMNT,6.5,MO17,6,11.5,1.76,0.59,MO17
4291,3.34904,26,DMNT,7,MO17,6,11.5,1.76,0.59,MO17
4292,0.589596,26,DMNT,7.5,MO17,6,11.5,1.76,0.59,MO17
4293,1.33627,26,DMNT,8,MO17,6,11.5,1.76,0.59,MO17
4294,1e-08,26,DMNT,8.5,MO17,6,11.5,1.76,0.59,MO17
4295,1.10475,26,DMNT,9,MO17,6,11.5,1.76,0.59,MO17
4296,0.552905,26,DMNT,9.5,MO17,6,11.5,1.76,0.59,MO17
4297,1.07896,26,DMNT,10,MO17,6,11.5,1.76,0.59,MO17
4298,1e-08,26,DMNT,10.5,MO17,6,11.5,1.76,0.59,MO17
4299,1.01199,26,DMNT,11,MO17,6,11.5,1.76,0.59,MO17
4300,1.10772,26,DMNT,11.5,MO17,6,11.5,1.76,0.59,MO17
4301,1.15353,26,DMNT,12,MO17,6,11.5,1.76,0.59,MO17
4302,0.0218722,26,DMNT,12.5,MO17,6,11.5,1.76,0.59,MO17
4303,1e-08,26,DMNT,13,MO17,6,11.5,1.76,0.59,MO17
4304,0.744659,26,DMNT,13.5,MO17,6,11.5,1.76,0.59,MO17
4305,0.407104,26,DMNT,14,MO17,6,11.5,1.76,0.59,MO17
4306,0.321296,26,DMNT,14.5,MO17,6,11.5,1.76,0.59,MO17
4307,0.799077,26,DMNT,15,MO17,6,11.5,1.76,0.59,MO17
4308,0.724113,26,DMNT,15.5,MO17,6,11.5,1.76,0.59,MO17
4309,0.793885,26,DMNT,16,MO17,6,11.5,1.76,0.59,MO17
4310,0.521648,26,DMNT,16.5,MO17,6,11.5,1.76,0.59,MO17
4311,1e-08,26,DMNT,17,MO17,6,11.5,1.76,0.59,MO17
4312,1.16541,26,DMNT,17.5,MO17,6,11.5,1.76,0.59,MO17
4313,1e-08,26,DMNT,18,MO17,6,11.5,1.76,0.59,MO17
4314,0.914236,26,DMNT,18.5,MO17,6,11.5,1.76,0.59,MO17
4315,1e-08,26,DMNT,19,MO17,6,11.5,1.76,0.59,MO17
4316,0.506361,26,DMNT,19.5,MO17,6,11.5,1.76,0.59,MO17
4317,0.188559,26,DMNT,20,MO17,6,11.5,1.76,0.59,MO17
4318,0.546507,26,DMNT,20.5,MO17,6,11.5,1.76,0.59,MO17
4319,0.887744,26,DMNT,21,MO17,6,11.5,1.76,0.59,MO17
4320,0.574989,26,DMNT,21.5,MO17,6,11.5,1.76,0.59,MO17
4726,0.349918,38,DMNT,-0.5,a,0,NA,1.4,0.47,MO17
4727,1e-08,38,DMNT,0,a,0,NA,1.4,0.47,MO17
4728,0.826174,38,DMNT,0.5,a,0,NA,1.4,0.47,MO17
4729,0.923616,38,DMNT,1,a,0,NA,1.4,0.47,MO17
4730,1e-08,38,DMNT,1.5,a,0,NA,1.4,0.47,MO17
4731,0.884882,38,DMNT,2,a,0,NA,1.4,0.47,MO17
4732,0.393149,38,DMNT,2.5,a,0,NA,1.4,0.47,MO17
4733,1.54182,38,DMNT,3,a,0,NA,1.4,0.47,MO17
4734,0.0318336,38,DMNT,3.5,a,0,NA,1.4,0.47,MO17
4735,0.164186,38,DMNT,4,a,0,NA,1.4,0.47,MO17
4736,1.06333,38,DMNT,4.5,a,0,NA,1.4,0.47,MO17
4737,0.886719,38,DMNT,5,a,0,NA,1.4,0.47,MO17
4738,0.150723,38,DMNT,5.5,a,0,NA,1.4,0.47,MO17
4739,0.997833,38,DMNT,6,a,0,NA,1.4,0.47,MO17
4740,0.86149,38,DMNT,6.5,a,0,NA,1.4,0.47,MO17
4741,0.837896,38,DMNT,7,a,0,NA,1.4,0.47,MO17
4742,1.00259,38,DMNT,7.5,a,0,NA,1.4,0.47,MO17
4743,0.650507,38,DMNT,8,a,0,NA,1.4,0.47,MO17
4744,0.404457,38,DMNT,8.5,a,0,NA,1.4,0.47,MO17
4745,0.923574,38,DMNT,9,a,0,NA,1.4,0.47,MO17
4746,1.30557,38,DMNT,9.5,a,0,NA,1.4,0.47,MO17
4747,0.183768,38,DMNT,10,a,0,NA,1.4,0.47,MO17
4748,0.495667,38,DMNT,10.5,a,0,NA,1.4,0.47,MO17
4749,1e-08,38,DMNT,11,a,0,NA,1.4,0.47,MO17
4750,0.774039,38,DMNT,11.5,a,0,NA,1.4,0.47,MO17
4751,0.707093,38,DMNT,12,a,0,NA,1.4,0.47,MO17
4752,0.469659,38,DMNT,12.5,a,0,NA,1.4,0.47,MO17
4753,0.480333,38,DMNT,13,a,0,NA,1.4,0.47,MO17
4754,0.60385,38,DMNT,13.5,a,0,NA,1.4,0.47,MO17
4755,0.949725,38,DMNT,14,a,0,NA,1.4,0.47,MO17
4756,0.688652,38,DMNT,14.5,a,0,NA,1.4,0.47,MO17
4757,0.801246,38,DMNT,15,a,0,NA,1.4,0.47,MO17
4758,0.99431,38,DMNT,15.5,a,0,NA,1.4,0.47,MO17
4759,0.0131111,38,DMNT,16,a,0,NA,1.4,0.47,MO17
4760,0.335533,38,DMNT,16.5,a,0,NA,1.4,0.47,MO17
4761,1e-08,38,DMNT,17,a,0,NA,1.4,0.47,MO17
4762,1e-08,38,DMNT,17.5,a,0,NA,1.4,0.47,MO17
4763,0.562016,38,DMNT,18,a,0,NA,1.4,0.47,MO17
4764,0.550164,38,DMNT,18.5,a,0,NA,1.4,0.47,MO17
4765,0.926721,38,DMNT,19,a,0,NA,1.4,0.47,MO17
4766,1e-08,38,DMNT,19.5,a,0,NA,1.4,0.47,MO17
4767,0.471353,38,DMNT,20,a,0,NA,1.4,0.47,MO17
4768,0.461509,38,DMNT,20.5,a,0,NA,1.4,0.47,MO17
4769,0.431388,38,DMNT,21,a,0,NA,1.4,0.47,MO17
4770,0.745135,38,DMNT,21.5,a,0,NA,1.4,0.47,MO17
5401,1e-08,49,DMNT,-0.5,MO17,6,11.5,1.69,0.54,MO17
5402,1e-08,49,DMNT,0,MO17,6,11.5,1.69,0.54,MO17
5403,0.37472,49,DMNT,0.5,MO17,6,11.5,1.69,0.54,MO17
5404,1e-08,49,DMNT,1,MO17,6,11.5,1.69,0.54,MO17
5405,0.0167028,49,DMNT,1.5,MO17,6,11.5,1.69,0.54,MO17
5406,5.01729,49,DMNT,2,MO17,6,11.5,1.69,0.54,MO17
5407,7.79381,49,DMNT,2.5,MO17,6,11.5,1.69,0.54,MO17
5408,7.91608,49,DMNT,3,MO17,6,11.5,1.69,0.54,MO17
5409,7.48792,49,DMNT,3.5,MO17,6,11.5,1.69,0.54,MO17
5410,7.60156,49,DMNT,4,MO17,6,11.5,1.69,0.54,MO17
5411,1e-08,49,DMNT,4.5,MO17,6,11.5,1.69,0.54,MO17
5412,1e-08,49,DMNT,5,MO17,6,11.5,1.69,0.54,MO17
5413,3.01069,49,DMNT,5.5,MO17,6,11.5,1.69,0.54,MO17
5414,4.05919,49,DMNT,6,MO17,6,11.5,1.69,0.54,MO17
5415,4.0189,49,DMNT,6.5,MO17,6,11.5,1.69,0.54,MO17
5416,3.47084,49,DMNT,7,MO17,6,11.5,1.69,0.54,MO17
5417,1.05127,49,DMNT,7.5,MO17,6,11.5,1.69,0.54,MO17
5418,1e-08,49,DMNT,8,MO17,6,11.5,1.69,0.54,MO17
5419,1e-08,49,DMNT,8.5,MO17,6,11.5,1.69,0.54,MO17
5420,0.683127,49,DMNT,9,MO17,6,11.5,1.69,0.54,MO17
5421,1e-08,49,DMNT,9.5,MO17,6,11.5,1.69,0.54,MO17
5422,2.20279,49,DMNT,10,MO17,6,11.5,1.69,0.54,MO17
5423,0.922672,49,DMNT,10.5,MO17,6,11.5,1.69,0.54,MO17
5424,1.8285,49,DMNT,11,MO17,6,11.5,1.69,0.54,MO17
5425,1.01732,49,DMNT,11.5,MO17,6,11.5,1.69,0.54,MO17
5426,1e-08,49,DMNT,12,MO17,6,11.5,1.69,0.54,MO17
5427,0.285238,49,DMNT,12.5,MO17,6,11.5,1.69,0.54,MO17
5428,1e-08,49,DMNT,13,MO17,6,11.5,1.69,0.54,MO17
5429,1e-08,49,DMNT,13.5,MO17,6,11.5,1.69,0.54,MO17
5430,1.04702,49,DMNT,14,MO17,6,11.5,1.69,0.54,MO17
5431,0.862018,49,DMNT,14.5,MO17,6,11.5,1.69,0.54,MO17
5432,0.141025,49,DMNT,15,MO17,6,11.5,1.69,0.54,MO17
5433,0.629159,49,DMNT,15.5,MO17,6,11.5,1.69,0.54,MO17
5434,1e-08,49,DMNT,16,MO17,6,11.5,1.69,0.54,MO17
5435,1e-08,49,DMNT,16.5,MO17,6,11.5,1.69,0.54,MO17
5436,0.761461,49,DMNT,17,MO17,6,11.5,1.69,0.54,MO17
5437,0.404729,49,DMNT,17.5,MO17,6,11.5,1.69,0.54,MO17
5438,0.416469,49,DMNT,18,MO17,6,11.5,1.69,0.54,MO17
5439,1e-08,49,DMNT,18.5,MO17,6,11.5,1.69,0.54,MO17
5440,0.512694,49,DMNT,19,MO17,6,11.5,1.69,0.54,MO17
5441,1.27364,49,DMNT,19.5,MO17,6,11.5,1.69,0.54,MO17
5442,1e-08,49,DMNT,20,MO17,6,11.5,1.69,0.54,MO17
5443,0.344562,49,DMNT,20.5,MO17,6,11.5,1.69,0.54,MO17
5444,0.833226,49,DMNT,21,MO17,6,11.5,1.69,0.54,MO17
5445,0.910422,49,DMNT,21.5,MO17,6,11.5,1.69,0.54,MO17
5626,1.67445,53,DMNT,-0.5,MO17,6,11.5,2.07,0.63,MO17
5627,0.550431,53,DMNT,0,MO17,6,11.5,2.07,0.63,MO17
5628,0.608485,53,DMNT,0.5,MO17,6,11.5,2.07,0.63,MO17
5629,0.668443,53,DMNT,1,MO17,6,11.5,2.07,0.63,MO17
5630,2.97524,53,DMNT,1.5,MO17,6,11.5,2.07,0.63,MO17
5631,6.00207,53,DMNT,2,MO17,6,11.5,2.07,0.63,MO17
5632,10.0093,53,DMNT,2.5,MO17,6,11.5,2.07,0.63,MO17
5633,8.65573,53,DMNT,3,MO17,6,11.5,2.07,0.63,MO17
5634,8.25012,53,DMNT,3.5,MO17,6,11.5,2.07,0.63,MO17
5635,7.13628,53,DMNT,4,MO17,6,11.5,2.07,0.63,MO17
5636,5.73767,53,DMNT,4.5,MO17,6,11.5,2.07,0.63,MO17
5637,5.41034,53,DMNT,5,MO17,6,11.5,2.07,0.63,MO17
5638,3.64789,53,DMNT,5.5,MO17,6,11.5,2.07,0.63,MO17
5639,3.34213,53,DMNT,6,MO17,6,11.5,2.07,0.63,MO17
5640,4.76379,53,DMNT,6.5,MO17,6,11.5,2.07,0.63,MO17
5641,2.60238,53,DMNT,7,MO17,6,11.5,2.07,0.63,MO17
5642,3.29457,53,DMNT,7.5,MO17,6,11.5,2.07,0.63,MO17
5643,1.40951,53,DMNT,8,MO17,6,11.5,2.07,0.63,MO17
5644,1.51963,53,DMNT,8.5,MO17,6,11.5,2.07,0.63,MO17
5645,1.80456,53,DMNT,9,MO17,6,11.5,2.07,0.63,MO17
5646,0.592162,53,DMNT,9.5,MO17,6,11.5,2.07,0.63,MO17
5647,0.801755,53,DMNT,10,MO17,6,11.5,2.07,0.63,MO17
5648,1.82041,53,DMNT,10.5,MO17,6,11.5,2.07,0.63,MO17
5649,0.912844,53,DMNT,11,MO17,6,11.5,2.07,0.63,MO17
5650,1e-08,53,DMNT,11.5,MO17,6,11.5,2.07,0.63,MO17
5651,1.0189,53,DMNT,12,MO17,6,11.5,2.07,0.63,MO17
5652,0.114594,53,DMNT,12.5,MO17,6,11.5,2.07,0.63,MO17
5653,0.665155,53,DMNT,13,MO17,6,11.5,2.07,0.63,MO17
5654,0.157229,53,DMNT,13.5,MO17,6,11.5,2.07,0.63,MO17
5655,0.609918,53,DMNT,14,MO17,6,11.5,2.07,0.63,MO17
5656,0.263429,53,DMNT,14.5,MO17,6,11.5,2.07,0.63,MO17
5657,0.944488,53,DMNT,15,MO17,6,11.5,2.07,0.63,MO17
5658,0.363305,53,DMNT,15.5,MO17,6,11.5,2.07,0.63,MO17
5659,1e-08,53,DMNT,16,MO17,6,11.5,2.07,0.63,MO17
5660,0.0776484,53,DMNT,16.5,MO17,6,11.5,2.07,0.63,MO17
5661,0.110067,53,DMNT,17,MO17,6,11.5,2.07,0.63,MO17
5662,0.716919,53,DMNT,17.5,MO17,6,11.5,2.07,0.63,MO17
5663,0.506635,53,DMNT,18,MO17,6,11.5,2.07,0.63,MO17
5664,0.525167,53,DMNT,18.5,MO17,6,11.5,2.07,0.63,MO17
5665,0.960908,53,DMNT,19,MO17,6,11.5,2.07,0.63,MO17
5666,0.519343,53,DMNT,19.5,MO17,6,11.5,2.07,0.63,MO17
5667,0.298459,53,DMNT,20,MO17,6,11.5,2.07,0.63,MO17
5668,0.821896,53,DMNT,20.5,MO17,6,11.5,2.07,0.63,MO17
5669,0.641515,53,DMNT,21,MO17,6,11.5,2.07,0.63,MO17
5670,1e-08,53,DMNT,21.5,MO17,6,11.5,2.07,0.63,MO17
5851,1e-08,60,DMNT,-0.5,a,0,NA,1.54,0.49,MO17
5852,1.07922,60,DMNT,0,a,0,NA,1.54,0.49,MO17
5853,1e-08,60,DMNT,0.5,a,0,NA,1.54,0.49,MO17
5854,1.24247,60,DMNT,1,a,0,NA,1.54,0.49,MO17
5855,1.26542,60,DMNT,1.5,a,0,NA,1.54,0.49,MO17
5856,0.770643,60,DMNT,2,a,0,NA,1.54,0.49,MO17
5857,0.701667,60,DMNT,2.5,a,0,NA,1.54,0.49,MO17
5858,0.183305,60,DMNT,3,a,0,NA,1.54,0.49,MO17
5859,0.702578,60,DMNT,3.5,a,0,NA,1.54,0.49,MO17
5860,0.538139,60,DMNT,4,a,0,NA,1.54,0.49,MO17
5861,1.52533,60,DMNT,4.5,a,0,NA,1.54,0.49,MO17
5862,0.638608,60,DMNT,5,a,0,NA,1.54,0.49,MO17
5863,1.10522,60,DMNT,5.5,a,0,NA,1.54,0.49,MO17
5864,0.3954,60,DMNT,6,a,0,NA,1.54,0.49,MO17
5865,0.956536,60,DMNT,6.5,a,0,NA,1.54,0.49,MO17
5866,1.00071,60,DMNT,7,a,0,NA,1.54,0.49,MO17
5867,0.909369,60,DMNT,7.5,a,0,NA,1.54,0.49,MO17
5868,0.873826,60,DMNT,8,a,0,NA,1.54,0.49,MO17
5869,1.23079,60,DMNT,8.5,a,0,NA,1.54,0.49,MO17
5870,0.395851,60,DMNT,9,a,0,NA,1.54,0.49,MO17
5871,0.865192,60,DMNT,9.5,a,0,NA,1.54,0.49,MO17
5872,0.107244,60,DMNT,10,a,0,NA,1.54,0.49,MO17
5873,1e-08,60,DMNT,10.5,a,0,NA,1.54,0.49,MO17
5874,0.600928,60,DMNT,11,a,0,NA,1.54,0.49,MO17
5875,0.618428,60,DMNT,11.5,a,0,NA,1.54,0.49,MO17
5876,1e-08,60,DMNT,12,a,0,NA,1.54,0.49,MO17
5877,0.407039,60,DMNT,12.5,a,0,NA,1.54,0.49,MO17
5878,0.522122,60,DMNT,13,a,0,NA,1.54,0.49,MO17
5879,1.10242,60,DMNT,13.5,a,0,NA,1.54,0.49,MO17
5880,0.381938,60,DMNT,14,a,0,NA,1.54,0.49,MO17
5881,0.956019,60,DMNT,14.5,a,0,NA,1.54,0.49,MO17
5882,0.918113,60,DMNT,15,a,0,NA,1.54,0.49,MO17
5883,0.630656,60,DMNT,15.5,a,0,NA,1.54,0.49,MO17
5884,1.01636,60,DMNT,16,a,0,NA,1.54,0.49,MO17
5885,1e-08,60,DMNT,16.5,a,0,NA,1.54,0.49,MO17
5886,0.738902,60,DMNT,17,a,0,NA,1.54,0.49,MO17
5887,1e-08,60,DMNT,17.5,a,0,NA,1.54,0.49,MO17
5888,1.353,60,DMNT,18,a,0,NA,1.54,0.49,MO17
5889,0.566049,60,DMNT,18.5,a,0,NA,1.54,0.49,MO17
5890,0.761762,60,DMNT,19,a,0,NA,1.54,0.49,MO17
5891,0.865345,60,DMNT,19.5,a,0,NA,1.54,0.49,MO17
5892,0.157267,60,DMNT,20,a,0,NA,1.54,0.49,MO17
5893,0.105422,60,DMNT,20.5,a,0,NA,1.54,0.49,MO17
5894,0.73228,60,DMNT,21,a,0,NA,1.54,0.49,MO17
5895,0.953758,60,DMNT,21.5,a,0,NA,1.54,0.49,MO17
6751,0.796442,91,DMNT,-0.5,MO17,6,11.5,1.41,0.49,MO17
6752,0.564905,91,DMNT,0,MO17,6,11.5,1.41,0.49,MO17
6753,0.896031,91,DMNT,0.5,MO17,6,11.5,1.41,0.49,MO17
6754,1e-08,91,DMNT,1,MO17,6,11.5,1.41,0.49,MO17
6755,1.46452,91,DMNT,1.5,MO17,6,11.5,1.41,0.49,MO17
6756,3.83179,91,DMNT,2,MO17,6,11.5,1.41,0.49,MO17
6757,8.19086,91,DMNT,2.5,MO17,6,11.5,1.41,0.49,MO17
6758,11.6946,91,DMNT,3,MO17,6,11.5,1.41,0.49,MO17
6759,12.3893,91,DMNT,3.5,MO17,6,11.5,1.41,0.49,MO17
6760,9.22074,91,DMNT,4,MO17,6,11.5,1.41,0.49,MO17
6761,7.95509,91,DMNT,4.5,MO17,6,11.5,1.41,0.49,MO17
6762,1e-08,91,DMNT,5,MO17,6,11.5,1.41,0.49,MO17
6763,1.13622,91,DMNT,5.5,MO17,6,11.5,1.41,0.49,MO17
6764,5.31647,91,DMNT,6,MO17,6,11.5,1.41,0.49,MO17
6765,5.82092,91,DMNT,6.5,MO17,6,11.5,1.41,0.49,MO17
6766,3.82581,91,DMNT,7,MO17,6,11.5,1.41,0.49,MO17
6767,5.31948,91,DMNT,7.5,MO17,6,11.5,1.41,0.49,MO17
6768,4.5253,91,DMNT,8,MO17,6,11.5,1.41,0.49,MO17
6769,1.79388,91,DMNT,8.5,MO17,6,11.5,1.41,0.49,MO17
6770,2.75899,91,DMNT,9,MO17,6,11.5,1.41,0.49,MO17
6771,1e-08,91,DMNT,9.5,MO17,6,11.5,1.41,0.49,MO17
6772,1e-08,91,DMNT,10,MO17,6,11.5,1.41,0.49,MO17
6773,0.21075,91,DMNT,10.5,MO17,6,11.5,1.41,0.49,MO17
6774,0.58455,91,DMNT,11,MO17,6,11.5,1.41,0.49,MO17
6775,1e-08,91,DMNT,11.5,MO17,6,11.5,1.41,0.49,MO17
6776,0.802188,91,DMNT,12,MO17,6,11.5,1.41,0.49,MO17
6777,1.18244,91,DMNT,12.5,MO17,6,11.5,1.41,0.49,MO17
6778,1.27993,91,DMNT,13,MO17,6,11.5,1.41,0.49,MO17
6779,0.366297,91,DMNT,13.5,MO17,6,11.5,1.41,0.49,MO17
6780,0.860171,91,DMNT,14,MO17,6,11.5,1.41,0.49,MO17
6781,0.382003,91,DMNT,14.5,MO17,6,11.5,1.41,0.49,MO17
6782,0.481952,91,DMNT,15,MO17,6,11.5,1.41,0.49,MO17
6783,1.09841,91,DMNT,15.5,MO17,6,11.5,1.41,0.49,MO17
6784,0.722494,91,DMNT,16,MO17,6,11.5,1.41,0.49,MO17
6785,0.300874,91,DMNT,16.5,MO17,6,11.5,1.41,0.49,MO17
6786,1e-08,91,DMNT,17,MO17,6,11.5,1.41,0.49,MO17
6787,0.506614,91,DMNT,17.5,MO17,6,11.5,1.41,0.49,MO17
6788,0.248409,91,DMNT,18,MO17,6,11.5,1.41,0.49,MO17
6789,1.00869,91,DMNT,18.5,MO17,6,11.5,1.41,0.49,MO17
6790,0.141147,91,DMNT,19,MO17,6,11.5,1.41,0.49,MO17
6791,0.363358,91,DMNT,19.5,MO17,6,11.5,1.41,0.49,MO17
6792,0.239252,91,DMNT,20,MO17,6,11.5,1.41,0.49,MO17
6793,1.11902,91,DMNT,20.5,MO17,6,11.5,1.41,0.49,MO17
6794,0.961861,91,DMNT,21,MO17,6,11.5,1.41,0.49,MO17
6795,1.06976,91,DMNT,21.5,MO17,6,11.5,1.41,0.49,MO17
7426,0.348356,18,DMNT,-0.5,a,0,NA,1.78,0.44,NC3000
7427,0.499572,18,DMNT,0,a,0,NA,1.78,0.44,NC3000
7428,0.802909,18,DMNT,0.5,a,0,NA,1.78,0.44,NC3000
7429,0.639934,18,DMNT,1,a,0,NA,1.78,0.44,NC3000
7430,1e-08,18,DMNT,1.5,a,0,NA,1.78,0.44,NC3000
7431,1.14434,18,DMNT,2,a,0,NA,1.78,0.44,NC3000
7432,0.0849673,18,DMNT,2.5,a,0,NA,1.78,0.44,NC3000
7433,0.523872,18,DMNT,3,a,0,NA,1.78,0.44,NC3000
7434,1e-08,18,DMNT,3.5,a,0,NA,1.78,0.44,NC3000
7435,1.04312,18,DMNT,4,a,0,NA,1.78,0.44,NC3000
7436,1.41858,18,DMNT,4.5,a,0,NA,1.78,0.44,NC3000
7437,0.227966,18,DMNT,5,a,0,NA,1.78,0.44,NC3000
7438,1e-08,18,DMNT,5.5,a,0,NA,1.78,0.44,NC3000
7439,1e-08,18,DMNT,6,a,0,NA,1.78,0.44,NC3000
7440,1e-08,18,DMNT,6.5,a,0,NA,1.78,0.44,NC3000
7441,0.474069,18,DMNT,7,a,0,NA,1.78,0.44,NC3000
7442,0.701521,18,DMNT,7.5,a,0,NA,1.78,0.44,NC3000
7443,1e-08,18,DMNT,8,a,0,NA,1.78,0.44,NC3000
7444,1e-08,18,DMNT,8.5,a,0,NA,1.78,0.44,NC3000
7445,0.539208,18,DMNT,9,a,0,NA,1.78,0.44,NC3000
7446,0.573515,18,DMNT,9.5,a,0,NA,1.78,0.44,NC3000
7447,0.485873,18,DMNT,10,a,0,NA,1.78,0.44,NC3000
7448,1e-08,18,DMNT,10.5,a,0,NA,1.78,0.44,NC3000
7449,0.636445,18,DMNT,11,a,0,NA,1.78,0.44,NC3000
7450,1e-08,18,DMNT,11.5,a,0,NA,1.78,0.44,NC3000
7451,0.546444,18,DMNT,12,a,0,NA,1.78,0.44,NC3000
7452,0.447202,18,DMNT,12.5,a,0,NA,1.78,0.44,NC3000
7453,0.36461,18,DMNT,13,a,0,NA,1.78,0.44,NC3000
7454,1e-08,18,DMNT,13.5,a,0,NA,1.78,0.44,NC3000
7455,0.782547,18,DMNT,14,a,0,NA,1.78,0.44,NC3000
7456,0.411087,18,DMNT,14.5,a,0,NA,1.78,0.44,NC3000
7457,1e-08,18,DMNT,15,a,0,NA,1.78,0.44,NC3000
7458,1e-08,18,DMNT,15.5,a,0,NA,1.78,0.44,NC3000
7459,0.162978,18,DMNT,16,a,0,NA,1.78,0.44,NC3000
7460,1.04591,18,DMNT,16.5,a,0,NA,1.78,0.44,NC3000
7461,1e-08,18,DMNT,17,a,0,NA,1.78,0.44,NC3000
7462,0.355888,18,DMNT,17.5,a,0,NA,1.78,0.44,NC3000
7463,0.645885,18,DMNT,18,a,0,NA,1.78,0.44,NC3000
7464,0.3708,18,DMNT,18.5,a,0,NA,1.78,0.44,NC3000
7465,1e-08,18,DMNT,19,a,0,NA,1.78,0.44,NC3000
7466,1.09668,18,DMNT,19.5,a,0,NA,1.78,0.44,NC3000
7467,1e-08,18,DMNT,20,a,0,NA,1.78,0.44,NC3000
7468,0.104835,18,DMNT,20.5,a,0,NA,1.78,0.44,NC3000
7469,0.13488,18,DMNT,21,a,0,NA,1.78,0.44,NC3000
7470,1e-08,18,DMNT,21.5,a,0,NA,1.78,0.44,NC3000
7876,1.63051,23,DMNT,-0.5,NC3000,6,11.5,1.96,0.47,NC3000
7877,1.0109,23,DMNT,0,NC3000,6,11.5,1.96,0.47,NC3000
7878,1.34616,23,DMNT,0.5,NC3000,6,11.5,1.96,0.47,NC3000
7879,1.54499,23,DMNT,1,NC3000,6,11.5,1.96,0.47,NC3000
7880,8.11001,23,DMNT,1.5,NC3000,6,11.5,1.96,0.47,NC3000
7881,23.03,23,DMNT,2,NC3000,6,11.5,1.96,0.47,NC3000
7882,30.6138,23,DMNT,2.5,NC3000,6,11.5,1.96,0.47,NC3000
7883,30.6283,23,DMNT,3,NC3000,6,11.5,1.96,0.47,NC3000
7884,30.3271,23,DMNT,3.5,NC3000,6,11.5,1.96,0.47,NC3000
7885,28.3848,23,DMNT,4,NC3000,6,11.5,1.96,0.47,NC3000
7886,25.4963,23,DMNT,4.5,NC3000,6,11.5,1.96,0.47,NC3000
7887,19.8763,23,DMNT,5,NC3000,6,11.5,1.96,0.47,NC3000
7888,19.1884,23,DMNT,5.5,NC3000,6,11.5,1.96,0.47,NC3000
7889,15.0668,23,DMNT,6,NC3000,6,11.5,1.96,0.47,NC3000
7890,12.6939,23,DMNT,6.5,NC3000,6,11.5,1.96,0.47,NC3000
7891,13.3931,23,DMNT,7,NC3000,6,11.5,1.96,0.47,NC3000
7892,10.6199,23,DMNT,7.5,NC3000,6,11.5,1.96,0.47,NC3000
7893,8.52791,23,DMNT,8,NC3000,6,11.5,1.96,0.47,NC3000
7894,6.58044,23,DMNT,8.5,NC3000,6,11.5,1.96,0.47,NC3000
7895,6.46073,23,DMNT,9,NC3000,6,11.5,1.96,0.47,NC3000
7896,6.37257,23,DMNT,9.5,NC3000,6,11.5,1.96,0.47,NC3000
7897,5.41095,23,DMNT,10,NC3000,6,11.5,1.96,0.47,NC3000
7898,2.33879,23,DMNT,10.5,NC3000,6,11.5,1.96,0.47,NC3000
7899,2.17284,23,DMNT,11,NC3000,6,11.5,1.96,0.47,NC3000
7900,1.88127,23,DMNT,11.5,NC3000,6,11.5,1.96,0.47,NC3000
7901,2.34533,23,DMNT,12,NC3000,6,11.5,1.96,0.47,NC3000
7902,1.97383,23,DMNT,12.5,NC3000,6,11.5,1.96,0.47,NC3000
7903,1.70974,23,DMNT,13,NC3000,6,11.5,1.96,0.47,NC3000
7904,1.0713,23,DMNT,13.5,NC3000,6,11.5,1.96,0.47,NC3000
7905,0.916706,23,DMNT,14,NC3000,6,11.5,1.96,0.47,NC3000
7906,1.41145,23,DMNT,14.5,NC3000,6,11.5,1.96,0.47,NC3000
7907,1.33608,23,DMNT,15,NC3000,6,11.5,1.96,0.47,NC3000
7908,1.35978,23,DMNT,15.5,NC3000,6,11.5,1.96,0.47,NC3000
7909,1.08967,23,DMNT,16,NC3000,6,11.5,1.96,0.47,NC3000
7910,1.02223,23,DMNT,16.5,NC3000,6,11.5,1.96,0.47,NC3000
7911,0.892037,23,DMNT,17,NC3000,6,11.5,1.96,0.47,NC3000
7912,1.11986,23,DMNT,17.5,NC3000,6,11.5,1.96,0.47,NC3000
7913,1.05684,23,DMNT,18,NC3000,6,11.5,1.96,0.47,NC3000
7914,1.61683,23,DMNT,18.5,NC3000,6,11.5,1.96,0.47,NC3000
7915,0.270921,23,DMNT,19,NC3000,6,11.5,1.96,0.47,NC3000
7916,0.481099,23,DMNT,19.5,NC3000,6,11.5,1.96,0.47,NC3000
7917,1.32702,23,DMNT,20,NC3000,6,11.5,1.96,0.47,NC3000
7918,0.807673,23,DMNT,20.5,NC3000,6,11.5,1.96,0.47,NC3000
7919,1.22726,23,DMNT,21,NC3000,6,11.5,1.96,0.47,NC3000
7920,1.14828,23,DMNT,21.5,NC3000,6,11.5,1.96,0.47,NC3000
8101,1e-08,30,DMNT,-0.5,a,0,NA,1.81,0.5,NC3000
8102,0.721217,30,DMNT,0,a,0,NA,1.81,0.5,NC3000
8103,0.727816,30,DMNT,0.5,a,0,NA,1.81,0.5,NC3000
8104,0.767934,30,DMNT,1,a,0,NA,1.81,0.5,NC3000
8105,1.11892,30,DMNT,1.5,a,0,NA,1.81,0.5,NC3000
8106,1e-08,30,DMNT,2,a,0,NA,1.81,0.5,NC3000
8107,0.989813,30,DMNT,2.5,a,0,NA,1.81,0.5,NC3000
8108,1e-08,30,DMNT,3,a,0,NA,1.81,0.5,NC3000
8109,1e-08,30,DMNT,3.5,a,0,NA,1.81,0.5,NC3000
8110,0.649243,30,DMNT,4,a,0,NA,1.81,0.5,NC3000
8111,1.44992,30,DMNT,4.5,a,0,NA,1.81,0.5,NC3000
8112,0.167595,30,DMNT,5,a,0,NA,1.81,0.5,NC3000
8113,1e-08,30,DMNT,5.5,a,0,NA,1.81,0.5,NC3000
8114,1e-08,30,DMNT,6,a,0,NA,1.81,0.5,NC3000
8115,1e-08,30,DMNT,6.5,a,0,NA,1.81,0.5,NC3000
8116,1e-08,30,DMNT,7,a,0,NA,1.81,0.5,NC3000
8117,0.608279,30,DMNT,7.5,a,0,NA,1.81,0.5,NC3000
8118,0.843341,30,DMNT,8,a,0,NA,1.81,0.5,NC3000
8119,1e-08,30,DMNT,8.5,a,0,NA,1.81,0.5,NC3000
8120,0.309631,30,DMNT,9,a,0,NA,1.81,0.5,NC3000
8121,0.76191,30,DMNT,9.5,a,0,NA,1.81,0.5,NC3000
8122,1e-08,30,DMNT,10,a,0,NA,1.81,0.5,NC3000
8123,0.502176,30,DMNT,10.5,a,0,NA,1.81,0.5,NC3000
8124,0.864181,30,DMNT,11,a,0,NA,1.81,0.5,NC3000
8125,0.673829,30,DMNT,11.5,a,0,NA,1.81,0.5,NC3000
8126,0.504094,30,DMNT,12,a,0,NA,1.81,0.5,NC3000
8127,0.164627,30,DMNT,12.5,a,0,NA,1.81,0.5,NC3000
8128,1e-08,30,DMNT,13,a,0,NA,1.81,0.5,NC3000
8129,0.272474,30,DMNT,13.5,a,0,NA,1.81,0.5,NC3000
8130,1e-08,30,DMNT,14,a,0,NA,1.81,0.5,NC3000
8131,1.08191,30,DMNT,14.5,a,0,NA,1.81,0.5,NC3000
8132,1e-08,30,DMNT,15,a,0,NA,1.81,0.5,NC3000
8133,0.636278,30,DMNT,15.5,a,0,NA,1.81,0.5,NC3000
8134,1e-08,30,DMNT,16,a,0,NA,1.81,0.5,NC3000
8135,0.288079,30,DMNT,16.5,a,0,NA,1.81,0.5,NC3000
8136,0.2161,30,DMNT,17,a,0,NA,1.81,0.5,NC3000
8137,1.11484,30,DMNT,17.5,a,0,NA,1.81,0.5,NC3000
8138,0.491162,30,DMNT,18,a,0,NA,1.81,0.5,NC3000
8139,1e-08,30,DMNT,18.5,a,0,NA,1.81,0.5,NC3000
8140,0.641517,30,DMNT,19,a,0,NA,1.81,0.5,NC3000
8141,0.377435,30,DMNT,19.5,a,0,NA,1.81,0.5,NC3000
8142,0.34121,30,DMNT,20,a,0,NA,1.81,0.5,NC3000
8143,1e-08,30,DMNT,20.5,a,0,NA,1.81,0.5,NC3000
8144,0.469754,30,DMNT,21,a,0,NA,1.81,0.5,NC3000
8145,0.811144,30,DMNT,21.5,a,0,NA,1.81,0.5,NC3000
8326,1.50817,32,DMNT,-0.5,NC3000,6,11.5,1.84,0.52,NC3000
8327,1.05331,32,DMNT,0,NC3000,6,11.5,1.84,0.52,NC3000
8328,1.53725,32,DMNT,0.5,NC3000,6,11.5,1.84,0.52,NC3000
8329,1.0541,32,DMNT,1,NC3000,6,11.5,1.84,0.52,NC3000
8330,6.9648,32,DMNT,1.5,NC3000,6,11.5,1.84,0.52,NC3000
8331,20.6234,32,DMNT,2,NC3000,6,11.5,1.84,0.52,NC3000
8332,24.5689,32,DMNT,2.5,NC3000,6,11.5,1.84,0.52,NC3000
8333,18.5059,32,DMNT,3,NC3000,6,11.5,1.84,0.52,NC3000
8334,27.2715,32,DMNT,3.5,NC3000,6,11.5,1.84,0.52,NC3000
8335,23.0349,32,DMNT,4,NC3000,6,11.5,1.84,0.52,NC3000
8336,23.5057,32,DMNT,4.5,NC3000,6,11.5,1.84,0.52,NC3000
8337,16.4676,32,DMNT,5,NC3000,6,11.5,1.84,0.52,NC3000
8338,16.7766,32,DMNT,5.5,NC3000,6,11.5,1.84,0.52,NC3000
8339,12.9423,32,DMNT,6,NC3000,6,11.5,1.84,0.52,NC3000
8340,9.61885,32,DMNT,6.5,NC3000,6,11.5,1.84,0.52,NC3000
8341,12.6262,32,DMNT,7,NC3000,6,11.5,1.84,0.52,NC3000
8342,6.29142,32,DMNT,7.5,NC3000,6,11.5,1.84,0.52,NC3000
8343,4.16038,32,DMNT,8,NC3000,6,11.5,1.84,0.52,NC3000
8344,7.75858,32,DMNT,8.5,NC3000,6,11.5,1.84,0.52,NC3000
8345,4.82296,32,DMNT,9,NC3000,6,11.5,1.84,0.52,NC3000
8346,3.70733,32,DMNT,9.5,NC3000,6,11.5,1.84,0.52,NC3000
8347,4.92136,32,DMNT,10,NC3000,6,11.5,1.84,0.52,NC3000
8348,2.54568,32,DMNT,10.5,NC3000,6,11.5,1.84,0.52,NC3000
8349,2.34722,32,DMNT,11,NC3000,6,11.5,1.84,0.52,NC3000
8350,1.6283,32,DMNT,11.5,NC3000,6,11.5,1.84,0.52,NC3000
8351,1.97726,32,DMNT,12,NC3000,6,11.5,1.84,0.52,NC3000
8352,0.624445,32,DMNT,12.5,NC3000,6,11.5,1.84,0.52,NC3000
8353,1.6868,32,DMNT,13,NC3000,6,11.5,1.84,0.52,NC3000
8354,0.127735,32,DMNT,13.5,NC3000,6,11.5,1.84,0.52,NC3000
8355,0.93691,32,DMNT,14,NC3000,6,11.5,1.84,0.52,NC3000
8356,0.0168666,32,DMNT,14.5,NC3000,6,11.5,1.84,0.52,NC3000
8357,1.14502,32,DMNT,15,NC3000,6,11.5,1.84,0.52,NC3000
8358,0.871146,32,DMNT,15.5,NC3000,6,11.5,1.84,0.52,NC3000
8359,0.835407,32,DMNT,16,NC3000,6,11.5,1.84,0.52,NC3000
8360,0.000857115,32,DMNT,16.5,NC3000,6,11.5,1.84,0.52,NC3000
8361,1.38736,32,DMNT,17,NC3000,6,11.5,1.84,0.52,NC3000
8362,1.84366,32,DMNT,17.5,NC3000,6,11.5,1.84,0.52,NC3000
8363,1.19408,32,DMNT,18,NC3000,6,11.5,1.84,0.52,NC3000
8364,1.10251,32,DMNT,18.5,NC3000,6,11.5,1.84,0.52,NC3000
8365,0.909765,32,DMNT,19,NC3000,6,11.5,1.84,0.52,NC3000
8366,1.31692,32,DMNT,19.5,NC3000,6,11.5,1.84,0.52,NC3000
8367,0.940344,32,DMNT,20,NC3000,6,11.5,1.84,0.52,NC3000
8368,0.756485,32,DMNT,20.5,NC3000,6,11.5,1.84,0.52,NC3000
8369,1.54093,32,DMNT,21,NC3000,6,11.5,1.84,0.52,NC3000
8370,0.660549,32,DMNT,21.5,NC3000,6,11.5,1.84,0.52,NC3000
8551,1.18825,37,DMNT,-0.5,a,0,NA,2.06,0.51,NC3000
8552,0.670071,37,DMNT,0,a,0,NA,2.06,0.51,NC3000
8553,0.716278,37,DMNT,0.5,a,0,NA,2.06,0.51,NC3000
8554,1e-08,37,DMNT,1,a,0,NA,2.06,0.51,NC3000
8555,1.09074,37,DMNT,1.5,a,0,NA,2.06,0.51,NC3000
8556,1e-08,37,DMNT,2,a,0,NA,2.06,0.51,NC3000
8557,0.399715,37,DMNT,2.5,a,0,NA,2.06,0.51,NC3000
8558,1.031,37,DMNT,3,a,0,NA,2.06,0.51,NC3000
8559,0.862238,37,DMNT,3.5,a,0,NA,2.06,0.51,NC3000
8560,0.739977,37,DMNT,4,a,0,NA,2.06,0.51,NC3000
8561,0.964287,37,DMNT,4.5,a,0,NA,2.06,0.51,NC3000
8562,0.856444,37,DMNT,5,a,0,NA,2.06,0.51,NC3000
8563,0.662392,37,DMNT,5.5,a,0,NA,2.06,0.51,NC3000
8564,0.722162,37,DMNT,6,a,0,NA,2.06,0.51,NC3000
8565,0.733958,37,DMNT,6.5,a,0,NA,2.06,0.51,NC3000
8566,1.10735,37,DMNT,7,a,0,NA,2.06,0.51,NC3000
8567,1.01824,37,DMNT,7.5,a,0,NA,2.06,0.51,NC3000
8568,1e-08,37,DMNT,8,a,0,NA,2.06,0.51,NC3000
8569,0.0982711,37,DMNT,8.5,a,0,NA,2.06,0.51,NC3000
8570,1e-08,37,DMNT,9,a,0,NA,2.06,0.51,NC3000
8571,0.636405,37,DMNT,9.5,a,0,NA,2.06,0.51,NC3000
8572,0.384962,37,DMNT,10,a,0,NA,2.06,0.51,NC3000
8573,0.437405,37,DMNT,10.5,a,0,NA,2.06,0.51,NC3000
8574,0.338335,37,DMNT,11,a,0,NA,2.06,0.51,NC3000
8575,0.283145,37,DMNT,11.5,a,0,NA,2.06,0.51,NC3000
8576,0.138852,37,DMNT,12,a,0,NA,2.06,0.51,NC3000
8577,0.626552,37,DMNT,12.5,a,0,NA,2.06,0.51,NC3000
8578,0.597093,37,DMNT,13,a,0,NA,2.06,0.51,NC3000
8579,0.622672,37,DMNT,13.5,a,0,NA,2.06,0.51,NC3000
8580,0.324509,37,DMNT,14,a,0,NA,2.06,0.51,NC3000
8581,0.706737,37,DMNT,14.5,a,0,NA,2.06,0.51,NC3000
8582,0.804681,37,DMNT,15,a,0,NA,2.06,0.51,NC3000
8583,0.853758,37,DMNT,15.5,a,0,NA,2.06,0.51,NC3000
8584,0.69109,37,DMNT,16,a,0,NA,2.06,0.51,NC3000
8585,0.656025,37,DMNT,16.5,a,0,NA,2.06,0.51,NC3000
8586,0.653072,37,DMNT,17,a,0,NA,2.06,0.51,NC3000
8587,0.690263,37,DMNT,17.5,a,0,NA,2.06,0.51,NC3000
8588,0.325725,37,DMNT,18,a,0,NA,2.06,0.51,NC3000
8589,0.516064,37,DMNT,18.5,a,0,NA,2.06,0.51,NC3000
8590,0.0728431,37,DMNT,19,a,0,NA,2.06,0.51,NC3000
8591,0.665229,37,DMNT,19.5,a,0,NA,2.06,0.51,NC3000
8592,0.329087,37,DMNT,20,a,0,NA,2.06,0.51,NC3000
8593,0.988464,37,DMNT,20.5,a,0,NA,2.06,0.51,NC3000
8594,0.499624,37,DMNT,21,a,0,NA,2.06,0.51,NC3000
8595,0.0433496,37,DMNT,21.5,a,0,NA,2.06,0.51,NC3000
9226,0.753623,54,DMNT,-0.5,a,0,NA,1.76,0.48,NC3000
9227,0.0834841,54,DMNT,0,a,0,NA,1.76,0.48,NC3000
9228,0.511627,54,DMNT,0.5,a,0,NA,1.76,0.48,NC3000
9229,0.868335,54,DMNT,1,a,0,NA,1.76,0.48,NC3000
9230,1e-08,54,DMNT,1.5,a,0,NA,1.76,0.48,NC3000
9231,0.0378821,54,DMNT,2,a,0,NA,1.76,0.48,NC3000
9232,1e-08,54,DMNT,2.5,a,0,NA,1.76,0.48,NC3000
9233,0.795098,54,DMNT,3,a,0,NA,1.76,0.48,NC3000
9234,0.778688,54,DMNT,3.5,a,0,NA,1.76,0.48,NC3000
9235,1e-08,54,DMNT,4,a,0,NA,1.76,0.48,NC3000
9236,1.30456,54,DMNT,4.5,a,0,NA,1.76,0.48,NC3000
9237,0.840176,54,DMNT,5,a,0,NA,1.76,0.48,NC3000
9238,0.351663,54,DMNT,5.5,a,0,NA,1.76,0.48,NC3000
9239,1e-08,54,DMNT,6,a,0,NA,1.76,0.48,NC3000
9240,0.0683416,54,DMNT,6.5,a,0,NA,1.76,0.48,NC3000
9241,0.861824,54,DMNT,7,a,0,NA,1.76,0.48,NC3000
9242,0.918672,54,DMNT,7.5,a,0,NA,1.76,0.48,NC3000
9243,1e-08,54,DMNT,8,a,0,NA,1.76,0.48,NC3000
9244,0.377759,54,DMNT,8.5,a,0,NA,1.76,0.48,NC3000
9245,1e-08,54,DMNT,9,a,0,NA,1.76,0.48,NC3000
9246,1e-08,54,DMNT,9.5,a,0,NA,1.76,0.48,NC3000
9247,1e-08,54,DMNT,10,a,0,NA,1.76,0.48,NC3000
9248,1e-08,54,DMNT,10.5,a,0,NA,1.76,0.48,NC3000
9249,0.0453654,54,DMNT,11,a,0,NA,1.76,0.48,NC3000
9250,0.224523,54,DMNT,11.5,a,0,NA,1.76,0.48,NC3000
9251,0.614359,54,DMNT,12,a,0,NA,1.76,0.48,NC3000
9252,1e-08,54,DMNT,12.5,a,0,NA,1.76,0.48,NC3000
9253,1e-08,54,DMNT,13,a,0,NA,1.76,0.48,NC3000
9254,0.508353,54,DMNT,13.5,a,0,NA,1.76,0.48,NC3000
9255,1e-08,54,DMNT,14,a,0,NA,1.76,0.48,NC3000
9256,0.884753,54,DMNT,14.5,a,0,NA,1.76,0.48,NC3000
9257,1e-08,54,DMNT,15,a,0,NA,1.76,0.48,NC3000
9258,1e-08,54,DMNT,15.5,a,0,NA,1.76,0.48,NC3000
9259,0.133228,54,DMNT,16,a,0,NA,1.76,0.48,NC3000
9260,1e-08,54,DMNT,16.5,a,0,NA,1.76,0.48,NC3000
9261,0.59039,54,DMNT,17,a,0,NA,1.76,0.48,NC3000
9262,0.292178,54,DMNT,17.5,a,0,NA,1.76,0.48,NC3000
9263,0.699342,54,DMNT,18,a,0,NA,1.76,0.48,NC3000
9264,0.651897,54,DMNT,18.5,a,0,NA,1.76,0.48,NC3000
9265,0.736639,54,DMNT,19,a,0,NA,1.76,0.48,NC3000
9266,0.68417,54,DMNT,19.5,a,0,NA,1.76,0.48,NC3000
9267,0.509588,54,DMNT,20,a,0,NA,1.76,0.48,NC3000
9268,0.501914,54,DMNT,20.5,a,0,NA,1.76,0.48,NC3000
9269,1e-08,54,DMNT,21,a,0,NA,1.76,0.48,NC3000
9270,1.12138,54,DMNT,21.5,a,0,NA,1.76,0.48,NC3000
9451,0.780612,56,DMNT,-0.5,NC3000,6,11.5,1.58,0.41,NC3000
9452,0.562898,56,DMNT,0,NC3000,6,11.5,1.58,0.41,NC3000
9453,0.759875,56,DMNT,0.5,NC3000,6,11.5,1.58,0.41,NC3000
9454,1.13475,56,DMNT,1,NC3000,6,11.5,1.58,0.41,NC3000
9455,7.8537,56,DMNT,1.5,NC3000,6,11.5,1.58,0.41,NC3000
9456,18.9141,56,DMNT,2,NC3000,6,11.5,1.58,0.41,NC3000
9457,20.5766,56,DMNT,2.5,NC3000,6,11.5,1.58,0.41,NC3000
9458,23.2779,56,DMNT,3,NC3000,6,11.5,1.58,0.41,NC3000
9459,24.4702,56,DMNT,3.5,NC3000,6,11.5,1.58,0.41,NC3000
9460,20.6134,56,DMNT,4,NC3000,6,11.5,1.58,0.41,NC3000
9461,17.273,56,DMNT,4.5,NC3000,6,11.5,1.58,0.41,NC3000
9462,13.7108,56,DMNT,5,NC3000,6,11.5,1.58,0.41,NC3000
9463,11.0919,56,DMNT,5.5,NC3000,6,11.5,1.58,0.41,NC3000
9464,1.81841,56,DMNT,6,NC3000,6,11.5,1.58,0.41,NC3000
9465,11.958,56,DMNT,6.5,NC3000,6,11.5,1.58,0.41,NC3000
9466,9.64289,56,DMNT,7,NC3000,6,11.5,1.58,0.41,NC3000
9467,5.37588,56,DMNT,7.5,NC3000,6,11.5,1.58,0.41,NC3000
9468,7.30384,56,DMNT,8,NC3000,6,11.5,1.58,0.41,NC3000
9469,5.48906,56,DMNT,8.5,NC3000,6,11.5,1.58,0.41,NC3000
9470,4.49533,56,DMNT,9,NC3000,6,11.5,1.58,0.41,NC3000
9471,4.38548,56,DMNT,9.5,NC3000,6,11.5,1.58,0.41,NC3000
9472,2.62721,56,DMNT,10,NC3000,6,11.5,1.58,0.41,NC3000
9473,1.00738,56,DMNT,10.5,NC3000,6,11.5,1.58,0.41,NC3000
9474,2.69662,56,DMNT,11,NC3000,6,11.5,1.58,0.41,NC3000
9475,1.5224,56,DMNT,11.5,NC3000,6,11.5,1.58,0.41,NC3000
9476,0.59803,56,DMNT,12,NC3000,6,11.5,1.58,0.41,NC3000
9477,1.65794,56,DMNT,12.5,NC3000,6,11.5,1.58,0.41,NC3000
9478,1.48622,56,DMNT,13,NC3000,6,11.5,1.58,0.41,NC3000
9479,1.61975,56,DMNT,13.5,NC3000,6,11.5,1.58,0.41,NC3000
9480,1.12202,56,DMNT,14,NC3000,6,11.5,1.58,0.41,NC3000
9481,1.42614,56,DMNT,14.5,NC3000,6,11.5,1.58,0.41,NC3000
9482,0.901605,56,DMNT,15,NC3000,6,11.5,1.58,0.41,NC3000
9483,1.66011,56,DMNT,15.5,NC3000,6,11.5,1.58,0.41,NC3000
9484,0.3722,56,DMNT,16,NC3000,6,11.5,1.58,0.41,NC3000
9485,0.977351,56,DMNT,16.5,NC3000,6,11.5,1.58,0.41,NC3000
9486,0.57461,56,DMNT,17,NC3000,6,11.5,1.58,0.41,NC3000
9487,1e-08,56,DMNT,17.5,NC3000,6,11.5,1.58,0.41,NC3000
9488,0.944633,56,DMNT,18,NC3000,6,11.5,1.58,0.41,NC3000
9489,0.285462,56,DMNT,18.5,NC3000,6,11.5,1.58,0.41,NC3000
9490,0.808853,56,DMNT,19,NC3000,6,11.5,1.58,0.41,NC3000
9491,1e-08,56,DMNT,19.5,NC3000,6,11.5,1.58,0.41,NC3000
9492,1.3977,56,DMNT,20,NC3000,6,11.5,1.58,0.41,NC3000
9493,1.42477,56,DMNT,20.5,NC3000,6,11.5,1.58,0.41,NC3000
9494,0.71361,56,DMNT,21,NC3000,6,11.5,1.58,0.41,NC3000
9495,0.940702,56,DMNT,21.5,NC3000,6,11.5,1.58,0.41,NC3000
10351,0.652089,79,DMNT,-0.5,a,0,NA,1.5,0.43,NC3000
10352,1.08466,79,DMNT,0,a,0,NA,1.5,0.43,NC3000
10353,0.548116,79,DMNT,0.5,a,0,NA,1.5,0.43,NC3000
10354,0.411972,79,DMNT,1,a,0,NA,1.5,0.43,NC3000
10355,1e-08,79,DMNT,1.5,a,0,NA,1.5,0.43,NC3000
10356,1.16061,79,DMNT,2,a,0,NA,1.5,0.43,NC3000
10357,1e-08,79,DMNT,2.5,a,0,NA,1.5,0.43,NC3000
10358,1.19383,79,DMNT,3,a,0,NA,1.5,0.43,NC3000
10359,0.655425,79,DMNT,3.5,a,0,NA,1.5,0.43,NC3000
10360,0.954688,79,DMNT,4,a,0,NA,1.5,0.43,NC3000
10361,1e-08,79,DMNT,4.5,a,0,NA,1.5,0.43,NC3000
10362,0.704746,79,DMNT,5,a,0,NA,1.5,0.43,NC3000
10363,1e-08,79,DMNT,5.5,a,0,NA,1.5,0.43,NC3000
10364,0.779707,79,DMNT,6,a,0,NA,1.5,0.43,NC3000
10365,1e-08,79,DMNT,6.5,a,0,NA,1.5,0.43,NC3000
10366,1e-08,79,DMNT,7,a,0,NA,1.5,0.43,NC3000
10367,1e-08,79,DMNT,7.5,a,0,NA,1.5,0.43,NC3000
10368,0.25905,79,DMNT,8,a,0,NA,1.5,0.43,NC3000
10369,1e-08,79,DMNT,8.5,a,0,NA,1.5,0.43,NC3000
10370,1e-08,79,DMNT,9,a,0,NA,1.5,0.43,NC3000
10371,1e-08,79,DMNT,9.5,a,0,NA,1.5,0.43,NC3000
10372,1.1718,79,DMNT,10,a,0,NA,1.5,0.43,NC3000
10373,0.471736,79,DMNT,10.5,a,0,NA,1.5,0.43,NC3000
10374,1e-08,79,DMNT,11,a,0,NA,1.5,0.43,NC3000
10375,0.816247,79,DMNT,11.5,a,0,NA,1.5,0.43,NC3000
10376,1.10895,79,DMNT,12,a,0,NA,1.5,0.43,NC3000
10377,1.56578,79,DMNT,12.5,a,0,NA,1.5,0.43,NC3000
10378,0.145332,79,DMNT,13,a,0,NA,1.5,0.43,NC3000
10379,0.624548,79,DMNT,13.5,a,0,NA,1.5,0.43,NC3000
10380,0.852942,79,DMNT,14,a,0,NA,1.5,0.43,NC3000
10381,0.751411,79,DMNT,14.5,a,0,NA,1.5,0.43,NC3000
10382,0.600912,79,DMNT,15,a,0,NA,1.5,0.43,NC3000
10383,0.454438,79,DMNT,15.5,a,0,NA,1.5,0.43,NC3000
10384,0.680863,79,DMNT,16,a,0,NA,1.5,0.43,NC3000
10385,0.677596,79,DMNT,16.5,a,0,NA,1.5,0.43,NC3000
10386,0.521648,79,DMNT,17,a,0,NA,1.5,0.43,NC3000
10387,0.622294,79,DMNT,17.5,a,0,NA,1.5,0.43,NC3000
10388,1e-08,79,DMNT,18,a,0,NA,1.5,0.43,NC3000
10389,1.41874,79,DMNT,18.5,a,0,NA,1.5,0.43,NC3000
10390,0.511457,79,DMNT,19,a,0,NA,1.5,0.43,NC3000
10391,0.872967,79,DMNT,19.5,a,0,NA,1.5,0.43,NC3000
10392,1.12613,79,DMNT,20,a,0,NA,1.5,0.43,NC3000
10393,0.14413,79,DMNT,20.5,a,0,NA,1.5,0.43,NC3000
10394,0.0387536,79,DMNT,21,a,0,NA,1.5,0.43,NC3000
10395,0.826778,79,DMNT,21.5,a,0,NA,1.5,0.43,NC3000
