Channel_number,Emission,Type,time,comp,Totalbio,d1_time,intensity1,Leaf3
65,8.66435,l2,-0.666666667,DMNT,1,1,1,1
65,1.00E-08,l2,-0.5,DMNT,1,1,1,1
65,8.15502,l2,-0.333333333,DMNT,1,1,1,1
65,10.2873,l2,-0.166666667,DMNT,1,1,1,1
65,12.556,l2,0,DMNT,1,1,1,1
65,8.42105,l2,0.166666667,DMNT,1,1,1,1
65,8.33673,l2,0.333333333,DMNT,1,1,1,1
65,9.82248,l2,0.5,DMNT,1,1,1,1
65,13.8917,l2,0.666666667,DMNT,1,1,1,1
65,18.966,l2,0.833333333,DMNT,1,1,1,1
65,35.119,l2,1,DMNT,1,1,1,1
65,59.9381,l2,1.166666667,DMNT,1,1,1,1
65,130.839,l2,1.333333333,DMNT,1,1,1,1
65,280.068,l2,1.5,DMNT,1,1,1,1
65,438.216,l2,1.666666667,DMNT,1,1,1,1
65,676.669,l2,1.833333333,DMNT,1,1,1,1
65,861.871,l2,2,DMNT,1,1,1,1
65,1124.5,l2,2.166666667,DMNT,1,1,1,1
65,1290.1,l2,2.333333333,DMNT,1,1,1,1
65,1382.04,l2,2.5,DMNT,1,1,1,1
65,1257.77,l2,2.666666667,DMNT,1,1,1,1
65,1306.13,l2,2.833333333,DMNT,1,1,1,1
65,1142.23,l2,3,DMNT,1,1,1,1
65,1142.99,l2,3.166666667,DMNT,1,1,1,1
65,1041.64,l2,3.333333333,DMNT,1,1,1,1
65,965.801,l2,3.5,DMNT,1,1,1,1
65,906.269,l2,3.666666667,DMNT,1,1,1,1
65,799.55,l2,3.833333333,DMNT,1,1,1,1
65,811.857,l2,4,DMNT,1,1,1,1
65,731.273,l2,4.166666667,DMNT,1,1,1,1
65,713.007,l2,4.333333333,DMNT,1,1,1,1
65,627.1,l2,4.5,DMNT,1,1,1,1
65,611.561,l2,4.666666667,DMNT,1,1,1,1
65,555.78,l2,4.833333333,DMNT,1,1,1,1
65,524.345,l2,5,DMNT,1,1,1,1
65,480.891,l2,5.166666667,DMNT,1,1,1,1
65,443.791,l2,5.333333333,DMNT,1,1,1,1
65,395.071,l2,5.5,DMNT,1,1,1,1
65,368.182,l2,5.666666667,DMNT,1,1,1,1
65,339.165,l2,5.833333333,DMNT,1,1,1,1
65,316.35,l2,6,DMNT,1,1,1,1
65,283.42,l2,6.166666667,DMNT,1,1,1,1
65,264.726,l2,6.333333333,DMNT,1,1,1,1
65,240.588,l2,6.5,DMNT,1,1,1,1
65,226.127,l2,6.666666667,DMNT,1,1,1,1
65,231.219,l2,6.833333333,DMNT,1,1,1,1
65,212.305,l2,7,DMNT,1,1,1,1
65,183.029,l2,7.166666667,DMNT,1,1,1,1
65,168.382,l2,7.333333333,DMNT,1,1,1,1
65,177.147,l2,7.5,DMNT,1,1,1,1
65,174.14,l2,7.666666667,DMNT,1,1,1,1
65,152.402,l2,7.833333333,DMNT,1,1,1,1
65,136.901,l2,8,DMNT,1,1,1,1
65,131.107,l2,8.166666667,DMNT,1,1,1,1
65,116.705,l2,8.333333333,DMNT,1,1,1,1
65,112.49,l2,8.5,DMNT,1,1,1,1
65,102.998,l2,8.666666667,DMNT,1,1,1,1
65,103.818,l2,8.833333333,DMNT,1,1,1,1
65,96.1548,l2,9,DMNT,1,1,1,1
65,76.0925,l2,9.166666667,DMNT,1,1,1,1
66,5.06075,l3,-0.666666667,DMNT,1,1,1,1
66,6.77271,l3,-0.5,DMNT,1,1,1,1
66,6.34953,l3,-0.333333333,DMNT,1,1,1,1
66,11.048,l3,-0.166666667,DMNT,1,1,1,1
66,10.797,l3,0,DMNT,1,1,1,1
66,9.0623,l3,0.166666667,DMNT,1,1,1,1
66,12.1915,l3,0.333333333,DMNT,1,1,1,1
66,9.86877,l3,0.5,DMNT,1,1,1,1
66,5.65984,l3,0.666666667,DMNT,1,1,1,1
66,11.8032,l3,0.833333333,DMNT,1,1,1,1
66,18.3789,l3,1,DMNT,1,1,1,1
66,25.9429,l3,1.166666667,DMNT,1,1,1,1
66,61.9523,l3,1.333333333,DMNT,1,1,1,1
66,110.632,l3,1.5,DMNT,1,1,1,1
66,217.75,l3,1.666666667,DMNT,1,1,1,1
66,319.389,l3,1.833333333,DMNT,1,1,1,1
66,489.036,l3,2,DMNT,1,1,1,1
66,613.974,l3,2.166666667,DMNT,1,1,1,1
66,785.8,l3,2.333333333,DMNT,1,1,1,1
66,896.992,l3,2.5,DMNT,1,1,1,1
66,915.936,l3,2.666666667,DMNT,1,1,1,1
66,988.827,l3,2.833333333,DMNT,1,1,1,1
66,921.528,l3,3,DMNT,1,1,1,1
66,931.202,l3,3.166666667,DMNT,1,1,1,1
66,866.695,l3,3.333333333,DMNT,1,1,1,1
66,834.572,l3,3.5,DMNT,1,1,1,1
66,790.881,l3,3.666666667,DMNT,1,1,1,1
66,740.461,l3,3.833333333,DMNT,1,1,1,1
66,736.409,l3,4,DMNT,1,1,1,1
66,706.543,l3,4.166666667,DMNT,1,1,1,1
66,709.371,l3,4.333333333,DMNT,1,1,1,1
66,663.119,l3,4.5,DMNT,1,1,1,1
66,664.421,l3,4.666666667,DMNT,1,1,1,1
66,601.193,l3,4.833333333,DMNT,1,1,1,1
66,590.091,l3,5,DMNT,1,1,1,1
66,538.422,l3,5.166666667,DMNT,1,1,1,1
66,531.413,l3,5.333333333,DMNT,1,1,1,1
66,465.316,l3,5.5,DMNT,1,1,1,1
66,461.437,l3,5.666666667,DMNT,1,1,1,1
66,420.151,l3,5.833333333,DMNT,1,1,1,1
66,420.796,l3,6,DMNT,1,1,1,1
66,378.477,l3,6.166666667,DMNT,1,1,1,1
66,361.204,l3,6.333333333,DMNT,1,1,1,1
66,294.202,l3,6.5,DMNT,1,1,1,1
66,309.4,l3,6.666666667,DMNT,1,1,1,1
66,288.564,l3,6.833333333,DMNT,1,1,1,1
66,305.535,l3,7,DMNT,1,1,1,1
66,264.935,l3,7.166666667,DMNT,1,1,1,1
66,266.848,l3,7.333333333,DMNT,1,1,1,1
66,268.687,l3,7.5,DMNT,1,1,1,1
66,241.614,l3,7.666666667,DMNT,1,1,1,1
66,238.671,l3,7.833333333,DMNT,1,1,1,1
66,230.417,l3,8,DMNT,1,1,1,1
66,213.847,l3,8.166666667,DMNT,1,1,1,1
66,183.748,l3,8.333333333,DMNT,1,1,1,1
66,157.55,l3,8.5,DMNT,1,1,1,1
66,171.752,l3,8.666666667,DMNT,1,1,1,1
66,158.515,l3,8.833333333,DMNT,1,1,1,1
66,136.284,l3,9,DMNT,1,1,1,1
66,132.849,l3,9.166666667,DMNT,1,1,1,1
67,8.67869,a,-0.666666667,DMNT,1,1,1,1
67,5.38622,a,-0.5,DMNT,1,1,1,1
67,7.53413,a,-0.333333333,DMNT,1,1,1,1
67,7.38241,a,-0.166666667,DMNT,1,1,1,1
67,8.9532,a,0,DMNT,1,1,1,1
67,10.4477,a,0.166666667,DMNT,1,1,1,1
67,3.37454,a,0.333333333,DMNT,1,1,1,1
67,7.32038,a,0.5,DMNT,1,1,1,1
67,13.0302,a,0.666666667,DMNT,1,1,1,1
67,8.98357,a,0.833333333,DMNT,1,1,1,1
67,12.0691,a,1,DMNT,1,1,1,1
67,1.00E-08,a,1.166666667,DMNT,1,1,1,1
67,10.0261,a,1.333333333,DMNT,1,1,1,1
67,13.5439,a,1.5,DMNT,1,1,1,1
67,1.01574,a,1.666666667,DMNT,1,1,1,1
67,17.4013,a,1.833333333,DMNT,1,1,1,1
67,9.36994,a,2,DMNT,1,1,1,1
67,1.00E-08,a,2.166666667,DMNT,1,1,1,1
67,1.46116,a,2.333333333,DMNT,1,1,1,1
67,10.8102,a,2.5,DMNT,1,1,1,1
67,14.6449,a,2.666666667,DMNT,1,1,1,1
67,1.00E-08,a,2.833333333,DMNT,1,1,1,1
67,2.75164,a,3,DMNT,1,1,1,1
67,18.7065,a,3.166666667,DMNT,1,1,1,1
67,9.12786,a,3.333333333,DMNT,1,1,1,1
67,11.8171,a,3.5,DMNT,1,1,1,1
67,1.00E-08,a,3.666666667,DMNT,1,1,1,1
67,12.5095,a,3.833333333,DMNT,1,1,1,1
67,1.00E-08,a,4,DMNT,1,1,1,1
67,10.7159,a,4.166666667,DMNT,1,1,1,1
67,9.88055,a,4.333333333,DMNT,1,1,1,1
67,1.00E-08,a,4.5,DMNT,1,1,1,1
67,23.1385,a,4.666666667,DMNT,1,1,1,1
67,22.4554,a,4.833333333,DMNT,1,1,1,1
67,20.103,a,5,DMNT,1,1,1,1
67,11.2417,a,5.166666667,DMNT,1,1,1,1
67,8.83672,a,5.333333333,DMNT,1,1,1,1
67,1.00E-08,a,5.5,DMNT,1,1,1,1
67,20.6577,a,5.666666667,DMNT,1,1,1,1
67,13.046,a,5.833333333,DMNT,1,1,1,1
67,14.8823,a,6,DMNT,1,1,1,1
67,10.511,a,6.166666667,DMNT,1,1,1,1
67,14.784,a,6.333333333,DMNT,1,1,1,1
67,11.4146,a,6.5,DMNT,1,1,1,1
67,1.00E-08,a,6.666666667,DMNT,1,1,1,1
67,14.3639,a,6.833333333,DMNT,1,1,1,1
67,7.90758,a,7,DMNT,1,1,1,1
67,10.5294,a,7.166666667,DMNT,1,1,1,1
67,10.0122,a,7.333333333,DMNT,1,1,1,1
67,13.8811,a,7.5,DMNT,1,1,1,1
67,11.7596,a,7.666666667,DMNT,1,1,1,1
67,9.20777,a,7.833333333,DMNT,1,1,1,1
67,2.01596,a,8,DMNT,1,1,1,1
67,9.63756,a,8.166666667,DMNT,1,1,1,1
67,12.2117,a,8.333333333,DMNT,1,1,1,1
67,13.7042,a,8.5,DMNT,1,1,1,1
67,9.14891,a,8.666666667,DMNT,1,1,1,1
67,7.50339,a,8.833333333,DMNT,1,1,1,1
67,15.1156,a,9,DMNT,1,1,1,1
67,11.0365,a,9.166666667,DMNT,1,1,1,1
68,3.76207,l3,-0.666666667,DMNT,1,1,1,1
68,5.90394,l3,-0.5,DMNT,1,1,1,1
68,4.90207,l3,-0.333333333,DMNT,1,1,1,1
68,0.707092,l3,-0.166666667,DMNT,1,1,1,1
68,11.6261,l3,0,DMNT,1,1,1,1
68,8.13418,l3,0.166666667,DMNT,1,1,1,1
68,9.00559,l3,0.333333333,DMNT,1,1,1,1
68,1.41395,l3,0.5,DMNT,1,1,1,1
68,15.7886,l3,0.666666667,DMNT,1,1,1,1
68,26.5907,l3,0.833333333,DMNT,1,1,1,1
68,40.8938,l3,1,DMNT,1,1,1,1
68,74.1457,l3,1.166666667,DMNT,1,1,1,1
68,144.217,l3,1.333333333,DMNT,1,1,1,1
68,289.425,l3,1.5,DMNT,1,1,1,1
68,474.113,l3,1.666666667,DMNT,1,1,1,1
68,691.887,l3,1.833333333,DMNT,1,1,1,1
68,989.394,l3,2,DMNT,1,1,1,1
68,1177.37,l3,2.166666667,DMNT,1,1,1,1
68,1397.76,l3,2.333333333,DMNT,1,1,1,1
68,1601.8,l3,2.5,DMNT,1,1,1,1
68,1637.83,l3,2.666666667,DMNT,1,1,1,1
68,1697.56,l3,2.833333333,DMNT,1,1,1,1
68,1461.16,l3,3,DMNT,1,1,1,1
68,1524.59,l3,3.166666667,DMNT,1,1,1,1
68,1434.96,l3,3.333333333,DMNT,1,1,1,1
68,1334.72,l3,3.5,DMNT,1,1,1,1
68,1241.57,l3,3.666666667,DMNT,1,1,1,1
68,1159.98,l3,3.833333333,DMNT,1,1,1,1
68,1128.6,l3,4,DMNT,1,1,1,1
68,1110.57,l3,4.166666667,DMNT,1,1,1,1
68,1013.61,l3,4.333333333,DMNT,1,1,1,1
68,1020.57,l3,4.5,DMNT,1,1,1,1
68,1010.93,l3,4.666666667,DMNT,1,1,1,1
68,943.771,l3,4.833333333,DMNT,1,1,1,1
68,882.63,l3,5,DMNT,1,1,1,1
68,820.007,l3,5.166666667,DMNT,1,1,1,1
68,830.468,l3,5.333333333,DMNT,1,1,1,1
68,738.206,l3,5.5,DMNT,1,1,1,1
68,677.545,l3,5.666666667,DMNT,1,1,1,1
68,676.335,l3,5.833333333,DMNT,1,1,1,1
68,623.981,l3,6,DMNT,1,1,1,1
68,599.587,l3,6.166666667,DMNT,1,1,1,1
68,562.466,l3,6.333333333,DMNT,1,1,1,1
68,535.93,l3,6.5,DMNT,1,1,1,1
68,529.696,l3,6.666666667,DMNT,1,1,1,1
68,462.786,l3,6.833333333,DMNT,1,1,1,1
68,492.903,l3,7,DMNT,1,1,1,1
68,415.984,l3,7.166666667,DMNT,1,1,1,1
68,435.654,l3,7.333333333,DMNT,1,1,1,1
68,430.398,l3,7.5,DMNT,1,1,1,1
68,441.764,l3,7.666666667,DMNT,1,1,1,1
68,361.927,l3,7.833333333,DMNT,1,1,1,1
68,346.826,l3,8,DMNT,1,1,1,1
68,344.816,l3,8.166666667,DMNT,1,1,1,1
68,293.929,l3,8.333333333,DMNT,1,1,1,1
68,306.063,l3,8.5,DMNT,1,1,1,1
68,291.013,l3,8.666666667,DMNT,1,1,1,1
68,242.644,l3,8.833333333,DMNT,1,1,1,1
68,241.845,l3,9,DMNT,1,1,1,1
68,216.401,l3,9.166666667,DMNT,1,1,1,1
71,6.95688,a,-0.666666667,DMNT,1,1,1,1
71,4.11041,a,-0.5,DMNT,1,1,1,1
71,1.00E-08,a,-0.333333333,DMNT,1,1,1,1
71,7.80762,a,-0.166666667,DMNT,1,1,1,1
71,3.88564,a,0,DMNT,1,1,1,1
71,7.69194,a,0.166666667,DMNT,1,1,1,1
71,7.12772,a,0.333333333,DMNT,1,1,1,1
71,14.0127,a,0.5,DMNT,1,1,1,1
71,9.04485,a,0.666666667,DMNT,1,1,1,1
71,12.2645,a,0.833333333,DMNT,1,1,1,1
71,6.23377,a,1,DMNT,1,1,1,1
71,12.5107,a,1.166666667,DMNT,1,1,1,1
71,13.9615,a,1.333333333,DMNT,1,1,1,1
71,10.374,a,1.5,DMNT,1,1,1,1
71,9.635,a,1.666666667,DMNT,1,1,1,1
71,18.0167,a,1.833333333,DMNT,1,1,1,1
71,17.0988,a,2,DMNT,1,1,1,1
71,1.00E-08,a,2.166666667,DMNT,1,1,1,1
71,17.9285,a,2.333333333,DMNT,1,1,1,1
71,0.159952,a,2.5,DMNT,1,1,1,1
71,1.00E-08,a,2.666666667,DMNT,1,1,1,1
71,1.00E-08,a,2.833333333,DMNT,1,1,1,1
71,10.3956,a,3,DMNT,1,1,1,1
71,12.6695,a,3.166666667,DMNT,1,1,1,1
71,16.711,a,3.333333333,DMNT,1,1,1,1
71,1.00E-08,a,3.5,DMNT,1,1,1,1
71,9.52077,a,3.666666667,DMNT,1,1,1,1
71,1.00E-08,a,3.833333333,DMNT,1,1,1,1
71,1.00E-08,a,4,DMNT,1,1,1,1
71,8.10559,a,4.166666667,DMNT,1,1,1,1
71,16.6146,a,4.333333333,DMNT,1,1,1,1
71,1.00E-08,a,4.5,DMNT,1,1,1,1
71,1.00E-08,a,4.666666667,DMNT,1,1,1,1
71,19.8916,a,4.833333333,DMNT,1,1,1,1
71,18.8567,a,5,DMNT,1,1,1,1
71,1.00E-08,a,5.166666667,DMNT,1,1,1,1
71,19.0037,a,5.333333333,DMNT,1,1,1,1
71,20.1402,a,5.5,DMNT,1,1,1,1
71,14.0001,a,5.666666667,DMNT,1,1,1,1
71,19.4504,a,5.833333333,DMNT,1,1,1,1
71,12.3845,a,6,DMNT,1,1,1,1
71,13.5363,a,6.166666667,DMNT,1,1,1,1
71,5.81164,a,6.333333333,DMNT,1,1,1,1
71,15.5139,a,6.5,DMNT,1,1,1,1
71,4.97665,a,6.666666667,DMNT,1,1,1,1
71,10.8619,a,6.833333333,DMNT,1,1,1,1
71,12.105,a,7,DMNT,1,1,1,1
71,10.2286,a,7.166666667,DMNT,1,1,1,1
71,10.2583,a,7.333333333,DMNT,1,1,1,1
71,16.3212,a,7.5,DMNT,1,1,1,1
71,8.60651,a,7.666666667,DMNT,1,1,1,1
71,3.45762,a,7.833333333,DMNT,1,1,1,1
71,1.00E-08,a,8,DMNT,1,1,1,1
71,6.5984,a,8.166666667,DMNT,1,1,1,1
71,6.39265,a,8.333333333,DMNT,1,1,1,1
71,4.24186,a,8.5,DMNT,1,1,1,1
71,10.5378,a,8.666666667,DMNT,1,1,1,1
71,11.4708,a,8.833333333,DMNT,1,1,1,1
71,5.7482,a,9,DMNT,1,1,1,1
71,1.00E-08,a,9.166666667,DMNT,1,1,1,1
72,1.885,l4,-0.666666667,DMNT,1,1,1,1
72,6.9816,l4,-0.5,DMNT,1,1,1,1
72,2.29531,l4,-0.333333333,DMNT,1,1,1,1
72,6.77559,l4,-0.166666667,DMNT,1,1,1,1
72,5.18554,l4,0,DMNT,1,1,1,1
72,9.67391,l4,0.166666667,DMNT,1,1,1,1
72,12.876,l4,0.333333333,DMNT,1,1,1,1
72,13.9731,l4,0.5,DMNT,1,1,1,1
72,8.7554,l4,0.666666667,DMNT,1,1,1,1
72,13.8665,l4,0.833333333,DMNT,1,1,1,1
72,27.1393,l4,1,DMNT,1,1,1,1
72,28.2966,l4,1.166666667,DMNT,1,1,1,1
72,47.3248,l4,1.333333333,DMNT,1,1,1,1
72,87.1525,l4,1.5,DMNT,1,1,1,1
72,123.162,l4,1.666666667,DMNT,1,1,1,1
72,190.474,l4,1.833333333,DMNT,1,1,1,1
72,224.345,l4,2,DMNT,1,1,1,1
72,325.083,l4,2.166666667,DMNT,1,1,1,1
72,339.851,l4,2.333333333,DMNT,1,1,1,1
72,331.904,l4,2.5,DMNT,1,1,1,1
72,329.241,l4,2.666666667,DMNT,1,1,1,1
72,312.417,l4,2.833333333,DMNT,1,1,1,1
72,174.602,l4,3,DMNT,1,1,1,1
72,302.616,l4,3.166666667,DMNT,1,1,1,1
72,246.622,l4,3.333333333,DMNT,1,1,1,1
72,242.773,l4,3.5,DMNT,1,1,1,1
72,22.4286,l4,3.666666667,DMNT,1,1,1,1
72,38.4321,l4,3.833333333,DMNT,1,1,1,1
72,225.991,l4,4,DMNT,1,1,1,1
72,188.67,l4,4.166666667,DMNT,1,1,1,1
72,188.897,l4,4.333333333,DMNT,1,1,1,1
72,169.101,l4,4.5,DMNT,1,1,1,1
72,148.657,l4,4.666666667,DMNT,1,1,1,1
72,145.371,l4,4.833333333,DMNT,1,1,1,1
72,151.958,l4,5,DMNT,1,1,1,1
72,138.696,l4,5.166666667,DMNT,1,1,1,1
72,141.624,l4,5.333333333,DMNT,1,1,1,1
72,123.415,l4,5.5,DMNT,1,1,1,1
72,114.552,l4,5.666666667,DMNT,1,1,1,1
72,115.4,l4,5.833333333,DMNT,1,1,1,1
72,103.583,l4,6,DMNT,1,1,1,1
72,38.5609,l4,6.166666667,DMNT,1,1,1,1
72,107.593,l4,6.333333333,DMNT,1,1,1,1
72,86.5145,l4,6.5,DMNT,1,1,1,1
72,90.4469,l4,6.666666667,DMNT,1,1,1,1
72,75.4025,l4,6.833333333,DMNT,1,1,1,1
72,89.3837,l4,7,DMNT,1,1,1,1
72,74.2736,l4,7.166666667,DMNT,1,1,1,1
72,69.9672,l4,7.333333333,DMNT,1,1,1,1
72,53.3465,l4,7.5,DMNT,1,1,1,1
72,65.3884,l4,7.666666667,DMNT,1,1,1,1
72,57.6539,l4,7.833333333,DMNT,1,1,1,1
72,59.9634,l4,8,DMNT,1,1,1,1
72,42.9733,l4,8.166666667,DMNT,1,1,1,1
72,2.99612,l4,8.333333333,DMNT,1,1,1,1
72,50.2761,l4,8.5,DMNT,1,1,1,1
72,51.4462,l4,8.666666667,DMNT,1,1,1,1
72,44.8023,l4,8.833333333,DMNT,1,1,1,1
72,1.00E-08,l4,9,DMNT,1,1,1,1
72,32.8259,l4,9.166666667,DMNT,1,1,1,1
73,2.67972,l3,-0.666666667,DMNT,1,1,1,1
73,8.34598,l3,-0.5,DMNT,1,1,1,1
73,6.476,l3,-0.333333333,DMNT,1,1,1,1
73,2.17652,l3,-0.166666667,DMNT,1,1,1,1
73,8.8451,l3,0,DMNT,1,1,1,1
73,8.17279,l3,0.166666667,DMNT,1,1,1,1
73,9.75451,l3,0.333333333,DMNT,1,1,1,1
73,9.40116,l3,0.5,DMNT,1,1,1,1
73,11.218,l3,0.666666667,DMNT,1,1,1,1
73,6.15881,l3,0.833333333,DMNT,1,1,1,1
73,15.4811,l3,1,DMNT,1,1,1,1
73,26.5456,l3,1.166666667,DMNT,1,1,1,1
73,59.403,l3,1.333333333,DMNT,1,1,1,1
73,134.014,l3,1.5,DMNT,1,1,1,1
73,220.405,l3,1.666666667,DMNT,1,1,1,1
73,353.767,l3,1.833333333,DMNT,1,1,1,1
73,509.787,l3,2,DMNT,1,1,1,1
73,677.725,l3,2.166666667,DMNT,1,1,1,1
73,829.063,l3,2.333333333,DMNT,1,1,1,1
73,851.707,l3,2.5,DMNT,1,1,1,1
73,1039.89,l3,2.666666667,DMNT,1,1,1,1
73,1177.37,l3,2.833333333,DMNT,1,1,1,1
73,1102.78,l3,3,DMNT,1,1,1,1
73,1100.12,l3,3.166666667,DMNT,1,1,1,1
73,1018.89,l3,3.333333333,DMNT,1,1,1,1
73,1006.01,l3,3.5,DMNT,1,1,1,1
73,988.564,l3,3.666666667,DMNT,1,1,1,1
73,915.862,l3,3.833333333,DMNT,1,1,1,1
73,912.773,l3,4,DMNT,1,1,1,1
73,836.866,l3,4.166666667,DMNT,1,1,1,1
73,793.816,l3,4.333333333,DMNT,1,1,1,1
73,761.256,l3,4.5,DMNT,1,1,1,1
73,775.9,l3,4.666666667,DMNT,1,1,1,1
73,687.696,l3,4.833333333,DMNT,1,1,1,1
73,713.845,l3,5,DMNT,1,1,1,1
73,641.595,l3,5.166666667,DMNT,1,1,1,1
73,630.737,l3,5.333333333,DMNT,1,1,1,1
73,550.288,l3,5.5,DMNT,1,1,1,1
73,553.922,l3,5.666666667,DMNT,1,1,1,1
73,538.587,l3,5.833333333,DMNT,1,1,1,1
73,495.991,l3,6,DMNT,1,1,1,1
73,463.171,l3,6.166666667,DMNT,1,1,1,1
73,466.675,l3,6.333333333,DMNT,1,1,1,1
73,400.517,l3,6.5,DMNT,1,1,1,1
73,431.487,l3,6.666666667,DMNT,1,1,1,1
73,376.191,l3,6.833333333,DMNT,1,1,1,1
73,343.89,l3,7,DMNT,1,1,1,1
73,351.928,l3,7.166666667,DMNT,1,1,1,1
73,349.868,l3,7.333333333,DMNT,1,1,1,1
73,339.831,l3,7.5,DMNT,1,1,1,1
73,323.543,l3,7.666666667,DMNT,1,1,1,1
73,270.096,l3,7.833333333,DMNT,1,1,1,1
73,268.027,l3,8,DMNT,1,1,1,1
73,247.676,l3,8.166666667,DMNT,1,1,1,1
73,248.844,l3,8.333333333,DMNT,1,1,1,1
73,227.358,l3,8.5,DMNT,1,1,1,1
73,208.694,l3,8.666666667,DMNT,1,1,1,1
73,212.013,l3,8.833333333,DMNT,1,1,1,1
73,184.463,l3,9,DMNT,1,1,1,1
73,184.42,l3,9.166666667,DMNT,1,1,1,1
74,7.4635,l2,-0.666666667,DMNT,1,1,1,1
74,4.83731,l2,-0.5,DMNT,1,1,1,1
74,7.0405,l2,-0.333333333,DMNT,1,1,1,1
74,9.35736,l2,-0.166666667,DMNT,1,1,1,1
74,10.8893,l2,0,DMNT,1,1,1,1
74,6.96928,l2,0.166666667,DMNT,1,1,1,1
74,2.35958,l2,0.333333333,DMNT,1,1,1,1
74,2.29244,l2,0.5,DMNT,1,1,1,1
74,9.96548,l2,0.666666667,DMNT,1,1,1,1
74,12.2508,l2,0.833333333,DMNT,1,1,1,1
74,18.0358,l2,1,DMNT,1,1,1,1
74,43.441,l2,1.166666667,DMNT,1,1,1,1
74,67.4371,l2,1.333333333,DMNT,1,1,1,1
74,129.199,l2,1.5,DMNT,1,1,1,1
74,213.417,l2,1.666666667,DMNT,1,1,1,1
74,301.417,l2,1.833333333,DMNT,1,1,1,1
74,404.375,l2,2,DMNT,1,1,1,1
74,563.386,l2,2.166666667,DMNT,1,1,1,1
74,674.529,l2,2.333333333,DMNT,1,1,1,1
74,772.05,l2,2.5,DMNT,1,1,1,1
74,753.152,l2,2.666666667,DMNT,1,1,1,1
74,801.576,l2,2.833333333,DMNT,1,1,1,1
74,747.652,l2,3,DMNT,1,1,1,1
74,731.84,l2,3.166666667,DMNT,1,1,1,1
74,708.206,l2,3.333333333,DMNT,1,1,1,1
74,662.479,l2,3.5,DMNT,1,1,1,1
74,705.209,l2,3.666666667,DMNT,1,1,1,1
74,641.516,l2,3.833333333,DMNT,1,1,1,1
74,615.752,l2,4,DMNT,1,1,1,1
74,590.993,l2,4.166666667,DMNT,1,1,1,1
74,527.254,l2,4.333333333,DMNT,1,1,1,1
74,496.957,l2,4.5,DMNT,1,1,1,1
74,507.891,l2,4.666666667,DMNT,1,1,1,1
74,446.473,l2,4.833333333,DMNT,1,1,1,1
74,387.254,l2,5,DMNT,1,1,1,1
74,392.405,l2,5.166666667,DMNT,1,1,1,1
74,320.913,l2,5.333333333,DMNT,1,1,1,1
74,296.824,l2,5.5,DMNT,1,1,1,1
74,272.008,l2,5.666666667,DMNT,1,1,1,1
74,256.398,l2,5.833333333,DMNT,1,1,1,1
74,237.358,l2,6,DMNT,1,1,1,1
74,213.713,l2,6.166666667,DMNT,1,1,1,1
74,194.912,l2,6.333333333,DMNT,1,1,1,1
74,177.239,l2,6.5,DMNT,1,1,1,1
74,164.015,l2,6.666666667,DMNT,1,1,1,1
74,143.064,l2,6.833333333,DMNT,1,1,1,1
74,124.83,l2,7,DMNT,1,1,1,1
74,123.011,l2,7.166666667,DMNT,1,1,1,1
74,123.809,l2,7.333333333,DMNT,1,1,1,1
74,100.641,l2,7.5,DMNT,1,1,1,1
74,106.416,l2,7.666666667,DMNT,1,1,1,1
74,93.722,l2,7.833333333,DMNT,1,1,1,1
74,86.4405,l2,8,DMNT,1,1,1,1
74,81.1499,l2,8.166666667,DMNT,1,1,1,1
74,68.5228,l2,8.333333333,DMNT,1,1,1,1
74,69.5549,l2,8.5,DMNT,1,1,1,1
74,67.7089,l2,8.666666667,DMNT,1,1,1,1
74,43.2543,l2,8.833333333,DMNT,1,1,1,1
74,44.5812,l2,9,DMNT,1,1,1,1
74,50.5931,l2,9.166666667,DMNT,1,1,1,1
77,6.4102,l3,-0.666666667,DMNT,1,1,1,1
77,1.00E-08,l3,-0.5,DMNT,1,1,1,1
77,9.8372,l3,-0.333333333,DMNT,1,1,1,1
77,9.54181,l3,-0.166666667,DMNT,1,1,1,1
77,11.3562,l3,0,DMNT,1,1,1,1
77,11.7403,l3,0.166666667,DMNT,1,1,1,1
77,15.4462,l3,0.333333333,DMNT,1,1,1,1
77,11.809,l3,0.5,DMNT,1,1,1,1
77,15.1217,l3,0.666666667,DMNT,1,1,1,1
77,20.2095,l3,0.833333333,DMNT,1,1,1,1
77,24.1792,l3,1,DMNT,1,1,1,1
77,33.8666,l3,1.166666667,DMNT,1,1,1,1
77,71.7385,l3,1.333333333,DMNT,1,1,1,1
77,133.113,l3,1.5,DMNT,1,1,1,1
77,180.556,l3,1.666666667,DMNT,1,1,1,1
77,211.94,l3,1.833333333,DMNT,1,1,1,1
77,346.237,l3,2,DMNT,1,1,1,1
77,403.196,l3,2.166666667,DMNT,1,1,1,1
77,491.942,l3,2.333333333,DMNT,1,1,1,1
77,542.307,l3,2.5,DMNT,1,1,1,1
77,429.445,l3,2.666666667,DMNT,1,1,1,1
77,601.606,l3,2.833333333,DMNT,1,1,1,1
77,576.6,l3,3,DMNT,1,1,1,1
77,595.818,l3,3.166666667,DMNT,1,1,1,1
77,605.706,l3,3.333333333,DMNT,1,1,1,1
77,585.453,l3,3.5,DMNT,1,1,1,1
77,582.161,l3,3.666666667,DMNT,1,1,1,1
77,520.881,l3,3.833333333,DMNT,1,1,1,1
77,548.418,l3,4,DMNT,1,1,1,1
77,557.868,l3,4.166666667,DMNT,1,1,1,1
77,482.569,l3,4.333333333,DMNT,1,1,1,1
77,461.748,l3,4.5,DMNT,1,1,1,1
77,448.428,l3,4.666666667,DMNT,1,1,1,1
77,426.163,l3,4.833333333,DMNT,1,1,1,1
77,392.178,l3,5,DMNT,1,1,1,1
77,379.355,l3,5.166666667,DMNT,1,1,1,1
77,332.827,l3,5.333333333,DMNT,1,1,1,1
77,333.188,l3,5.5,DMNT,1,1,1,1
77,308.36,l3,5.666666667,DMNT,1,1,1,1
77,313.465,l3,5.833333333,DMNT,1,1,1,1
77,282.165,l3,6,DMNT,1,1,1,1
77,291.134,l3,6.166666667,DMNT,1,1,1,1
77,239.947,l3,6.333333333,DMNT,1,1,1,1
77,227.645,l3,6.5,DMNT,1,1,1,1
77,225.707,l3,6.666666667,DMNT,1,1,1,1
77,226.344,l3,6.833333333,DMNT,1,1,1,1
77,207.692,l3,7,DMNT,1,1,1,1
77,175.658,l3,7.166666667,DMNT,1,1,1,1
77,177.396,l3,7.333333333,DMNT,1,1,1,1
77,180.333,l3,7.5,DMNT,1,1,1,1
77,176.94,l3,7.666666667,DMNT,1,1,1,1
77,130.828,l3,7.833333333,DMNT,1,1,1,1
77,139.529,l3,8,DMNT,1,1,1,1
77,121.737,l3,8.166666667,DMNT,1,1,1,1
77,112.492,l3,8.333333333,DMNT,1,1,1,1
77,122.21,l3,8.5,DMNT,1,1,1,1
77,128.726,l3,8.666666667,DMNT,1,1,1,1
77,98.0204,l3,8.833333333,DMNT,1,1,1,1
77,89.612,l3,9,DMNT,1,1,1,1
77,89.0224,l3,9.166666667,DMNT,1,1,1,1
78,4.39255,l4,-0.666666667,DMNT,1,1,1,1
78,2.70063,l4,-0.5,DMNT,1,1,1,1
78,5.78573,l4,-0.333333333,DMNT,1,1,1,1
78,5.69293,l4,-0.166666667,DMNT,1,1,1,1
78,7.01318,l4,0,DMNT,1,1,1,1
78,8.42784,l4,0.166666667,DMNT,1,1,1,1
78,9.54148,l4,0.333333333,DMNT,1,1,1,1
78,1.00E-08,l4,0.5,DMNT,1,1,1,1
78,12.9563,l4,0.666666667,DMNT,1,1,1,1
78,9.83539,l4,0.833333333,DMNT,1,1,1,1
78,10.7433,l4,1,DMNT,1,1,1,1
78,23.1091,l4,1.166666667,DMNT,1,1,1,1
78,52.0162,l4,1.333333333,DMNT,1,1,1,1
78,107.426,l4,1.5,DMNT,1,1,1,1
78,147.772,l4,1.666666667,DMNT,1,1,1,1
78,231.844,l4,1.833333333,DMNT,1,1,1,1
78,317.494,l4,2,DMNT,1,1,1,1
78,421.961,l4,2.166666667,DMNT,1,1,1,1
78,449.459,l4,2.333333333,DMNT,1,1,1,1
78,480.94,l4,2.5,DMNT,1,1,1,1
78,496.807,l4,2.666666667,DMNT,1,1,1,1
78,473.49,l4,2.833333333,DMNT,1,1,1,1
78,311.389,l4,3,DMNT,1,1,1,1
78,390.213,l4,3.166666667,DMNT,1,1,1,1
78,376.946,l4,3.333333333,DMNT,1,1,1,1
78,277.455,l4,3.5,DMNT,1,1,1,1
78,348.565,l4,3.666666667,DMNT,1,1,1,1
78,335.804,l4,3.833333333,DMNT,1,1,1,1
78,304.774,l4,4,DMNT,1,1,1,1
78,300.081,l4,4.166666667,DMNT,1,1,1,1
78,245.811,l4,4.333333333,DMNT,1,1,1,1
78,246.288,l4,4.5,DMNT,1,1,1,1
78,287.03,l4,4.666666667,DMNT,1,1,1,1
78,243.283,l4,4.833333333,DMNT,1,1,1,1
78,241.636,l4,5,DMNT,1,1,1,1
78,210.128,l4,5.166666667,DMNT,1,1,1,1
78,182.401,l4,5.333333333,DMNT,1,1,1,1
78,186.715,l4,5.5,DMNT,1,1,1,1
78,179.228,l4,5.666666667,DMNT,1,1,1,1
78,181.934,l4,5.833333333,DMNT,1,1,1,1
78,166.927,l4,6,DMNT,1,1,1,1
78,153.023,l4,6.166666667,DMNT,1,1,1,1
78,155.979,l4,6.333333333,DMNT,1,1,1,1
78,145.359,l4,6.5,DMNT,1,1,1,1
78,140.736,l4,6.666666667,DMNT,1,1,1,1
78,125.048,l4,6.833333333,DMNT,1,1,1,1
78,127.007,l4,7,DMNT,1,1,1,1
78,111.555,l4,7.166666667,DMNT,1,1,1,1
78,118.686,l4,7.333333333,DMNT,1,1,1,1
78,101.051,l4,7.5,DMNT,1,1,1,1
78,96.6415,l4,7.666666667,DMNT,1,1,1,1
78,85.0462,l4,7.833333333,DMNT,1,1,1,1
78,85.6029,l4,8,DMNT,1,1,1,1
78,81.7854,l4,8.166666667,DMNT,1,1,1,1
78,84.3545,l4,8.333333333,DMNT,1,1,1,1
78,63.8845,l4,8.5,DMNT,1,1,1,1
78,72.8101,l4,8.666666667,DMNT,1,1,1,1
78,60.7475,l4,8.833333333,DMNT,1,1,1,1
78,34.0935,l4,9,DMNT,1,1,1,1
78,57.6352,l4,9.166666667,DMNT,1,1,1,1
79,5.98203,l2,-0.666666667,DMNT,1,1,1,1
79,9.9693,l2,-0.5,DMNT,1,1,1,1
79,5.17176,l2,-0.333333333,DMNT,1,1,1,1
79,6.78903,l2,-0.166666667,DMNT,1,1,1,1
79,1.00E-08,l2,0,DMNT,1,1,1,1
79,14.2487,l2,0.166666667,DMNT,1,1,1,1
79,9.1664,l2,0.333333333,DMNT,1,1,1,1
79,10.2349,l2,0.5,DMNT,1,1,1,1
79,10.792,l2,0.666666667,DMNT,1,1,1,1
79,6.38611,l2,0.833333333,DMNT,1,1,1,1
79,16.2009,l2,1,DMNT,1,1,1,1
79,31.3114,l2,1.166666667,DMNT,1,1,1,1
79,60.9418,l2,1.333333333,DMNT,1,1,1,1
79,133.211,l2,1.5,DMNT,1,1,1,1
79,232.259,l2,1.666666667,DMNT,1,1,1,1
79,335.864,l2,1.833333333,DMNT,1,1,1,1
79,488.395,l2,2,DMNT,1,1,1,1
79,618.601,l2,2.166666667,DMNT,1,1,1,1
79,804.045,l2,2.333333333,DMNT,1,1,1,1
79,860.174,l2,2.5,DMNT,1,1,1,1
79,896.165,l2,2.666666667,DMNT,1,1,1,1
79,923.846,l2,2.833333333,DMNT,1,1,1,1
79,813.231,l2,3,DMNT,1,1,1,1
79,810.508,l2,3.166666667,DMNT,1,1,1,1
79,770.102,l2,3.333333333,DMNT,1,1,1,1
79,733.53,l2,3.5,DMNT,1,1,1,1
79,697.488,l2,3.666666667,DMNT,1,1,1,1
79,655.986,l2,3.833333333,DMNT,1,1,1,1
79,681.684,l2,4,DMNT,1,1,1,1
79,573.726,l2,4.166666667,DMNT,1,1,1,1
79,546.094,l2,4.333333333,DMNT,1,1,1,1
79,493.918,l2,4.5,DMNT,1,1,1,1
79,518.793,l2,4.666666667,DMNT,1,1,1,1
79,466.372,l2,4.833333333,DMNT,1,1,1,1
79,417.391,l2,5,DMNT,1,1,1,1
79,362.178,l2,5.166666667,DMNT,1,1,1,1
79,369.188,l2,5.333333333,DMNT,1,1,1,1
79,307.6,l2,5.5,DMNT,1,1,1,1
79,285.397,l2,5.666666667,DMNT,1,1,1,1
79,271.585,l2,5.833333333,DMNT,1,1,1,1
79,235.419,l2,6,DMNT,1,1,1,1
79,201.354,l2,6.166666667,DMNT,1,1,1,1
79,204.827,l2,6.333333333,DMNT,1,1,1,1
79,189.236,l2,6.5,DMNT,1,1,1,1
79,187.893,l2,6.666666667,DMNT,1,1,1,1
79,180.317,l2,6.833333333,DMNT,1,1,1,1
79,137.03,l2,7,DMNT,1,1,1,1
79,129.787,l2,7.166666667,DMNT,1,1,1,1
79,144.741,l2,7.333333333,DMNT,1,1,1,1
79,114.583,l2,7.5,DMNT,1,1,1,1
79,105.444,l2,7.666666667,DMNT,1,1,1,1
79,103.972,l2,7.833333333,DMNT,1,1,1,1
79,85.3804,l2,8,DMNT,1,1,1,1
79,71.1756,l2,8.166666667,DMNT,1,1,1,1
79,60.3394,l2,8.333333333,DMNT,1,1,1,1
79,80.4474,l2,8.5,DMNT,1,1,1,1
79,63.9728,l2,8.666666667,DMNT,1,1,1,1
79,65.8404,l2,8.833333333,DMNT,1,1,1,1
79,67.7829,l2,9,DMNT,1,1,1,1
79,58.1687,l2,9.166666667,DMNT,1,1,1,1
80,10.7409,l4,-0.666666667,DMNT,1,1,1,1
80,9.7315,l4,-0.5,DMNT,1,1,1,1
80,9.43663,l4,-0.333333333,DMNT,1,1,1,1
80,8.29261,l4,-0.166666667,DMNT,1,1,1,1
80,9.80511,l4,0,DMNT,1,1,1,1
80,6.54637,l4,0.166666667,DMNT,1,1,1,1
80,9.18176,l4,0.333333333,DMNT,1,1,1,1
80,8.6419,l4,0.5,DMNT,1,1,1,1
80,10.4615,l4,0.666666667,DMNT,1,1,1,1
80,15.4543,l4,0.833333333,DMNT,1,1,1,1
80,22.051,l4,1,DMNT,1,1,1,1
80,36.3907,l4,1.166666667,DMNT,1,1,1,1
80,71.5996,l4,1.333333333,DMNT,1,1,1,1
80,145.917,l4,1.5,DMNT,1,1,1,1
80,186.136,l4,1.666666667,DMNT,1,1,1,1
80,301.901,l4,1.833333333,DMNT,1,1,1,1
80,374.077,l4,2,DMNT,1,1,1,1
80,446.862,l4,2.166666667,DMNT,1,1,1,1
80,476.218,l4,2.333333333,DMNT,1,1,1,1
80,537.616,l4,2.5,DMNT,1,1,1,1
80,438.116,l4,2.666666667,DMNT,1,1,1,1
80,444.043,l4,2.833333333,DMNT,1,1,1,1
80,425.958,l4,3,DMNT,1,1,1,1
80,378.029,l4,3.166666667,DMNT,1,1,1,1
80,368.914,l4,3.333333333,DMNT,1,1,1,1
80,351.361,l4,3.5,DMNT,1,1,1,1
80,339.251,l4,3.666666667,DMNT,1,1,1,1
80,274.46,l4,3.833333333,DMNT,1,1,1,1
80,236.565,l4,4,DMNT,1,1,1,1
80,234.264,l4,4.166666667,DMNT,1,1,1,1
80,266.597,l4,4.333333333,DMNT,1,1,1,1
80,246.75,l4,4.5,DMNT,1,1,1,1
80,252.865,l4,4.666666667,DMNT,1,1,1,1
80,206.934,l4,4.833333333,DMNT,1,1,1,1
80,217.397,l4,5,DMNT,1,1,1,1
80,211.915,l4,5.166666667,DMNT,1,1,1,1
80,198.054,l4,5.333333333,DMNT,1,1,1,1
80,211.468,l4,5.5,DMNT,1,1,1,1
80,150.978,l4,5.666666667,DMNT,1,1,1,1
80,165.273,l4,5.833333333,DMNT,1,1,1,1
80,172.241,l4,6,DMNT,1,1,1,1
80,142.011,l4,6.166666667,DMNT,1,1,1,1
80,136.996,l4,6.333333333,DMNT,1,1,1,1
80,125.332,l4,6.5,DMNT,1,1,1,1
80,132.413,l4,6.666666667,DMNT,1,1,1,1
80,114.66,l4,6.833333333,DMNT,1,1,1,1
80,115.324,l4,7,DMNT,1,1,1,1
80,85.0439,l4,7.166666667,DMNT,1,1,1,1
80,112.071,l4,7.333333333,DMNT,1,1,1,1
80,94.9989,l4,7.5,DMNT,1,1,1,1
80,88.6533,l4,7.666666667,DMNT,1,1,1,1
80,85.078,l4,7.833333333,DMNT,1,1,1,1
80,91.0337,l4,8,DMNT,1,1,1,1
80,64.2637,l4,8.166666667,DMNT,1,1,1,1
80,83.2724,l4,8.333333333,DMNT,1,1,1,1
80,78.3453,l4,8.5,DMNT,1,1,1,1
80,70.8551,l4,8.666666667,DMNT,1,1,1,1
80,62.9951,l4,8.833333333,DMNT,1,1,1,1
80,63.0194,l4,9,DMNT,1,1,1,1
80,60.9026,l4,9.166666667,DMNT,1,1,1,1
83,0.486018,l2,-0.666666667,DMNT,1,1,1,1
83,5.84658,l2,-0.5,DMNT,1,1,1,1
83,10.0123,l2,-0.333333333,DMNT,1,1,1,1
83,4.4486,l2,-0.166666667,DMNT,1,1,1,1
83,8.71339,l2,0,DMNT,1,1,1,1
83,1.00E-08,l2,0.166666667,DMNT,1,1,1,1
83,8.69722,l2,0.333333333,DMNT,1,1,1,1
83,7.00926,l2,0.5,DMNT,1,1,1,1
83,4.77594,l2,0.666666667,DMNT,1,1,1,1
83,11.4555,l2,0.833333333,DMNT,1,1,1,1
83,17.5644,l2,1,DMNT,1,1,1,1
83,29.945,l2,1.166666667,DMNT,1,1,1,1
83,51.9494,l2,1.333333333,DMNT,1,1,1,1
83,101.367,l2,1.5,DMNT,1,1,1,1
83,163.469,l2,1.666666667,DMNT,1,1,1,1
83,247.806,l2,1.833333333,DMNT,1,1,1,1
83,336.98,l2,2,DMNT,1,1,1,1
83,474.624,l2,2.166666667,DMNT,1,1,1,1
83,571.038,l2,2.333333333,DMNT,1,1,1,1
83,693.32,l2,2.5,DMNT,1,1,1,1
83,713.02,l2,2.666666667,DMNT,1,1,1,1
83,728.407,l2,2.833333333,DMNT,1,1,1,1
83,720.297,l2,3,DMNT,1,1,1,1
83,673.125,l2,3.166666667,DMNT,1,1,1,1
83,720.005,l2,3.333333333,DMNT,1,1,1,1
83,621.856,l2,3.5,DMNT,1,1,1,1
83,665.201,l2,3.666666667,DMNT,1,1,1,1
83,647.614,l2,3.833333333,DMNT,1,1,1,1
83,592.542,l2,4,DMNT,1,1,1,1
83,578.624,l2,4.166666667,DMNT,1,1,1,1
83,537.421,l2,4.333333333,DMNT,1,1,1,1
83,528.675,l2,4.5,DMNT,1,1,1,1
83,511.186,l2,4.666666667,DMNT,1,1,1,1
83,452.04,l2,4.833333333,DMNT,1,1,1,1
83,458.445,l2,5,DMNT,1,1,1,1
83,405.095,l2,5.166666667,DMNT,1,1,1,1
83,393.071,l2,5.333333333,DMNT,1,1,1,1
83,358.201,l2,5.5,DMNT,1,1,1,1
83,317.267,l2,5.666666667,DMNT,1,1,1,1
83,296.837,l2,5.833333333,DMNT,1,1,1,1
83,265.324,l2,6,DMNT,1,1,1,1
83,253.981,l2,6.166666667,DMNT,1,1,1,1
83,225.685,l2,6.333333333,DMNT,1,1,1,1
83,230.532,l2,6.5,DMNT,1,1,1,1
83,234.718,l2,6.666666667,DMNT,1,1,1,1
83,204.217,l2,6.833333333,DMNT,1,1,1,1
83,178.303,l2,7,DMNT,1,1,1,1
83,177.507,l2,7.166666667,DMNT,1,1,1,1
83,176.612,l2,7.333333333,DMNT,1,1,1,1
83,162.772,l2,7.5,DMNT,1,1,1,1
83,153.149,l2,7.666666667,DMNT,1,1,1,1
83,136.695,l2,7.833333333,DMNT,1,1,1,1
83,132.889,l2,8,DMNT,1,1,1,1
83,121.333,l2,8.166666667,DMNT,1,1,1,1
83,107.532,l2,8.333333333,DMNT,1,1,1,1
83,94.8872,l2,8.5,DMNT,1,1,1,1
83,104.462,l2,8.666666667,DMNT,1,1,1,1
83,87.7152,l2,8.833333333,DMNT,1,1,1,1
83,90.6918,l2,9,DMNT,1,1,1,1
83,79.737,l2,9.166666667,DMNT,1,1,1,1
84,4.17133,l4,-0.666666667,DMNT,1,1,1,1
84,10.9104,l4,-0.5,DMNT,1,1,1,1
84,8.15176,l4,-0.333333333,DMNT,1,1,1,1
84,9.21333,l4,-0.166666667,DMNT,1,1,1,1
84,6.69062,l4,0,DMNT,1,1,1,1
84,9.23505,l4,0.166666667,DMNT,1,1,1,1
84,6.98747,l4,0.333333333,DMNT,1,1,1,1
84,12.1443,l4,0.5,DMNT,1,1,1,1
84,8.5662,l4,0.666666667,DMNT,1,1,1,1
84,10.8302,l4,0.833333333,DMNT,1,1,1,1
84,15.9285,l4,1,DMNT,1,1,1,1
84,34.5142,l4,1.166666667,DMNT,1,1,1,1
84,28.613,l4,1.333333333,DMNT,1,1,1,1
84,88.1524,l4,1.5,DMNT,1,1,1,1
84,118.992,l4,1.666666667,DMNT,1,1,1,1
84,110.162,l4,1.833333333,DMNT,1,1,1,1
84,209.455,l4,2,DMNT,1,1,1,1
84,220.264,l4,2.166666667,DMNT,1,1,1,1
84,229.221,l4,2.333333333,DMNT,1,1,1,1
84,238.157,l4,2.5,DMNT,1,1,1,1
84,228.59,l4,2.666666667,DMNT,1,1,1,1
84,130.012,l4,2.833333333,DMNT,1,1,1,1
84,190.73,l4,3,DMNT,1,1,1,1
84,195.394,l4,3.166666667,DMNT,1,1,1,1
84,168.079,l4,3.333333333,DMNT,1,1,1,1
84,162.074,l4,3.5,DMNT,1,1,1,1
84,156.054,l4,3.666666667,DMNT,1,1,1,1
84,136.538,l4,3.833333333,DMNT,1,1,1,1
84,122.701,l4,4,DMNT,1,1,1,1
84,130.504,l4,4.166666667,DMNT,1,1,1,1
84,105.772,l4,4.333333333,DMNT,1,1,1,1
84,115.067,l4,4.5,DMNT,1,1,1,1
84,105.918,l4,4.666666667,DMNT,1,1,1,1
84,82.4683,l4,4.833333333,DMNT,1,1,1,1
84,99.9592,l4,5,DMNT,1,1,1,1
84,84.5547,l4,5.166666667,DMNT,1,1,1,1
84,77.9854,l4,5.333333333,DMNT,1,1,1,1
84,78.425,l4,5.5,DMNT,1,1,1,1
84,86.1326,l4,5.666666667,DMNT,1,1,1,1
84,61.5335,l4,5.833333333,DMNT,1,1,1,1
84,62.8045,l4,6,DMNT,1,1,1,1
84,69.4503,l4,6.166666667,DMNT,1,1,1,1
84,66.9463,l4,6.333333333,DMNT,1,1,1,1
84,53.472,l4,6.5,DMNT,1,1,1,1
84,62.0969,l4,6.666666667,DMNT,1,1,1,1
84,60.0612,l4,6.833333333,DMNT,1,1,1,1
84,38.0138,l4,7,DMNT,1,1,1,1
84,56.0174,l4,7.166666667,DMNT,1,1,1,1
84,53.2657,l4,7.333333333,DMNT,1,1,1,1
84,48.0186,l4,7.5,DMNT,1,1,1,1
84,45.7498,l4,7.666666667,DMNT,1,1,1,1
84,33.1689,l4,7.833333333,DMNT,1,1,1,1
84,41.0467,l4,8,DMNT,1,1,1,1
84,42.91,l4,8.166666667,DMNT,1,1,1,1
84,41.8284,l4,8.333333333,DMNT,1,1,1,1
84,29.0625,l4,8.5,DMNT,1,1,1,1
84,35.7288,l4,8.666666667,DMNT,1,1,1,1
84,31.2972,l4,8.833333333,DMNT,1,1,1,1
84,17.3718,l4,9,DMNT,1,1,1,1
84,11.4362,l4,9.166666667,DMNT,1,1,1,1
85,6.17321,l4,-0.666666667,DMNT,1,1,1,1
85,1.05217,l4,-0.5,DMNT,1,1,1,1
85,10.1632,l4,-0.333333333,DMNT,1,1,1,1
85,4.65846,l4,-0.166666667,DMNT,1,1,1,1
85,4.0896,l4,0,DMNT,1,1,1,1
85,1.00E-08,l4,0.166666667,DMNT,1,1,1,1
85,9.13156,l4,0.333333333,DMNT,1,1,1,1
85,6.60158,l4,0.5,DMNT,1,1,1,1
85,10.6682,l4,0.666666667,DMNT,1,1,1,1
85,16.4406,l4,0.833333333,DMNT,1,1,1,1
85,14.6813,l4,1,DMNT,1,1,1,1
85,37.976,l4,1.166666667,DMNT,1,1,1,1
85,56.5919,l4,1.333333333,DMNT,1,1,1,1
85,116.393,l4,1.5,DMNT,1,1,1,1
85,194.848,l4,1.666666667,DMNT,1,1,1,1
85,344.198,l4,1.833333333,DMNT,1,1,1,1
85,473.685,l4,2,DMNT,1,1,1,1
85,627.861,l4,2.166666667,DMNT,1,1,1,1
85,729.988,l4,2.333333333,DMNT,1,1,1,1
85,853.964,l4,2.5,DMNT,1,1,1,1
85,839.103,l4,2.666666667,DMNT,1,1,1,1
85,832.864,l4,2.833333333,DMNT,1,1,1,1
85,754.432,l4,3,DMNT,1,1,1,1
85,715.672,l4,3.166666667,DMNT,1,1,1,1
85,657.684,l4,3.333333333,DMNT,1,1,1,1
85,598.727,l4,3.5,DMNT,1,1,1,1
85,562.984,l4,3.666666667,DMNT,1,1,1,1
85,553.079,l4,3.833333333,DMNT,1,1,1,1
85,498.984,l4,4,DMNT,1,1,1,1
85,292.301,l4,4.166666667,DMNT,1,1,1,1
85,426.088,l4,4.333333333,DMNT,1,1,1,1
85,440.397,l4,4.5,DMNT,1,1,1,1
85,435.388,l4,4.666666667,DMNT,1,1,1,1
85,333.283,l4,4.833333333,DMNT,1,1,1,1
85,365.187,l4,5,DMNT,1,1,1,1
85,349.373,l4,5.166666667,DMNT,1,1,1,1
85,313.493,l4,5.333333333,DMNT,1,1,1,1
85,294.43,l4,5.5,DMNT,1,1,1,1
85,252.946,l4,5.666666667,DMNT,1,1,1,1
85,278.468,l4,5.833333333,DMNT,1,1,1,1
85,250.128,l4,6,DMNT,1,1,1,1
85,219.896,l4,6.166666667,DMNT,1,1,1,1
85,207.728,l4,6.333333333,DMNT,1,1,1,1
85,207.66,l4,6.5,DMNT,1,1,1,1
85,178.221,l4,6.666666667,DMNT,1,1,1,1
85,143.434,l4,6.833333333,DMNT,1,1,1,1
85,186.657,l4,7,DMNT,1,1,1,1
85,184.245,l4,7.166666667,DMNT,1,1,1,1
85,155.204,l4,7.333333333,DMNT,1,1,1,1
85,164.303,l4,7.5,DMNT,1,1,1,1
85,91.7942,l4,7.666666667,DMNT,1,1,1,1
85,122.322,l4,7.833333333,DMNT,1,1,1,1
85,143.21,l4,8,DMNT,1,1,1,1
85,137.925,l4,8.166666667,DMNT,1,1,1,1
85,113.863,l4,8.333333333,DMNT,1,1,1,1
85,108.919,l4,8.5,DMNT,1,1,1,1
85,51.2821,l4,8.666666667,DMNT,1,1,1,1
85,90.3098,l4,8.833333333,DMNT,1,1,1,1
85,79.6172,l4,9,DMNT,1,1,1,1
85,91.9369,l4,9.166666667,DMNT,1,1,1,1
86,6.59912,a,-0.666666667,DMNT,1,1,1,1
86,7.73464,a,-0.5,DMNT,1,1,1,1
86,3.85024,a,-0.333333333,DMNT,1,1,1,1
86,9.88329,a,-0.166666667,DMNT,1,1,1,1
86,9.17144,a,0,DMNT,1,1,1,1
86,8.75558,a,0.166666667,DMNT,1,1,1,1
86,7.69371,a,0.333333333,DMNT,1,1,1,1
86,11.1099,a,0.5,DMNT,1,1,1,1
86,10.1245,a,0.666666667,DMNT,1,1,1,1
86,10.4517,a,0.833333333,DMNT,1,1,1,1
86,9.06796,a,1,DMNT,1,1,1,1
86,9.10485,a,1.166666667,DMNT,1,1,1,1
86,8.59938,a,1.333333333,DMNT,1,1,1,1
86,10.7725,a,1.5,DMNT,1,1,1,1
86,8.87446,a,1.666666667,DMNT,1,1,1,1
86,11.0305,a,1.833333333,DMNT,1,1,1,1
86,14.0784,a,2,DMNT,1,1,1,1
86,10.7798,a,2.166666667,DMNT,1,1,1,1
86,13.875,a,2.333333333,DMNT,1,1,1,1
86,7.06278,a,2.5,DMNT,1,1,1,1
86,0.866524,a,2.666666667,DMNT,1,1,1,1
86,1.55767,a,2.833333333,DMNT,1,1,1,1
86,6.50177,a,3,DMNT,1,1,1,1
86,1.00E-08,a,3.166666667,DMNT,1,1,1,1
86,14.851,a,3.333333333,DMNT,1,1,1,1
86,16.5678,a,3.5,DMNT,1,1,1,1
86,22.2097,a,3.666666667,DMNT,1,1,1,1
86,15.228,a,3.833333333,DMNT,1,1,1,1
86,23.1858,a,4,DMNT,1,1,1,1
86,16.033,a,4.166666667,DMNT,1,1,1,1
86,16.1579,a,4.333333333,DMNT,1,1,1,1
86,20.8527,a,4.5,DMNT,1,1,1,1
86,15.0473,a,4.666666667,DMNT,1,1,1,1
86,1.00E-08,a,4.833333333,DMNT,1,1,1,1
86,15.6997,a,5,DMNT,1,1,1,1
86,2.96551,a,5.166666667,DMNT,1,1,1,1
86,13.9001,a,5.333333333,DMNT,1,1,1,1
86,5.15441,a,5.5,DMNT,1,1,1,1
86,13.0729,a,5.666666667,DMNT,1,1,1,1
86,8.08514,a,5.833333333,DMNT,1,1,1,1
86,12.8422,a,6,DMNT,1,1,1,1
86,14.8262,a,6.166666667,DMNT,1,1,1,1
86,13.8713,a,6.333333333,DMNT,1,1,1,1
86,12.7491,a,6.5,DMNT,1,1,1,1
86,1.00E-08,a,6.666666667,DMNT,1,1,1,1
86,8.56135,a,6.833333333,DMNT,1,1,1,1
86,10.386,a,7,DMNT,1,1,1,1
86,14.5381,a,7.166666667,DMNT,1,1,1,1
86,9.82406,a,7.333333333,DMNT,1,1,1,1
86,15.516,a,7.5,DMNT,1,1,1,1
86,12.4147,a,7.666666667,DMNT,1,1,1,1
86,1.00E-08,a,7.833333333,DMNT,1,1,1,1
86,11.8919,a,8,DMNT,1,1,1,1
86,8.09778,a,8.166666667,DMNT,1,1,1,1
86,14.3081,a,8.333333333,DMNT,1,1,1,1
86,11.1519,a,8.5,DMNT,1,1,1,1
86,15.5404,a,8.666666667,DMNT,1,1,1,1
86,1.00E-08,a,8.833333333,DMNT,1,1,1,1
86,1.00E-08,a,9,DMNT,1,1,1,1
86,15.5136,a,9.166666667,DMNT,1,1,1,1
89,9.63525,a,-0.666666667,DMNT,1,1,1,1
89,9.57756,a,-0.5,DMNT,1,1,1,1
89,5.30908,a,-0.333333333,DMNT,1,1,1,1
89,8.50181,a,-0.166666667,DMNT,1,1,1,1
89,7.74991,a,0,DMNT,1,1,1,1
89,6.86119,a,0.166666667,DMNT,1,1,1,1
89,1.63384,a,0.333333333,DMNT,1,1,1,1
89,11.4201,a,0.5,DMNT,1,1,1,1
89,1.00E-08,a,0.666666667,DMNT,1,1,1,1
89,11.168,a,0.833333333,DMNT,1,1,1,1
89,9.19805,a,1,DMNT,1,1,1,1
89,9.22278,a,1.166666667,DMNT,1,1,1,1
89,12.8252,a,1.333333333,DMNT,1,1,1,1
89,11.3918,a,1.5,DMNT,1,1,1,1
89,17.7224,a,1.666666667,DMNT,1,1,1,1
89,14.7186,a,1.833333333,DMNT,1,1,1,1
89,16.7851,a,2,DMNT,1,1,1,1
89,10.3876,a,2.166666667,DMNT,1,1,1,1
89,14.0937,a,2.333333333,DMNT,1,1,1,1
89,18.0487,a,2.5,DMNT,1,1,1,1
89,17.0978,a,2.666666667,DMNT,1,1,1,1
89,12.2312,a,2.833333333,DMNT,1,1,1,1
89,11.7619,a,3,DMNT,1,1,1,1
89,17.1502,a,3.166666667,DMNT,1,1,1,1
89,21.311,a,3.333333333,DMNT,1,1,1,1
89,23.7119,a,3.5,DMNT,1,1,1,1
89,20.1436,a,3.666666667,DMNT,1,1,1,1
89,20.3629,a,3.833333333,DMNT,1,1,1,1
89,20.3386,a,4,DMNT,1,1,1,1
89,21.7168,a,4.166666667,DMNT,1,1,1,1
89,15.7639,a,4.333333333,DMNT,1,1,1,1
89,18.2221,a,4.5,DMNT,1,1,1,1
89,13.0969,a,4.666666667,DMNT,1,1,1,1
89,19.601,a,4.833333333,DMNT,1,1,1,1
89,18.611,a,5,DMNT,1,1,1,1
89,12.8611,a,5.166666667,DMNT,1,1,1,1
89,18.1889,a,5.333333333,DMNT,1,1,1,1
89,14.3584,a,5.5,DMNT,1,1,1,1
89,17.0204,a,5.666666667,DMNT,1,1,1,1
89,14.2002,a,5.833333333,DMNT,1,1,1,1
89,6.85949,a,6,DMNT,1,1,1,1
89,9.74201,a,6.166666667,DMNT,1,1,1,1
89,2.02154,a,6.333333333,DMNT,1,1,1,1
89,15.0907,a,6.5,DMNT,1,1,1,1
89,7.33127,a,6.666666667,DMNT,1,1,1,1
89,12.4122,a,6.833333333,DMNT,1,1,1,1
89,11.2457,a,7,DMNT,1,1,1,1
89,6.94228,a,7.166666667,DMNT,1,1,1,1
89,11.5555,a,7.333333333,DMNT,1,1,1,1
89,5.19293,a,7.5,DMNT,1,1,1,1
89,11.1711,a,7.666666667,DMNT,1,1,1,1
89,14.2033,a,7.833333333,DMNT,1,1,1,1
89,8.47053,a,8,DMNT,1,1,1,1
89,13.9395,a,8.166666667,DMNT,1,1,1,1
89,6.81008,a,8.333333333,DMNT,1,1,1,1
89,1.00E-08,a,8.5,DMNT,1,1,1,1
89,9.46492,a,8.666666667,DMNT,1,1,1,1
89,12.5088,a,8.833333333,DMNT,1,1,1,1
89,10.906,a,9,DMNT,1,1,1,1
89,12.0574,a,9.166666667,DMNT,1,1,1,1
90,3.51507,l3,-0.666666667,DMNT,1,1,1,1
90,4.86397,l3,-0.5,DMNT,1,1,1,1
90,10.5854,l3,-0.333333333,DMNT,1,1,1,1
90,8.40279,l3,-0.166666667,DMNT,1,1,1,1
90,1.00E-08,l3,0,DMNT,1,1,1,1
90,1.00E-08,l3,0.166666667,DMNT,1,1,1,1
90,11.7483,l3,0.333333333,DMNT,1,1,1,1
90,1.00E-08,l3,0.5,DMNT,1,1,1,1
90,12.5924,l3,0.666666667,DMNT,1,1,1,1
90,8.60669,l3,0.833333333,DMNT,1,1,1,1
90,22.0037,l3,1,DMNT,1,1,1,1
90,33.7954,l3,1.166666667,DMNT,1,1,1,1
90,66.6681,l3,1.333333333,DMNT,1,1,1,1
90,167.746,l3,1.5,DMNT,1,1,1,1
90,292.006,l3,1.666666667,DMNT,1,1,1,1
90,532.706,l3,1.833333333,DMNT,1,1,1,1
90,716.886,l3,2,DMNT,1,1,1,1
90,962.529,l3,2.166666667,DMNT,1,1,1,1
90,1196.1,l3,2.333333333,DMNT,1,1,1,1
90,1357.68,l3,2.5,DMNT,1,1,1,1
90,1573.48,l3,2.666666667,DMNT,1,1,1,1
90,1607.06,l3,2.833333333,DMNT,1,1,1,1
90,1624.62,l3,3,DMNT,1,1,1,1
90,1609.39,l3,3.166666667,DMNT,1,1,1,1
90,1376.8,l3,3.333333333,DMNT,1,1,1,1
90,1374.42,l3,3.5,DMNT,1,1,1,1
90,1405.4,l3,3.666666667,DMNT,1,1,1,1
90,1307.74,l3,3.833333333,DMNT,1,1,1,1
90,1176.82,l3,4,DMNT,1,1,1,1
90,1217.39,l3,4.166666667,DMNT,1,1,1,1
90,1145.91,l3,4.333333333,DMNT,1,1,1,1
90,1007.67,l3,4.5,DMNT,1,1,1,1
90,1080.73,l3,4.666666667,DMNT,1,1,1,1
90,1023.02,l3,4.833333333,DMNT,1,1,1,1
90,779.814,l3,5,DMNT,1,1,1,1
90,910.549,l3,5.166666667,DMNT,1,1,1,1
90,817.887,l3,5.333333333,DMNT,1,1,1,1
90,712.307,l3,5.5,DMNT,1,1,1,1
90,741.358,l3,5.666666667,DMNT,1,1,1,1
90,672.446,l3,5.833333333,DMNT,1,1,1,1
90,613.379,l3,6,DMNT,1,1,1,1
90,603.526,l3,6.166666667,DMNT,1,1,1,1
90,497.445,l3,6.333333333,DMNT,1,1,1,1
90,520.866,l3,6.5,DMNT,1,1,1,1
90,491.615,l3,6.666666667,DMNT,1,1,1,1
90,466.154,l3,6.833333333,DMNT,1,1,1,1
90,453.832,l3,7,DMNT,1,1,1,1
90,396.233,l3,7.166666667,DMNT,1,1,1,1
90,401.314,l3,7.333333333,DMNT,1,1,1,1
90,373.771,l3,7.5,DMNT,1,1,1,1
90,370.306,l3,7.666666667,DMNT,1,1,1,1
90,336.76,l3,7.833333333,DMNT,1,1,1,1
90,297.167,l3,8,DMNT,1,1,1,1
90,307.156,l3,8.166666667,DMNT,1,1,1,1
90,278.026,l3,8.333333333,DMNT,1,1,1,1
90,287.921,l3,8.5,DMNT,1,1,1,1
90,270.041,l3,8.666666667,DMNT,1,1,1,1
90,248.229,l3,8.833333333,DMNT,1,1,1,1
90,235.05,l3,9,DMNT,1,1,1,1
90,224.745,l3,9.166666667,DMNT,1,1,1,1
91,3.67708,l2,-0.666666667,DMNT,1,1,1,1
91,4.42728,l2,-0.5,DMNT,1,1,1,1
91,10.0831,l2,-0.333333333,DMNT,1,1,1,1
91,1.00E-08,l2,-0.166666667,DMNT,1,1,1,1
91,6.82004,l2,0,DMNT,1,1,1,1
91,8.14035,l2,0.166666667,DMNT,1,1,1,1
91,6.77772,l2,0.333333333,DMNT,1,1,1,1
91,8.2282,l2,0.5,DMNT,1,1,1,1
91,11.6057,l2,0.666666667,DMNT,1,1,1,1
91,10.9256,l2,0.833333333,DMNT,1,1,1,1
91,10.6084,l2,1,DMNT,1,1,1,1
91,33.6975,l2,1.166666667,DMNT,1,1,1,1
91,67.8229,l2,1.333333333,DMNT,1,1,1,1
91,149.944,l2,1.5,DMNT,1,1,1,1
91,236.409,l2,1.666666667,DMNT,1,1,1,1
91,306.559,l2,1.833333333,DMNT,1,1,1,1
91,526.469,l2,2,DMNT,1,1,1,1
91,681.961,l2,2.166666667,DMNT,1,1,1,1
91,840.148,l2,2.333333333,DMNT,1,1,1,1
91,892.188,l2,2.5,DMNT,1,1,1,1
91,903.15,l2,2.666666667,DMNT,1,1,1,1
91,1006.21,l2,2.833333333,DMNT,1,1,1,1
91,919.243,l2,3,DMNT,1,1,1,1
91,952.382,l2,3.166666667,DMNT,1,1,1,1
91,860.12,l2,3.333333333,DMNT,1,1,1,1
91,830.836,l2,3.5,DMNT,1,1,1,1
91,903.589,l2,3.666666667,DMNT,1,1,1,1
91,808.796,l2,3.833333333,DMNT,1,1,1,1
91,774.791,l2,4,DMNT,1,1,1,1
91,757.023,l2,4.166666667,DMNT,1,1,1,1
91,747.835,l2,4.333333333,DMNT,1,1,1,1
91,722.737,l2,4.5,DMNT,1,1,1,1
91,758.272,l2,4.666666667,DMNT,1,1,1,1
91,678.142,l2,4.833333333,DMNT,1,1,1,1
91,616.269,l2,5,DMNT,1,1,1,1
91,623.597,l2,5.166666667,DMNT,1,1,1,1
91,583.847,l2,5.333333333,DMNT,1,1,1,1
91,518.735,l2,5.5,DMNT,1,1,1,1
91,529.895,l2,5.666666667,DMNT,1,1,1,1
91,479.194,l2,5.833333333,DMNT,1,1,1,1
91,442.627,l2,6,DMNT,1,1,1,1
91,390.12,l2,6.166666667,DMNT,1,1,1,1
91,371.841,l2,6.333333333,DMNT,1,1,1,1
91,364.704,l2,6.5,DMNT,1,1,1,1
91,346.304,l2,6.666666667,DMNT,1,1,1,1
91,313.654,l2,6.833333333,DMNT,1,1,1,1
91,287.533,l2,7,DMNT,1,1,1,1
91,260.773,l2,7.166666667,DMNT,1,1,1,1
91,275.473,l2,7.333333333,DMNT,1,1,1,1
91,254.983,l2,7.5,DMNT,1,1,1,1
91,238.478,l2,7.666666667,DMNT,1,1,1,1
91,208.922,l2,7.833333333,DMNT,1,1,1,1
91,193.186,l2,8,DMNT,1,1,1,1
91,179.933,l2,8.166666667,DMNT,1,1,1,1
91,179.969,l2,8.333333333,DMNT,1,1,1,1
91,162.261,l2,8.5,DMNT,1,1,1,1
91,161.13,l2,8.666666667,DMNT,1,1,1,1
91,148.518,l2,8.833333333,DMNT,1,1,1,1
91,125.189,l2,9,DMNT,1,1,1,1
91,114.351,l2,9.166666667,DMNT,1,1,1,1
92,8.45559,a,-0.666666667,DMNT,1,1,1,1
92,7.20551,a,-0.5,DMNT,1,1,1,1
92,4.44152,a,-0.333333333,DMNT,1,1,1,1
92,7.35605,a,-0.166666667,DMNT,1,1,1,1
92,5.25682,a,0,DMNT,1,1,1,1
92,8.61852,a,0.166666667,DMNT,1,1,1,1
92,1.00E-08,a,0.333333333,DMNT,1,1,1,1
92,1.00E-08,a,0.5,DMNT,1,1,1,1
92,9.24099,a,0.666666667,DMNT,1,1,1,1
92,7.47515,a,0.833333333,DMNT,1,1,1,1
92,15.2092,a,1,DMNT,1,1,1,1
92,9.49399,a,1.166666667,DMNT,1,1,1,1
92,11.4958,a,1.333333333,DMNT,1,1,1,1
92,18.1954,a,1.5,DMNT,1,1,1,1
92,9.49123,a,1.666666667,DMNT,1,1,1,1
92,12.0223,a,1.833333333,DMNT,1,1,1,1
92,15.8115,a,2,DMNT,1,1,1,1
92,6.91574,a,2.166666667,DMNT,1,1,1,1
92,16.8899,a,2.333333333,DMNT,1,1,1,1
92,16.73,a,2.5,DMNT,1,1,1,1
92,13.6666,a,2.666666667,DMNT,1,1,1,1
92,20.8942,a,2.833333333,DMNT,1,1,1,1
92,14.4634,a,3,DMNT,1,1,1,1
92,17.783,a,3.166666667,DMNT,1,1,1,1
92,21.6598,a,3.333333333,DMNT,1,1,1,1
92,21.1649,a,3.5,DMNT,1,1,1,1
92,13.7536,a,3.666666667,DMNT,1,1,1,1
92,17.2964,a,3.833333333,DMNT,1,1,1,1
92,9.93261,a,4,DMNT,1,1,1,1
92,22.6788,a,4.166666667,DMNT,1,1,1,1
92,20.0035,a,4.333333333,DMNT,1,1,1,1
92,15.3218,a,4.5,DMNT,1,1,1,1
92,19.0238,a,4.666666667,DMNT,1,1,1,1
92,19.312,a,4.833333333,DMNT,1,1,1,1
92,11.7731,a,5,DMNT,1,1,1,1
92,16.9162,a,5.166666667,DMNT,1,1,1,1
92,17.4212,a,5.333333333,DMNT,1,1,1,1
92,13.6327,a,5.5,DMNT,1,1,1,1
92,21.4142,a,5.666666667,DMNT,1,1,1,1
92,8.57716,a,5.833333333,DMNT,1,1,1,1
92,9.22799,a,6,DMNT,1,1,1,1
92,18.0703,a,6.166666667,DMNT,1,1,1,1
92,15.2165,a,6.333333333,DMNT,1,1,1,1
92,13.5685,a,6.5,DMNT,1,1,1,1
92,18.2036,a,6.666666667,DMNT,1,1,1,1
92,12.7557,a,6.833333333,DMNT,1,1,1,1
92,15.0581,a,7,DMNT,1,1,1,1
92,14.0649,a,7.166666667,DMNT,1,1,1,1
92,12.5007,a,7.333333333,DMNT,1,1,1,1
92,12.9943,a,7.5,DMNT,1,1,1,1
92,15.4073,a,7.666666667,DMNT,1,1,1,1
92,7.75312,a,7.833333333,DMNT,1,1,1,1
92,12.6662,a,8,DMNT,1,1,1,1
92,11.2395,a,8.166666667,DMNT,1,1,1,1
92,14.3247,a,8.333333333,DMNT,1,1,1,1
92,11.3702,a,8.5,DMNT,1,1,1,1
92,8.70127,a,8.666666667,DMNT,1,1,1,1
92,13.2055,a,8.833333333,DMNT,1,1,1,1
92,12.6098,a,9,DMNT,1,1,1,1
92,12.4708,a,9.166666667,DMNT,1,1,1,1
