,Emission,Channel_number,comp,time,Type,intensity1,position,d1_time,Totalbio,Leaf3
1,1.13479,8,DMNT,-1,a,0,NA,NA,2.59,0.81
2,1e-08,8,DMNT,-0.5,a,0,NA,NA,2.59,0.81
3,1.35785,8,DMNT,0,a,0,NA,NA,2.59,0.81
4,1.54761,8,DMNT,0.5,a,0,NA,NA,2.59,0.81
5,1.72909,8,DMNT,1,a,0,NA,NA,2.59,0.81
6,1.16603,8,DMNT,1.5,a,0,NA,NA,2.59,0.81
7,1e-08,8,DMNT,2,a,0,NA,NA,2.59,0.81
8,1.18691,8,DMNT,2.5,a,0,NA,NA,2.59,0.81
9,1.4341,8,DMNT,3,a,0,NA,NA,2.59,0.81
10,1.05788,8,DMNT,3.5,a,0,NA,NA,2.59,0.81
11,1.11019,8,DMNT,4,a,0,NA,NA,2.59,0.81
12,0.916829,8,DMNT,4.5,a,0,NA,NA,2.59,0.81
13,1e-08,8,DMNT,5,a,0,NA,NA,2.59,0.81
14,1.63241,8,DMNT,5.5,a,0,NA,NA,2.59,0.81
15,1e-08,8,DMNT,6,a,0,NA,NA,2.59,0.81
16,0.423418,8,DMNT,6.5,a,0,NA,NA,2.59,0.81
17,1e-08,8,DMNT,7,a,0,NA,NA,2.59,0.81
18,1e-08,8,DMNT,7.5,a,0,NA,NA,2.59,0.81
19,0.846379,8,DMNT,8,a,0,NA,NA,2.59,0.81
20,1.17868,8,DMNT,8.5,a,0,NA,NA,2.59,0.81
21,0.757278,8,DMNT,9,a,0,NA,NA,2.59,0.81
22,0.307656,8,DMNT,9.5,a,0,NA,NA,2.59,0.81
23,0.846305,8,DMNT,10,a,0,NA,NA,2.59,0.81
24,1.67044,8,DMNT,10.5,a,0,NA,NA,2.59,0.81
25,0.860268,8,DMNT,11,a,0,NA,NA,2.59,0.81
26,1e-08,8,DMNT,11.5,a,0,NA,NA,2.59,0.81
27,1.07449,8,DMNT,12,a,0,NA,NA,2.59,0.81
28,0.682127,8,DMNT,12.5,a,0,NA,NA,2.59,0.81
29,0.640199,8,DMNT,13,a,0,NA,NA,2.59,0.81
30,1.00647,8,DMNT,13.5,a,0,NA,NA,2.59,0.81
31,0.0457227,8,DMNT,14,a,0,NA,NA,2.59,0.81
32,0.883789,8,DMNT,14.5,a,0,NA,NA,2.59,0.81
33,1.35203,8,DMNT,15,a,0,NA,NA,2.59,0.81
34,0.898495,8,DMNT,15.5,a,0,NA,NA,2.59,0.81
35,0.584772,8,DMNT,16,a,0,NA,NA,2.59,0.81
36,0.95064,8,DMNT,16.5,a,0,NA,NA,2.59,0.81
37,1.01442,8,DMNT,17,a,0,NA,NA,2.59,0.81
38,1.18704,8,DMNT,17.5,a,0,NA,NA,2.59,0.81
39,1.19484,8,DMNT,18,a,0,NA,NA,2.59,0.81
40,1e-08,8,DMNT,18.5,a,0,NA,NA,2.59,0.81
41,1.03044,8,DMNT,19,a,0,NA,NA,2.59,0.81
42,0.0420599,8,DMNT,19.5,a,0,NA,NA,2.59,0.81
43,0.60694,8,DMNT,20,a,0,NA,NA,2.59,0.81
44,0.524075,8,DMNT,20.5,a,0,NA,NA,2.59,0.81
45,0.759118,8,DMNT,21,a,0,NA,NA,2.59,0.81
46,0.83297,8,DMNT,21.5,a,0,NA,NA,2.59,0.81
47,0.885602,8,DMNT,22,a,0,NA,NA,2.59,0.81
48,0.693318,8,DMNT,22.5,a,0,NA,NA,2.59,0.81
49,0.633532,8,DMNT,23,a,0,NA,NA,2.59,0.81
50,1e-08,8,DMNT,23.5,a,0,NA,NA,2.59,0.81
51,0.69401,8,DMNT,24,a,0,NA,NA,2.59,0.81
256,0.576446,20,DMNT,-1,a,0,NA,NA,1.75,0.5
257,0.965037,20,DMNT,-0.5,a,0,NA,NA,1.75,0.5
258,1.03562,20,DMNT,0,a,0,NA,NA,1.75,0.5
259,0.969473,20,DMNT,0.5,a,0,NA,NA,1.75,0.5
260,1.43444,20,DMNT,1,a,0,NA,NA,1.75,0.5
261,0.0988517,20,DMNT,1.5,a,0,NA,NA,1.75,0.5
262,1e-08,20,DMNT,2,a,0,NA,NA,1.75,0.5
263,1e-08,20,DMNT,2.5,a,0,NA,NA,1.75,0.5
264,1e-08,20,DMNT,3,a,0,NA,NA,1.75,0.5
265,1.03547,20,DMNT,3.5,a,0,NA,NA,1.75,0.5
266,0.579977,20,DMNT,4,a,0,NA,NA,1.75,0.5
267,0.901534,20,DMNT,4.5,a,0,NA,NA,1.75,0.5
268,0.864108,20,DMNT,5,a,0,NA,NA,1.75,0.5
269,0.713034,20,DMNT,5.5,a,0,NA,NA,1.75,0.5
270,1e-08,20,DMNT,6,a,0,NA,NA,1.75,0.5
271,1.37474,20,DMNT,6.5,a,0,NA,NA,1.75,0.5
272,0.421081,20,DMNT,7,a,0,NA,NA,1.75,0.5
273,0.588249,20,DMNT,7.5,a,0,NA,NA,1.75,0.5
274,0.835381,20,DMNT,8,a,0,NA,NA,1.75,0.5
275,1e-08,20,DMNT,8.5,a,0,NA,NA,1.75,0.5
276,0.560654,20,DMNT,9,a,0,NA,NA,1.75,0.5
277,0.607436,20,DMNT,9.5,a,0,NA,NA,1.75,0.5
278,0.802989,20,DMNT,10,a,0,NA,NA,1.75,0.5
279,0.227618,20,DMNT,10.5,a,0,NA,NA,1.75,0.5
280,1e-08,20,DMNT,11,a,0,NA,NA,1.75,0.5
281,0.916842,20,DMNT,11.5,a,0,NA,NA,1.75,0.5
282,0.660802,20,DMNT,12,a,0,NA,NA,1.75,0.5
283,0.325052,20,DMNT,12.5,a,0,NA,NA,1.75,0.5
284,1.46425,20,DMNT,13,a,0,NA,NA,1.75,0.5
285,0.530788,20,DMNT,13.5,a,0,NA,NA,1.75,0.5
286,0.604836,20,DMNT,14,a,0,NA,NA,1.75,0.5
287,1e-08,20,DMNT,14.5,a,0,NA,NA,1.75,0.5
288,0.630307,20,DMNT,15,a,0,NA,NA,1.75,0.5
289,0.0955965,20,DMNT,15.5,a,0,NA,NA,1.75,0.5
290,0.589246,20,DMNT,16,a,0,NA,NA,1.75,0.5
291,0.978828,20,DMNT,16.5,a,0,NA,NA,1.75,0.5
292,1e-08,20,DMNT,17,a,0,NA,NA,1.75,0.5
293,0.631858,20,DMNT,17.5,a,0,NA,NA,1.75,0.5
294,1.07385,20,DMNT,18,a,0,NA,NA,1.75,0.5
295,0.905492,20,DMNT,18.5,a,0,NA,NA,1.75,0.5
296,1.12185,20,DMNT,19,a,0,NA,NA,1.75,0.5
297,1e-08,20,DMNT,19.5,a,0,NA,NA,1.75,0.5
298,1.09163,20,DMNT,20,a,0,NA,NA,1.75,0.5
299,0.798575,20,DMNT,20.5,a,0,NA,NA,1.75,0.5
300,1.45775,20,DMNT,21,a,0,NA,NA,1.75,0.5
301,1.22329,20,DMNT,21.5,a,0,NA,NA,1.75,0.5
302,0.778211,20,DMNT,22,a,0,NA,NA,1.75,0.5
303,0.0989084,20,DMNT,22.5,a,0,NA,NA,1.75,0.5
304,1.65611,20,DMNT,23,a,0,NA,NA,1.75,0.5
305,1.14912,20,DMNT,23.5,a,0,NA,NA,1.75,0.5
306,0.982011,20,DMNT,24,a,0,NA,NA,1.75,0.5
511,1e-08,31,DMNT,-1,1c,6,Leaf3,11.75,2.16,0.61
512,0.0781791,31,DMNT,-0.5,1c,6,Leaf3,11.75,2.16,0.61
513,0.432527,31,DMNT,0,1c,6,Leaf3,11.75,2.16,0.61
514,0.614057,31,DMNT,0.5,1c,6,Leaf3,11.75,2.16,0.61
515,1.18587,31,DMNT,1,1c,6,Leaf3,11.75,2.16,0.61
516,1.2656,31,DMNT,1.5,1c,6,Leaf3,11.75,2.16,0.61
517,3.18901,31,DMNT,2,1c,6,Leaf3,11.75,2.16,0.61
518,6.22611,31,DMNT,2.5,1c,6,Leaf3,11.75,2.16,0.61
519,10.0113,31,DMNT,3,1c,6,Leaf3,11.75,2.16,0.61
520,8.41869,31,DMNT,3.5,1c,6,Leaf3,11.75,2.16,0.61
521,9.7657,31,DMNT,4,1c,6,Leaf3,11.75,2.16,0.61
522,7.44983,31,DMNT,4.5,1c,6,Leaf3,11.75,2.16,0.61
523,4.7872,31,DMNT,5,1c,6,Leaf3,11.75,2.16,0.61
524,4.94297,31,DMNT,5.5,1c,6,Leaf3,11.75,2.16,0.61
525,4.23572,31,DMNT,6,1c,6,Leaf3,11.75,2.16,0.61
526,3.89859,31,DMNT,6.5,1c,6,Leaf3,11.75,2.16,0.61
527,3.57782,31,DMNT,7,1c,6,Leaf3,11.75,2.16,0.61
528,2.19748,31,DMNT,7.5,1c,6,Leaf3,11.75,2.16,0.61
529,3.30328,31,DMNT,8,1c,6,Leaf3,11.75,2.16,0.61
530,1.90905,31,DMNT,8.5,1c,6,Leaf3,11.75,2.16,0.61
531,1.00388,31,DMNT,9,1c,6,Leaf3,11.75,2.16,0.61
532,1.96371,31,DMNT,9.5,1c,6,Leaf3,11.75,2.16,0.61
533,1.89191,31,DMNT,10,1c,6,Leaf3,11.75,2.16,0.61
534,0.156952,31,DMNT,10.5,1c,6,Leaf3,11.75,2.16,0.61
535,1.12006,31,DMNT,11,1c,6,Leaf3,11.75,2.16,0.61
536,0.936933,31,DMNT,11.5,1c,6,Leaf3,11.75,2.16,0.61
537,1.04099,31,DMNT,12,1c,6,Leaf3,11.75,2.16,0.61
538,1.22986,31,DMNT,12.5,1c,6,Leaf3,11.75,2.16,0.61
539,0.846089,31,DMNT,13,1c,6,Leaf3,11.75,2.16,0.61
540,1.17868,31,DMNT,13.5,1c,6,Leaf3,11.75,2.16,0.61
541,1.34469,31,DMNT,14,1c,6,Leaf3,11.75,2.16,0.61
542,1.08591,31,DMNT,14.5,1c,6,Leaf3,11.75,2.16,0.61
543,0.399934,31,DMNT,15,1c,6,Leaf3,11.75,2.16,0.61
544,0.90683,31,DMNT,15.5,1c,6,Leaf3,11.75,2.16,0.61
545,1.5266,31,DMNT,16,1c,6,Leaf3,11.75,2.16,0.61
546,0.157411,31,DMNT,16.5,1c,6,Leaf3,11.75,2.16,0.61
547,0.915877,31,DMNT,17,1c,6,Leaf3,11.75,2.16,0.61
548,1.02254,31,DMNT,17.5,1c,6,Leaf3,11.75,2.16,0.61
549,0.698204,31,DMNT,18,1c,6,Leaf3,11.75,2.16,0.61
550,1.50502,31,DMNT,18.5,1c,6,Leaf3,11.75,2.16,0.61
551,1.41503,31,DMNT,19,1c,6,Leaf3,11.75,2.16,0.61
552,0.101726,31,DMNT,19.5,1c,6,Leaf3,11.75,2.16,0.61
553,0.410826,31,DMNT,20,1c,6,Leaf3,11.75,2.16,0.61
554,0.49735,31,DMNT,20.5,1c,6,Leaf3,11.75,2.16,0.61
555,0.148671,31,DMNT,21,1c,6,Leaf3,11.75,2.16,0.61
556,0.748846,31,DMNT,21.5,1c,6,Leaf3,11.75,2.16,0.61
557,1.29028,31,DMNT,22,1c,6,Leaf3,11.75,2.16,0.61
558,1e-08,31,DMNT,22.5,1c,6,Leaf3,11.75,2.16,0.61
559,0.897507,31,DMNT,23,1c,6,Leaf3,11.75,2.16,0.61
560,0.871744,31,DMNT,23.5,1c,6,Leaf3,11.75,2.16,0.61
561,0.630655,31,DMNT,24,1c,6,Leaf3,11.75,2.16,0.61
766,1e-08,32,DMNT,-1,1b,6,Leaf3,11,1.99,0.47
767,0.899582,32,DMNT,-0.5,1b,6,Leaf3,11,1.99,0.47
768,0.877086,32,DMNT,0,1b,6,Leaf3,11,1.99,0.47
769,1.27268,32,DMNT,0.5,1b,6,Leaf3,11,1.99,0.47
770,1.56248,32,DMNT,1,1b,6,Leaf3,11,1.99,0.47
771,6.50264,32,DMNT,1.5,1b,6,Leaf3,11,1.99,0.47
772,9.19992,32,DMNT,2,1b,6,Leaf3,11,1.99,0.47
773,10.0919,32,DMNT,2.5,1b,6,Leaf3,11,1.99,0.47
774,10.4125,32,DMNT,3,1b,6,Leaf3,11,1.99,0.47
775,4.45655,32,DMNT,3.5,1b,6,Leaf3,11,1.99,0.47
776,4.42173,32,DMNT,4,1b,6,Leaf3,11,1.99,0.47
777,5.55569,32,DMNT,4.5,1b,6,Leaf3,11,1.99,0.47
778,4.98337,32,DMNT,5,1b,6,Leaf3,11,1.99,0.47
779,3.89961,32,DMNT,5.5,1b,6,Leaf3,11,1.99,0.47
780,2.81438,32,DMNT,6,1b,6,Leaf3,11,1.99,0.47
781,2.56022,32,DMNT,6.5,1b,6,Leaf3,11,1.99,0.47
782,3.15859,32,DMNT,7,1b,6,Leaf3,11,1.99,0.47
783,2.63621,32,DMNT,7.5,1b,6,Leaf3,11,1.99,0.47
784,2.09473,32,DMNT,8,1b,6,Leaf3,11,1.99,0.47
785,2.11629,32,DMNT,8.5,1b,6,Leaf3,11,1.99,0.47
786,1.29985,32,DMNT,9,1b,6,Leaf3,11,1.99,0.47
787,1.94837,32,DMNT,9.5,1b,6,Leaf3,11,1.99,0.47
788,1.9624,32,DMNT,10,1b,6,Leaf3,11,1.99,0.47
789,0.915604,32,DMNT,10.5,1b,6,Leaf3,11,1.99,0.47
790,0.843118,32,DMNT,11,1b,6,Leaf3,11,1.99,0.47
791,1.38852,32,DMNT,11.5,1b,6,Leaf3,11,1.99,0.47
792,1.67777,32,DMNT,12,1b,6,Leaf3,11,1.99,0.47
793,1.12581,32,DMNT,12.5,1b,6,Leaf3,11,1.99,0.47
794,0.609002,32,DMNT,13,1b,6,Leaf3,11,1.99,0.47
795,0.945365,32,DMNT,13.5,1b,6,Leaf3,11,1.99,0.47
796,0.867904,32,DMNT,14,1b,6,Leaf3,11,1.99,0.47
797,0.641088,32,DMNT,14.5,1b,6,Leaf3,11,1.99,0.47
798,0.530601,32,DMNT,15,1b,6,Leaf3,11,1.99,0.47
799,0.911541,32,DMNT,15.5,1b,6,Leaf3,11,1.99,0.47
800,0.781109,32,DMNT,16,1b,6,Leaf3,11,1.99,0.47
801,0.264951,32,DMNT,16.5,1b,6,Leaf3,11,1.99,0.47
802,1.20221,32,DMNT,17,1b,6,Leaf3,11,1.99,0.47
803,0.187205,32,DMNT,17.5,1b,6,Leaf3,11,1.99,0.47
804,0.592156,32,DMNT,18,1b,6,Leaf3,11,1.99,0.47
805,0.547213,32,DMNT,18.5,1b,6,Leaf3,11,1.99,0.47
806,0.583003,32,DMNT,19,1b,6,Leaf3,11,1.99,0.47
807,0.403201,32,DMNT,19.5,1b,6,Leaf3,11,1.99,0.47
808,0.610691,32,DMNT,20,1b,6,Leaf3,11,1.99,0.47
809,0.7027,32,DMNT,20.5,1b,6,Leaf3,11,1.99,0.47
810,0.264592,32,DMNT,21,1b,6,Leaf3,11,1.99,0.47
811,0.794197,32,DMNT,21.5,1b,6,Leaf3,11,1.99,0.47
812,0.821153,32,DMNT,22,1b,6,Leaf3,11,1.99,0.47
813,0.497369,32,DMNT,22.5,1b,6,Leaf3,11,1.99,0.47
814,0.279555,32,DMNT,23,1b,6,Leaf3,11,1.99,0.47
815,1e-08,32,DMNT,23.5,1b,6,Leaf3,11,1.99,0.47
816,0.418905,32,DMNT,24,1b,6,Leaf3,11,1.99,0.47
1021,1.14188,35,DMNT,-1,1h,6,Leaf3,23,1.88,0.54
1022,0.239981,35,DMNT,-0.5,1h,6,Leaf3,23,1.88,0.54
1023,0.0740127,35,DMNT,0,1h,6,Leaf3,23,1.88,0.54
1024,0.0886416,35,DMNT,0.5,1h,6,Leaf3,23,1.88,0.54
1025,0.445959,35,DMNT,1,1h,6,Leaf3,23,1.88,0.54
1026,1e-08,35,DMNT,1.5,1h,6,Leaf3,23,1.88,0.54
1027,1e-08,35,DMNT,2,1h,6,Leaf3,23,1.88,0.54
1028,0.709131,35,DMNT,2.5,1h,6,Leaf3,23,1.88,0.54
1029,0.80443,35,DMNT,3,1h,6,Leaf3,23,1.88,0.54
1030,0.0788867,35,DMNT,3.5,1h,6,Leaf3,23,1.88,0.54
1031,1.26236,35,DMNT,4,1h,6,Leaf3,23,1.88,0.54
1032,1.14197,35,DMNT,4.5,1h,6,Leaf3,23,1.88,0.54
1033,0.965555,35,DMNT,5,1h,6,Leaf3,23,1.88,0.54
1034,1e-08,35,DMNT,5.5,1h,6,Leaf3,23,1.88,0.54
1035,1.04947,35,DMNT,6,1h,6,Leaf3,23,1.88,0.54
1036,1e-08,35,DMNT,6.5,1h,6,Leaf3,23,1.88,0.54
1037,0.918092,35,DMNT,7,1h,6,Leaf3,23,1.88,0.54
1038,0.410119,35,DMNT,7.5,1h,6,Leaf3,23,1.88,0.54
1039,1e-08,35,DMNT,8,1h,6,Leaf3,23,1.88,0.54
1040,0.731471,35,DMNT,8.5,1h,6,Leaf3,23,1.88,0.54
1041,0.939814,35,DMNT,9,1h,6,Leaf3,23,1.88,0.54
1042,0.681667,35,DMNT,9.5,1h,6,Leaf3,23,1.88,0.54
1043,0.854417,35,DMNT,10,1h,6,Leaf3,23,1.88,0.54
1044,0.65409,35,DMNT,10.5,1h,6,Leaf3,23,1.88,0.54
1045,0.123231,35,DMNT,11,1h,6,Leaf3,23,1.88,0.54
1046,1.00576,35,DMNT,11.5,1h,6,Leaf3,23,1.88,0.54
1047,0.880988,35,DMNT,12,1h,6,Leaf3,23,1.88,0.54
1048,2.24792,35,DMNT,12.5,1h,6,Leaf3,23,1.88,0.54
1049,9.32666,35,DMNT,13,1h,6,Leaf3,23,1.88,0.54
1050,9.12012,35,DMNT,13.5,1h,6,Leaf3,23,1.88,0.54
1051,7.82659,35,DMNT,14,1h,6,Leaf3,23,1.88,0.54
1052,5.25222,35,DMNT,14.5,1h,6,Leaf3,23,1.88,0.54
1053,2.23781,35,DMNT,15,1h,6,Leaf3,23,1.88,0.54
1054,1.80232,35,DMNT,15.5,1h,6,Leaf3,23,1.88,0.54
1055,1.1958,35,DMNT,16,1h,6,Leaf3,23,1.88,0.54
1056,0.118839,35,DMNT,16.5,1h,6,Leaf3,23,1.88,0.54
1057,0.771563,35,DMNT,17,1h,6,Leaf3,23,1.88,0.54
1058,1e-08,35,DMNT,17.5,1h,6,Leaf3,23,1.88,0.54
1059,0.801415,35,DMNT,18,1h,6,Leaf3,23,1.88,0.54
1060,1.14904,35,DMNT,18.5,1h,6,Leaf3,23,1.88,0.54
1061,0.606176,35,DMNT,19,1h,6,Leaf3,23,1.88,0.54
1062,1.3876,35,DMNT,19.5,1h,6,Leaf3,23,1.88,0.54
1063,0.155301,35,DMNT,20,1h,6,Leaf3,23,1.88,0.54
1064,1.37744,35,DMNT,20.5,1h,6,Leaf3,23,1.88,0.54
1065,0.727698,35,DMNT,21,1h,6,Leaf3,23,1.88,0.54
1066,0.773435,35,DMNT,21.5,1h,6,Leaf3,23,1.88,0.54
1067,0.595497,35,DMNT,22,1h,6,Leaf3,23,1.88,0.54
1068,0.653999,35,DMNT,22.5,1h,6,Leaf3,23,1.88,0.54
1069,0.753922,35,DMNT,23,1h,6,Leaf3,23,1.88,0.54
1070,0.57528,35,DMNT,23.5,1h,6,Leaf3,23,1.88,0.54
1071,1.28664,35,DMNT,24,1h,6,Leaf3,23,1.88,0.54
1276,1e-08,36,DMNT,-1,1g,6,Leaf3,14.45,1.72,0.47
1277,0.168035,36,DMNT,-0.5,1g,6,Leaf3,14.45,1.72,0.47
1278,1e-08,36,DMNT,0,1g,6,Leaf3,14.45,1.72,0.47
1279,1e-08,36,DMNT,0.5,1g,6,Leaf3,14.45,1.72,0.47
1280,1e-08,36,DMNT,1,1g,6,Leaf3,14.45,1.72,0.47
1281,1.05228,36,DMNT,1.5,1g,6,Leaf3,14.45,1.72,0.47
1282,0.796242,36,DMNT,2,1g,6,Leaf3,14.45,1.72,0.47
1283,1.20162,36,DMNT,2.5,1g,6,Leaf3,14.45,1.72,0.47
1284,1e-08,36,DMNT,3,1g,6,Leaf3,14.45,1.72,0.47
1285,0.146781,36,DMNT,3.5,1g,6,Leaf3,14.45,1.72,0.47
1286,0.520424,36,DMNT,4,1g,6,Leaf3,14.45,1.72,0.47
1287,0.870823,36,DMNT,4.5,1g,6,Leaf3,14.45,1.72,0.47
1288,3.74338,36,DMNT,5,1g,6,Leaf3,14.45,1.72,0.47
1289,5.10763,36,DMNT,5.5,1g,6,Leaf3,14.45,1.72,0.47
1290,5.13443,36,DMNT,6,1g,6,Leaf3,14.45,1.72,0.47
1291,6.16186,36,DMNT,6.5,1g,6,Leaf3,14.45,1.72,0.47
1292,3.62062,36,DMNT,7,1g,6,Leaf3,14.45,1.72,0.47
1293,5.15702,36,DMNT,7.5,1g,6,Leaf3,14.45,1.72,0.47
1294,4.3458,36,DMNT,8,1g,6,Leaf3,14.45,1.72,0.47
1295,4.60597,36,DMNT,8.5,1g,6,Leaf3,14.45,1.72,0.47
1296,3.86855,36,DMNT,9,1g,6,Leaf3,14.45,1.72,0.47
1297,3.29814,36,DMNT,9.5,1g,6,Leaf3,14.45,1.72,0.47
1298,2.43475,36,DMNT,10,1g,6,Leaf3,14.45,1.72,0.47
1299,3.17958,36,DMNT,10.5,1g,6,Leaf3,14.45,1.72,0.47
1300,2.12368,36,DMNT,11,1g,6,Leaf3,14.45,1.72,0.47
1301,1.59764,36,DMNT,11.5,1g,6,Leaf3,14.45,1.72,0.47
1302,1.72869,36,DMNT,12,1g,6,Leaf3,14.45,1.72,0.47
1303,1.00514,36,DMNT,12.5,1g,6,Leaf3,14.45,1.72,0.47
1304,1.23124,36,DMNT,13,1g,6,Leaf3,14.45,1.72,0.47
1305,1e-08,36,DMNT,13.5,1g,6,Leaf3,14.45,1.72,0.47
1306,0.844118,36,DMNT,14,1g,6,Leaf3,14.45,1.72,0.47
1307,0.0674577,36,DMNT,14.5,1g,6,Leaf3,14.45,1.72,0.47
1308,1.0928,36,DMNT,15,1g,6,Leaf3,14.45,1.72,0.47
1309,0.798525,36,DMNT,15.5,1g,6,Leaf3,14.45,1.72,0.47
1310,0.621896,36,DMNT,16,1g,6,Leaf3,14.45,1.72,0.47
1311,1.11872,36,DMNT,16.5,1g,6,Leaf3,14.45,1.72,0.47
1312,0.605521,36,DMNT,17,1g,6,Leaf3,14.45,1.72,0.47
1313,1.06891,36,DMNT,17.5,1g,6,Leaf3,14.45,1.72,0.47
1314,0.816836,36,DMNT,18,1g,6,Leaf3,14.45,1.72,0.47
1315,0.384136,36,DMNT,18.5,1g,6,Leaf3,14.45,1.72,0.47
1316,0.4026,36,DMNT,19,1g,6,Leaf3,14.45,1.72,0.47
1317,0.420893,36,DMNT,19.5,1g,6,Leaf3,14.45,1.72,0.47
1318,0.568835,36,DMNT,20,1g,6,Leaf3,14.45,1.72,0.47
1319,1.23525,36,DMNT,20.5,1g,6,Leaf3,14.45,1.72,0.47
1320,0.555566,36,DMNT,21,1g,6,Leaf3,14.45,1.72,0.47
1321,1e-08,36,DMNT,21.5,1g,6,Leaf3,14.45,1.72,0.47
1322,1.51239,36,DMNT,22,1g,6,Leaf3,14.45,1.72,0.47
1323,0.87215,36,DMNT,22.5,1g,6,Leaf3,14.45,1.72,0.47
1324,0.298788,36,DMNT,23,1g,6,Leaf3,14.45,1.72,0.47
1325,0.960407,36,DMNT,23.5,1g,6,Leaf3,14.45,1.72,0.47
1326,0.920862,36,DMNT,24,1g,6,Leaf3,14.45,1.72,0.47
1531,0.855486,37,DMNT,-1,1d,6,Leaf3,12.5,1.29,0.38
1532,1e-08,37,DMNT,-0.5,1d,6,Leaf3,12.5,1.29,0.38
1533,0.944545,37,DMNT,0,1d,6,Leaf3,12.5,1.29,0.38
1534,1e-08,37,DMNT,0.5,1d,6,Leaf3,12.5,1.29,0.38
1535,1.34891,37,DMNT,1,1d,6,Leaf3,12.5,1.29,0.38
1536,0.407595,37,DMNT,1.5,1d,6,Leaf3,12.5,1.29,0.38
1537,1.21689,37,DMNT,2,1d,6,Leaf3,12.5,1.29,0.38
1538,2.33988,37,DMNT,2.5,1d,6,Leaf3,12.5,1.29,0.38
1539,4.58817,37,DMNT,3,1d,6,Leaf3,12.5,1.29,0.38
1540,6.22478,37,DMNT,3.5,1d,6,Leaf3,12.5,1.29,0.38
1541,4.28023,37,DMNT,4,1d,6,Leaf3,12.5,1.29,0.38
1542,7.20678,37,DMNT,4.5,1d,6,Leaf3,12.5,1.29,0.38
1543,2.50897,37,DMNT,5,1d,6,Leaf3,12.5,1.29,0.38
1544,4.3111,37,DMNT,5.5,1d,6,Leaf3,12.5,1.29,0.38
1545,3.96964,37,DMNT,6,1d,6,Leaf3,12.5,1.29,0.38
1546,3.18131,37,DMNT,6.5,1d,6,Leaf3,12.5,1.29,0.38
1547,3.82313,37,DMNT,7,1d,6,Leaf3,12.5,1.29,0.38
1548,3.35335,37,DMNT,7.5,1d,6,Leaf3,12.5,1.29,0.38
1549,2.92491,37,DMNT,8,1d,6,Leaf3,12.5,1.29,0.38
1550,2.72518,37,DMNT,8.5,1d,6,Leaf3,12.5,1.29,0.38
1551,2.73053,37,DMNT,9,1d,6,Leaf3,12.5,1.29,0.38
1552,2.42532,37,DMNT,9.5,1d,6,Leaf3,12.5,1.29,0.38
1553,2.37373,37,DMNT,10,1d,6,Leaf3,12.5,1.29,0.38
1554,2.45281,37,DMNT,10.5,1d,6,Leaf3,12.5,1.29,0.38
1555,1.3313,37,DMNT,11,1d,6,Leaf3,12.5,1.29,0.38
1556,1.8187,37,DMNT,11.5,1d,6,Leaf3,12.5,1.29,0.38
1557,0.869929,37,DMNT,12,1d,6,Leaf3,12.5,1.29,0.38
1558,1.17228,37,DMNT,12.5,1d,6,Leaf3,12.5,1.29,0.38
1559,1.03692,37,DMNT,13,1d,6,Leaf3,12.5,1.29,0.38
1560,1.33821,37,DMNT,13.5,1d,6,Leaf3,12.5,1.29,0.38
1561,0.13681,37,DMNT,14,1d,6,Leaf3,12.5,1.29,0.38
1562,0.860082,37,DMNT,14.5,1d,6,Leaf3,12.5,1.29,0.38
1563,0.836143,37,DMNT,15,1d,6,Leaf3,12.5,1.29,0.38
1564,0.910675,37,DMNT,15.5,1d,6,Leaf3,12.5,1.29,0.38
1565,0.832984,37,DMNT,16,1d,6,Leaf3,12.5,1.29,0.38
1566,1e-08,37,DMNT,16.5,1d,6,Leaf3,12.5,1.29,0.38
1567,0.282319,37,DMNT,17,1d,6,Leaf3,12.5,1.29,0.38
1568,0.999587,37,DMNT,17.5,1d,6,Leaf3,12.5,1.29,0.38
1569,0.628627,37,DMNT,18,1d,6,Leaf3,12.5,1.29,0.38
1570,0.377377,37,DMNT,18.5,1d,6,Leaf3,12.5,1.29,0.38
1571,1e-08,37,DMNT,19,1d,6,Leaf3,12.5,1.29,0.38
1572,0.209032,37,DMNT,19.5,1d,6,Leaf3,12.5,1.29,0.38
1573,0.892019,37,DMNT,20,1d,6,Leaf3,12.5,1.29,0.38
1574,0.565915,37,DMNT,20.5,1d,6,Leaf3,12.5,1.29,0.38
1575,0.48746,37,DMNT,21,1d,6,Leaf3,12.5,1.29,0.38
1576,1e-08,37,DMNT,21.5,1d,6,Leaf3,12.5,1.29,0.38
1577,0.525117,37,DMNT,22,1d,6,Leaf3,12.5,1.29,0.38
1578,1.28703,37,DMNT,22.5,1d,6,Leaf3,12.5,1.29,0.38
1579,0.952452,37,DMNT,23,1d,6,Leaf3,12.5,1.29,0.38
1580,0.670733,37,DMNT,23.5,1d,6,Leaf3,12.5,1.29,0.38
1581,1.3923,37,DMNT,24,1d,6,Leaf3,12.5,1.29,0.38
1786,0.363682,38,DMNT,-1,1e,6,Leaf3,13.25,1.71,0.55
1787,1e-08,38,DMNT,-0.5,1e,6,Leaf3,13.25,1.71,0.55
1788,0.441995,38,DMNT,0,1e,6,Leaf3,13.25,1.71,0.55
1789,0.852996,38,DMNT,0.5,1e,6,Leaf3,13.25,1.71,0.55
1790,0.70368,38,DMNT,1,1e,6,Leaf3,13.25,1.71,0.55
1791,0.580696,38,DMNT,1.5,1e,6,Leaf3,13.25,1.71,0.55
1792,0.736281,38,DMNT,2,1e,6,Leaf3,13.25,1.71,0.55
1793,0.511934,38,DMNT,2.5,1e,6,Leaf3,13.25,1.71,0.55
1794,2.55105,38,DMNT,3,1e,6,Leaf3,13.25,1.71,0.55
1795,7.39395,38,DMNT,3.5,1e,6,Leaf3,13.25,1.71,0.55
1796,10.3718,38,DMNT,4,1e,6,Leaf3,13.25,1.71,0.55
1797,12.1681,38,DMNT,4.5,1e,6,Leaf3,13.25,1.71,0.55
1798,8.75548,38,DMNT,5,1e,6,Leaf3,13.25,1.71,0.55
1799,8.40059,38,DMNT,5.5,1e,6,Leaf3,13.25,1.71,0.55
1800,6.60346,38,DMNT,6,1e,6,Leaf3,13.25,1.71,0.55
1801,3.73205,38,DMNT,6.5,1e,6,Leaf3,13.25,1.71,0.55
1802,5.61049,38,DMNT,7,1e,6,Leaf3,13.25,1.71,0.55
1803,4.49796,38,DMNT,7.5,1e,6,Leaf3,13.25,1.71,0.55
1804,3.90603,38,DMNT,8,1e,6,Leaf3,13.25,1.71,0.55
1805,2.70237,38,DMNT,8.5,1e,6,Leaf3,13.25,1.71,0.55
1806,2.31838,38,DMNT,9,1e,6,Leaf3,13.25,1.71,0.55
1807,2.19574,38,DMNT,9.5,1e,6,Leaf3,13.25,1.71,0.55
1808,1.3569,38,DMNT,10,1e,6,Leaf3,13.25,1.71,0.55
1809,2.37638,38,DMNT,10.5,1e,6,Leaf3,13.25,1.71,0.55
1810,1.93315,38,DMNT,11,1e,6,Leaf3,13.25,1.71,0.55
1811,1.03445,38,DMNT,11.5,1e,6,Leaf3,13.25,1.71,0.55
1812,0.401092,38,DMNT,12,1e,6,Leaf3,13.25,1.71,0.55
1813,0.671988,38,DMNT,12.5,1e,6,Leaf3,13.25,1.71,0.55
1814,1.25602,38,DMNT,13,1e,6,Leaf3,13.25,1.71,0.55
1815,1.26265,38,DMNT,13.5,1e,6,Leaf3,13.25,1.71,0.55
1816,0.943992,38,DMNT,14,1e,6,Leaf3,13.25,1.71,0.55
1817,0.918351,38,DMNT,14.5,1e,6,Leaf3,13.25,1.71,0.55
1818,1.082,38,DMNT,15,1e,6,Leaf3,13.25,1.71,0.55
1819,1.56531,38,DMNT,15.5,1e,6,Leaf3,13.25,1.71,0.55
1820,1.34549,38,DMNT,16,1e,6,Leaf3,13.25,1.71,0.55
1821,1e-08,38,DMNT,16.5,1e,6,Leaf3,13.25,1.71,0.55
1822,0.823641,38,DMNT,17,1e,6,Leaf3,13.25,1.71,0.55
1823,0.863855,38,DMNT,17.5,1e,6,Leaf3,13.25,1.71,0.55
1824,0.163083,38,DMNT,18,1e,6,Leaf3,13.25,1.71,0.55
1825,1e-08,38,DMNT,18.5,1e,6,Leaf3,13.25,1.71,0.55
1826,0.256696,38,DMNT,19,1e,6,Leaf3,13.25,1.71,0.55
1827,1e-08,38,DMNT,19.5,1e,6,Leaf3,13.25,1.71,0.55
1828,0.365991,38,DMNT,20,1e,6,Leaf3,13.25,1.71,0.55
1829,0.514489,38,DMNT,20.5,1e,6,Leaf3,13.25,1.71,0.55
1830,1.19896,38,DMNT,21,1e,6,Leaf3,13.25,1.71,0.55
1831,0.68189,38,DMNT,21.5,1e,6,Leaf3,13.25,1.71,0.55
1832,0.769362,38,DMNT,22,1e,6,Leaf3,13.25,1.71,0.55
1833,0.75449,38,DMNT,22.5,1e,6,Leaf3,13.25,1.71,0.55
1834,1e-08,38,DMNT,23,1e,6,Leaf3,13.25,1.71,0.55
1835,0.701306,38,DMNT,23.5,1e,6,Leaf3,13.25,1.71,0.55
1836,0.383443,38,DMNT,24,1e,6,Leaf3,13.25,1.71,0.55
2041,1e-08,41,DMNT,-1,1d,6,Leaf3,12.5,3.73,0.85
2042,0.53219,41,DMNT,-0.5,1d,6,Leaf3,12.5,3.73,0.85
2043,1.37895,41,DMNT,0,1d,6,Leaf3,12.5,3.73,0.85
2044,0.535526,41,DMNT,0.5,1d,6,Leaf3,12.5,3.73,0.85
2045,1.03502,41,DMNT,1,1d,6,Leaf3,12.5,3.73,0.85
2046,1.04429,41,DMNT,1.5,1d,6,Leaf3,12.5,3.73,0.85
2047,1.03678,41,DMNT,2,1d,6,Leaf3,12.5,3.73,0.85
2048,8.02795,41,DMNT,2.5,1d,6,Leaf3,12.5,3.73,0.85
2049,27.802,41,DMNT,3,1d,6,Leaf3,12.5,3.73,0.85
2050,26.7537,41,DMNT,3.5,1d,6,Leaf3,12.5,3.73,0.85
2051,27.1549,41,DMNT,4,1d,6,Leaf3,12.5,3.73,0.85
2052,27.4279,41,DMNT,4.5,1d,6,Leaf3,12.5,3.73,0.85
2053,20.1277,41,DMNT,5,1d,6,Leaf3,12.5,3.73,0.85
2054,15.0637,41,DMNT,5.5,1d,6,Leaf3,12.5,3.73,0.85
2055,13.006,41,DMNT,6,1d,6,Leaf3,12.5,3.73,0.85
2056,10.2766,41,DMNT,6.5,1d,6,Leaf3,12.5,3.73,0.85
2057,6.15947,41,DMNT,7,1d,6,Leaf3,12.5,3.73,0.85
2058,7.21138,41,DMNT,7.5,1d,6,Leaf3,12.5,3.73,0.85
2059,6.36313,41,DMNT,8,1d,6,Leaf3,12.5,3.73,0.85
2060,5.4982,41,DMNT,8.5,1d,6,Leaf3,12.5,3.73,0.85
2061,3.30077,41,DMNT,9,1d,6,Leaf3,12.5,3.73,0.85
2062,3.98675,41,DMNT,9.5,1d,6,Leaf3,12.5,3.73,0.85
2063,3.2507,41,DMNT,10,1d,6,Leaf3,12.5,3.73,0.85
2064,2.11604,41,DMNT,10.5,1d,6,Leaf3,12.5,3.73,0.85
2065,0.907271,41,DMNT,11,1d,6,Leaf3,12.5,3.73,0.85
2066,1e-08,41,DMNT,11.5,1d,6,Leaf3,12.5,3.73,0.85
2067,1.05611,41,DMNT,12,1d,6,Leaf3,12.5,3.73,0.85
2068,1.87786,41,DMNT,12.5,1d,6,Leaf3,12.5,3.73,0.85
2069,1.3678,41,DMNT,13,1d,6,Leaf3,12.5,3.73,0.85
2070,1.96848,41,DMNT,13.5,1d,6,Leaf3,12.5,3.73,0.85
2071,0.437189,41,DMNT,14,1d,6,Leaf3,12.5,3.73,0.85
2072,1.86097,41,DMNT,14.5,1d,6,Leaf3,12.5,3.73,0.85
2073,1.51102,41,DMNT,15,1d,6,Leaf3,12.5,3.73,0.85
2074,1.73023,41,DMNT,15.5,1d,6,Leaf3,12.5,3.73,0.85
2075,0.83685,41,DMNT,16,1d,6,Leaf3,12.5,3.73,0.85
2076,1.0933,41,DMNT,16.5,1d,6,Leaf3,12.5,3.73,0.85
2077,1e-08,41,DMNT,17,1d,6,Leaf3,12.5,3.73,0.85
2078,0.607037,41,DMNT,17.5,1d,6,Leaf3,12.5,3.73,0.85
2079,1.4087,41,DMNT,18,1d,6,Leaf3,12.5,3.73,0.85
2080,1.21248,41,DMNT,18.5,1d,6,Leaf3,12.5,3.73,0.85
2081,0.890446,41,DMNT,19,1d,6,Leaf3,12.5,3.73,0.85
2082,1.49936,41,DMNT,19.5,1d,6,Leaf3,12.5,3.73,0.85
2083,1.67517,41,DMNT,20,1d,6,Leaf3,12.5,3.73,0.85
2084,1.34595,41,DMNT,20.5,1d,6,Leaf3,12.5,3.73,0.85
2085,2.05048,41,DMNT,21,1d,6,Leaf3,12.5,3.73,0.85
2086,1.12774,41,DMNT,21.5,1d,6,Leaf3,12.5,3.73,0.85
2087,0.680052,41,DMNT,22,1d,6,Leaf3,12.5,3.73,0.85
2088,1.33815,41,DMNT,22.5,1d,6,Leaf3,12.5,3.73,0.85
2089,1.87321,41,DMNT,23,1d,6,Leaf3,12.5,3.73,0.85
2090,1.91018,41,DMNT,23.5,1d,6,Leaf3,12.5,3.73,0.85
2091,1.68118,41,DMNT,24,1d,6,Leaf3,12.5,3.73,0.85
2296,1e-08,42,DMNT,-1,1g,6,Leaf3,14.45,3.25,0.69
2297,0.248631,42,DMNT,-0.5,1g,6,Leaf3,14.45,3.25,0.69
2298,0.749752,42,DMNT,0,1g,6,Leaf3,14.45,3.25,0.69
2299,0.903789,42,DMNT,0.5,1g,6,Leaf3,14.45,3.25,0.69
2300,1.29671,42,DMNT,1,1g,6,Leaf3,14.45,3.25,0.69
2301,0.814177,42,DMNT,1.5,1g,6,Leaf3,14.45,3.25,0.69
2302,1.27058,42,DMNT,2,1g,6,Leaf3,14.45,3.25,0.69
2303,1.22805,42,DMNT,2.5,1g,6,Leaf3,14.45,3.25,0.69
2304,1e-08,42,DMNT,3,1g,6,Leaf3,14.45,3.25,0.69
2305,0.590096,42,DMNT,3.5,1g,6,Leaf3,14.45,3.25,0.69
2306,0.961227,42,DMNT,4,1g,6,Leaf3,14.45,3.25,0.69
2307,1e-08,42,DMNT,4.5,1g,6,Leaf3,14.45,3.25,0.69
2308,7.00574,42,DMNT,5,1g,6,Leaf3,14.45,3.25,0.69
2309,9.97148,42,DMNT,5.5,1g,6,Leaf3,14.45,3.25,0.69
2310,12.7811,42,DMNT,6,1g,6,Leaf3,14.45,3.25,0.69
2311,8.95727,42,DMNT,6.5,1g,6,Leaf3,14.45,3.25,0.69
2312,13.7061,42,DMNT,7,1g,6,Leaf3,14.45,3.25,0.69
2313,9.95016,42,DMNT,7.5,1g,6,Leaf3,14.45,3.25,0.69
2314,7.46637,42,DMNT,8,1g,6,Leaf3,14.45,3.25,0.69
2315,5.73265,42,DMNT,8.5,1g,6,Leaf3,14.45,3.25,0.69
2316,4.85456,42,DMNT,9,1g,6,Leaf3,14.45,3.25,0.69
2317,3.65417,42,DMNT,9.5,1g,6,Leaf3,14.45,3.25,0.69
2318,4.11563,42,DMNT,10,1g,6,Leaf3,14.45,3.25,0.69
2319,2.78663,42,DMNT,10.5,1g,6,Leaf3,14.45,3.25,0.69
2320,2.38689,42,DMNT,11,1g,6,Leaf3,14.45,3.25,0.69
2321,2.00206,42,DMNT,11.5,1g,6,Leaf3,14.45,3.25,0.69
2322,1.12229,42,DMNT,12,1g,6,Leaf3,14.45,3.25,0.69
2323,1.51133,42,DMNT,12.5,1g,6,Leaf3,14.45,3.25,0.69
2324,1e-08,42,DMNT,13,1g,6,Leaf3,14.45,3.25,0.69
2325,1.35768,42,DMNT,13.5,1g,6,Leaf3,14.45,3.25,0.69
2326,0.680795,42,DMNT,14,1g,6,Leaf3,14.45,3.25,0.69
2327,1.01111,42,DMNT,14.5,1g,6,Leaf3,14.45,3.25,0.69
2328,0.707193,42,DMNT,15,1g,6,Leaf3,14.45,3.25,0.69
2329,0.985713,42,DMNT,15.5,1g,6,Leaf3,14.45,3.25,0.69
2330,0.531878,42,DMNT,16,1g,6,Leaf3,14.45,3.25,0.69
2331,0.994806,42,DMNT,16.5,1g,6,Leaf3,14.45,3.25,0.69
2332,1.26019,42,DMNT,17,1g,6,Leaf3,14.45,3.25,0.69
2333,1.00147,42,DMNT,17.5,1g,6,Leaf3,14.45,3.25,0.69
2334,0.700362,42,DMNT,18,1g,6,Leaf3,14.45,3.25,0.69
2335,1.04056,42,DMNT,18.5,1g,6,Leaf3,14.45,3.25,0.69
2336,0.913005,42,DMNT,19,1g,6,Leaf3,14.45,3.25,0.69
2337,0.474387,42,DMNT,19.5,1g,6,Leaf3,14.45,3.25,0.69
2338,0.769011,42,DMNT,20,1g,6,Leaf3,14.45,3.25,0.69
2339,1.40134,42,DMNT,20.5,1g,6,Leaf3,14.45,3.25,0.69
2340,0.610498,42,DMNT,21,1g,6,Leaf3,14.45,3.25,0.69
2341,0.410477,42,DMNT,21.5,1g,6,Leaf3,14.45,3.25,0.69
2342,1.28608,42,DMNT,22,1g,6,Leaf3,14.45,3.25,0.69
2343,0.613237,42,DMNT,22.5,1g,6,Leaf3,14.45,3.25,0.69
2344,1.80465,42,DMNT,23,1g,6,Leaf3,14.45,3.25,0.69
2345,0.237283,42,DMNT,23.5,1g,6,Leaf3,14.45,3.25,0.69
2346,1.10804,42,DMNT,24,1g,6,Leaf3,14.45,3.25,0.69
2551,0.69445,43,DMNT,-1,1e,6,Leaf3,13.25,2.79,0.74
2552,0.165132,43,DMNT,-0.5,1e,6,Leaf3,13.25,2.79,0.74
2553,1.11804,43,DMNT,0,1e,6,Leaf3,13.25,2.79,0.74
2554,0.842229,43,DMNT,0.5,1e,6,Leaf3,13.25,2.79,0.74
2555,1.10371,43,DMNT,1,1e,6,Leaf3,13.25,2.79,0.74
2556,2.24169,43,DMNT,1.5,1e,6,Leaf3,13.25,2.79,0.74
2557,0.880147,43,DMNT,2,1e,6,Leaf3,13.25,2.79,0.74
2558,0.496099,43,DMNT,2.5,1e,6,Leaf3,13.25,2.79,0.74
2559,3.21618,43,DMNT,3,1e,6,Leaf3,13.25,2.79,0.74
2560,8.87077,43,DMNT,3.5,1e,6,Leaf3,13.25,2.79,0.74
2561,16.9245,43,DMNT,4,1e,6,Leaf3,13.25,2.79,0.74
2562,20.2413,43,DMNT,4.5,1e,6,Leaf3,13.25,2.79,0.74
2563,14.157,43,DMNT,5,1e,6,Leaf3,13.25,2.79,0.74
2564,8.75931,43,DMNT,5.5,1e,6,Leaf3,13.25,2.79,0.74
2565,10.5867,43,DMNT,6,1e,6,Leaf3,13.25,2.79,0.74
2566,6.06842,43,DMNT,6.5,1e,6,Leaf3,13.25,2.79,0.74
2567,6.7354,43,DMNT,7,1e,6,Leaf3,13.25,2.79,0.74
2568,6.41763,43,DMNT,7.5,1e,6,Leaf3,13.25,2.79,0.74
2569,4.05001,43,DMNT,8,1e,6,Leaf3,13.25,2.79,0.74
2570,4.55972,43,DMNT,8.5,1e,6,Leaf3,13.25,2.79,0.74
2571,4.82403,43,DMNT,9,1e,6,Leaf3,13.25,2.79,0.74
2572,3.39313,43,DMNT,9.5,1e,6,Leaf3,13.25,2.79,0.74
2573,1.9605,43,DMNT,10,1e,6,Leaf3,13.25,2.79,0.74
2574,1.10556,43,DMNT,10.5,1e,6,Leaf3,13.25,2.79,0.74
2575,2.75837,43,DMNT,11,1e,6,Leaf3,13.25,2.79,0.74
2576,0.929079,43,DMNT,11.5,1e,6,Leaf3,13.25,2.79,0.74
2577,2.32781,43,DMNT,12,1e,6,Leaf3,13.25,2.79,0.74
2578,1.42124,43,DMNT,12.5,1e,6,Leaf3,13.25,2.79,0.74
2579,1.3202,43,DMNT,13,1e,6,Leaf3,13.25,2.79,0.74
2580,1.13545,43,DMNT,13.5,1e,6,Leaf3,13.25,2.79,0.74
2581,1.87436,43,DMNT,14,1e,6,Leaf3,13.25,2.79,0.74
2582,1.11031,43,DMNT,14.5,1e,6,Leaf3,13.25,2.79,0.74
2583,0.220169,43,DMNT,15,1e,6,Leaf3,13.25,2.79,0.74
2584,1.45225,43,DMNT,15.5,1e,6,Leaf3,13.25,2.79,0.74
2585,1.19698,43,DMNT,16,1e,6,Leaf3,13.25,2.79,0.74
2586,0.614763,43,DMNT,16.5,1e,6,Leaf3,13.25,2.79,0.74
2587,0.394456,43,DMNT,17,1e,6,Leaf3,13.25,2.79,0.74
2588,1e-08,43,DMNT,17.5,1e,6,Leaf3,13.25,2.79,0.74
2589,0.96891,43,DMNT,18,1e,6,Leaf3,13.25,2.79,0.74
2590,0.7131,43,DMNT,18.5,1e,6,Leaf3,13.25,2.79,0.74
2591,1e-08,43,DMNT,19,1e,6,Leaf3,13.25,2.79,0.74
2592,0.940106,43,DMNT,19.5,1e,6,Leaf3,13.25,2.79,0.74
2593,1.19651,43,DMNT,20,1e,6,Leaf3,13.25,2.79,0.74
2594,0.638083,43,DMNT,20.5,1e,6,Leaf3,13.25,2.79,0.74
2595,1.95923,43,DMNT,21,1e,6,Leaf3,13.25,2.79,0.74
2596,1.02673,43,DMNT,21.5,1e,6,Leaf3,13.25,2.79,0.74
2597,0.278107,43,DMNT,22,1e,6,Leaf3,13.25,2.79,0.74
2598,1.04468,43,DMNT,22.5,1e,6,Leaf3,13.25,2.79,0.74
2599,0.0888793,43,DMNT,23,1e,6,Leaf3,13.25,2.79,0.74
2600,1.07815,43,DMNT,23.5,1e,6,Leaf3,13.25,2.79,0.74
2601,1.48285,43,DMNT,24,1e,6,Leaf3,13.25,2.79,0.74
2806,1.48374,44,DMNT,-1,1h,6,Leaf3,23,3.02,0.81
2807,0.689578,44,DMNT,-0.5,1h,6,Leaf3,23,3.02,0.81
2808,1.17392,44,DMNT,0,1h,6,Leaf3,23,3.02,0.81
2809,0.983823,44,DMNT,0.5,1h,6,Leaf3,23,3.02,0.81
2810,0.528273,44,DMNT,1,1h,6,Leaf3,23,3.02,0.81
2811,0.819997,44,DMNT,1.5,1h,6,Leaf3,23,3.02,0.81
2812,0.71588,44,DMNT,2,1h,6,Leaf3,23,3.02,0.81
2813,0.282593,44,DMNT,2.5,1h,6,Leaf3,23,3.02,0.81
2814,1.74821,44,DMNT,3,1h,6,Leaf3,23,3.02,0.81
2815,1.25202,44,DMNT,3.5,1h,6,Leaf3,23,3.02,0.81
2816,1.12992,44,DMNT,4,1h,6,Leaf3,23,3.02,0.81
2817,1e-08,44,DMNT,4.5,1h,6,Leaf3,23,3.02,0.81
2818,1.01393,44,DMNT,5,1h,6,Leaf3,23,3.02,0.81
2819,0.444501,44,DMNT,5.5,1h,6,Leaf3,23,3.02,0.81
2820,1.29509,44,DMNT,6,1h,6,Leaf3,23,3.02,0.81
2821,0.213986,44,DMNT,6.5,1h,6,Leaf3,23,3.02,0.81
2822,1.34279,44,DMNT,7,1h,6,Leaf3,23,3.02,0.81
2823,1e-08,44,DMNT,7.5,1h,6,Leaf3,23,3.02,0.81
2824,0.358063,44,DMNT,8,1h,6,Leaf3,23,3.02,0.81
2825,1e-08,44,DMNT,8.5,1h,6,Leaf3,23,3.02,0.81
2826,0.22135,44,DMNT,9,1h,6,Leaf3,23,3.02,0.81
2827,0.681882,44,DMNT,9.5,1h,6,Leaf3,23,3.02,0.81
2828,1.0334,44,DMNT,10,1h,6,Leaf3,23,3.02,0.81
2829,0.168478,44,DMNT,10.5,1h,6,Leaf3,23,3.02,0.81
2830,0.924139,44,DMNT,11,1h,6,Leaf3,23,3.02,0.81
2831,1.17786,44,DMNT,11.5,1h,6,Leaf3,23,3.02,0.81
2832,1.01171,44,DMNT,12,1h,6,Leaf3,23,3.02,0.81
2833,6.07877,44,DMNT,12.5,1h,6,Leaf3,23,3.02,0.81
2834,46.1136,44,DMNT,13,1h,6,Leaf3,23,3.02,0.81
2835,52.2914,44,DMNT,13.5,1h,6,Leaf3,23,3.02,0.81
2836,38.289,44,DMNT,14,1h,6,Leaf3,23,3.02,0.81
2837,23.7879,44,DMNT,14.5,1h,6,Leaf3,23,3.02,0.81
2838,11.234,44,DMNT,15,1h,6,Leaf3,23,3.02,0.81
2839,6.8738,44,DMNT,15.5,1h,6,Leaf3,23,3.02,0.81
2840,4.87504,44,DMNT,16,1h,6,Leaf3,23,3.02,0.81
2841,2.45494,44,DMNT,16.5,1h,6,Leaf3,23,3.02,0.81
2842,0.75733,44,DMNT,17,1h,6,Leaf3,23,3.02,0.81
2843,1.83265,44,DMNT,17.5,1h,6,Leaf3,23,3.02,0.81
2844,1.75994,44,DMNT,18,1h,6,Leaf3,23,3.02,0.81
2845,1e-08,44,DMNT,18.5,1h,6,Leaf3,23,3.02,0.81
2846,1.25838,44,DMNT,19,1h,6,Leaf3,23,3.02,0.81
2847,1.32402,44,DMNT,19.5,1h,6,Leaf3,23,3.02,0.81
2848,1.40532,44,DMNT,20,1h,6,Leaf3,23,3.02,0.81
2849,0.896553,44,DMNT,20.5,1h,6,Leaf3,23,3.02,0.81
2850,1.04742,44,DMNT,21,1h,6,Leaf3,23,3.02,0.81
2851,1.03879,44,DMNT,21.5,1h,6,Leaf3,23,3.02,0.81
2852,1.4223,44,DMNT,22,1h,6,Leaf3,23,3.02,0.81
2853,0.616298,44,DMNT,22.5,1h,6,Leaf3,23,3.02,0.81
2854,0.70738,44,DMNT,23,1h,6,Leaf3,23,3.02,0.81
2855,1.85349,44,DMNT,23.5,1h,6,Leaf3,23,3.02,0.81
2856,0.815536,44,DMNT,24,1h,6,Leaf3,23,3.02,0.81
3061,1.08192,47,DMNT,-1,1c,6,Leaf3,11.75,2.31,0.55
3062,0.284653,47,DMNT,-0.5,1c,6,Leaf3,11.75,2.31,0.55
3063,0.370533,47,DMNT,0,1c,6,Leaf3,11.75,2.31,0.55
3064,0.210272,47,DMNT,0.5,1c,6,Leaf3,11.75,2.31,0.55
3065,1.68553,47,DMNT,1,1c,6,Leaf3,11.75,2.31,0.55
3066,0.709764,47,DMNT,1.5,1c,6,Leaf3,11.75,2.31,0.55
3067,10.4245,47,DMNT,2,1c,6,Leaf3,11.75,2.31,0.55
3068,19.4352,47,DMNT,2.5,1c,6,Leaf3,11.75,2.31,0.55
3069,19.7209,47,DMNT,3,1c,6,Leaf3,11.75,2.31,0.55
3070,17.7013,47,DMNT,3.5,1c,6,Leaf3,11.75,2.31,0.55
3071,17.1901,47,DMNT,4,1c,6,Leaf3,11.75,2.31,0.55
3072,12.2791,47,DMNT,4.5,1c,6,Leaf3,11.75,2.31,0.55
3073,10.3797,47,DMNT,5,1c,6,Leaf3,11.75,2.31,0.55
3074,8.37929,47,DMNT,5.5,1c,6,Leaf3,11.75,2.31,0.55
3075,6.38104,47,DMNT,6,1c,6,Leaf3,11.75,2.31,0.55
3076,6.95265,47,DMNT,6.5,1c,6,Leaf3,11.75,2.31,0.55
3077,5.62423,47,DMNT,7,1c,6,Leaf3,11.75,2.31,0.55
3078,5.64622,47,DMNT,7.5,1c,6,Leaf3,11.75,2.31,0.55
3079,3.97136,47,DMNT,8,1c,6,Leaf3,11.75,2.31,0.55
3080,3.31708,47,DMNT,8.5,1c,6,Leaf3,11.75,2.31,0.55
3081,3.93546,47,DMNT,9,1c,6,Leaf3,11.75,2.31,0.55
3082,2.52482,47,DMNT,9.5,1c,6,Leaf3,11.75,2.31,0.55
3083,1.0708,47,DMNT,10,1c,6,Leaf3,11.75,2.31,0.55
3084,2.02653,47,DMNT,10.5,1c,6,Leaf3,11.75,2.31,0.55
3085,2.39798,47,DMNT,11,1c,6,Leaf3,11.75,2.31,0.55
3086,2.33452,47,DMNT,11.5,1c,6,Leaf3,11.75,2.31,0.55
3087,1.77471,47,DMNT,12,1c,6,Leaf3,11.75,2.31,0.55
3088,1.45236,47,DMNT,12.5,1c,6,Leaf3,11.75,2.31,0.55
3089,0.972987,47,DMNT,13,1c,6,Leaf3,11.75,2.31,0.55
3090,1.6117,47,DMNT,13.5,1c,6,Leaf3,11.75,2.31,0.55
3091,0.531868,47,DMNT,14,1c,6,Leaf3,11.75,2.31,0.55
3092,1e-08,47,DMNT,14.5,1c,6,Leaf3,11.75,2.31,0.55
3093,0.174547,47,DMNT,15,1c,6,Leaf3,11.75,2.31,0.55
3094,0.218953,47,DMNT,15.5,1c,6,Leaf3,11.75,2.31,0.55
3095,0.282681,47,DMNT,16,1c,6,Leaf3,11.75,2.31,0.55
3096,0.728117,47,DMNT,16.5,1c,6,Leaf3,11.75,2.31,0.55
3097,0.433803,47,DMNT,17,1c,6,Leaf3,11.75,2.31,0.55
3098,1.05953,47,DMNT,17.5,1c,6,Leaf3,11.75,2.31,0.55
3099,1.2908,47,DMNT,18,1c,6,Leaf3,11.75,2.31,0.55
3100,0.381698,47,DMNT,18.5,1c,6,Leaf3,11.75,2.31,0.55
3101,1.00901,47,DMNT,19,1c,6,Leaf3,11.75,2.31,0.55
3102,1.3945,47,DMNT,19.5,1c,6,Leaf3,11.75,2.31,0.55
3103,1.20586,47,DMNT,20,1c,6,Leaf3,11.75,2.31,0.55
3104,1.33225,47,DMNT,20.5,1c,6,Leaf3,11.75,2.31,0.55
3105,1e-08,47,DMNT,21,1c,6,Leaf3,11.75,2.31,0.55
3106,1.44606,47,DMNT,21.5,1c,6,Leaf3,11.75,2.31,0.55
3107,1.19465,47,DMNT,22,1c,6,Leaf3,11.75,2.31,0.55
3108,0.853987,47,DMNT,22.5,1c,6,Leaf3,11.75,2.31,0.55
3109,1.16282,47,DMNT,23,1c,6,Leaf3,11.75,2.31,0.55
3110,1.58624,47,DMNT,23.5,1c,6,Leaf3,11.75,2.31,0.55
3111,1.54798,47,DMNT,24,1c,6,Leaf3,11.75,2.31,0.55
3316,1.20566,48,DMNT,-1,1b,6,Leaf3,11,3.17,0.67
3317,0.551323,48,DMNT,-0.5,1b,6,Leaf3,11,3.17,0.67
3318,0.191417,48,DMNT,0,1b,6,Leaf3,11,3.17,0.67
3319,0.876116,48,DMNT,0.5,1b,6,Leaf3,11,3.17,0.67
3320,2.5251,48,DMNT,1,1b,6,Leaf3,11,3.17,0.67
3321,13.6283,48,DMNT,1.5,1b,6,Leaf3,11,3.17,0.67
3322,18.5638,48,DMNT,2,1b,6,Leaf3,11,3.17,0.67
3323,7.01532,48,DMNT,2.5,1b,6,Leaf3,11,3.17,0.67
3324,12.6632,48,DMNT,3,1b,6,Leaf3,11,3.17,0.67
3325,9.37103,48,DMNT,3.5,1b,6,Leaf3,11,3.17,0.67
3326,8.61319,48,DMNT,4,1b,6,Leaf3,11,3.17,0.67
3327,6.26018,48,DMNT,4.5,1b,6,Leaf3,11,3.17,0.67
3328,5.43714,48,DMNT,5,1b,6,Leaf3,11,3.17,0.67
3329,5.87245,48,DMNT,5.5,1b,6,Leaf3,11,3.17,0.67
3330,4.80858,48,DMNT,6,1b,6,Leaf3,11,3.17,0.67
3331,4.05134,48,DMNT,6.5,1b,6,Leaf3,11,3.17,0.67
3332,3.05417,48,DMNT,7,1b,6,Leaf3,11,3.17,0.67
3333,1.31593,48,DMNT,7.5,1b,6,Leaf3,11,3.17,0.67
3334,2.96554,48,DMNT,8,1b,6,Leaf3,11,3.17,0.67
3335,2.69631,48,DMNT,8.5,1b,6,Leaf3,11,3.17,0.67
3336,2.93965,48,DMNT,9,1b,6,Leaf3,11,3.17,0.67
3337,2.07461,48,DMNT,9.5,1b,6,Leaf3,11,3.17,0.67
3338,2.16799,48,DMNT,10,1b,6,Leaf3,11,3.17,0.67
3339,1.91679,48,DMNT,10.5,1b,6,Leaf3,11,3.17,0.67
3340,2.36866,48,DMNT,11,1b,6,Leaf3,11,3.17,0.67
3341,1.84825,48,DMNT,11.5,1b,6,Leaf3,11,3.17,0.67
3342,2.25276,48,DMNT,12,1b,6,Leaf3,11,3.17,0.67
3343,0.998569,48,DMNT,12.5,1b,6,Leaf3,11,3.17,0.67
3344,1.03441,48,DMNT,13,1b,6,Leaf3,11,3.17,0.67
3345,1.11123,48,DMNT,13.5,1b,6,Leaf3,11,3.17,0.67
3346,1.60825,48,DMNT,14,1b,6,Leaf3,11,3.17,0.67
3347,1.3281,48,DMNT,14.5,1b,6,Leaf3,11,3.17,0.67
3348,1.45385,48,DMNT,15,1b,6,Leaf3,11,3.17,0.67
3349,0.825155,48,DMNT,15.5,1b,6,Leaf3,11,3.17,0.67
3350,0.955047,48,DMNT,16,1b,6,Leaf3,11,3.17,0.67
3351,1e-08,48,DMNT,16.5,1b,6,Leaf3,11,3.17,0.67
3352,0.784781,48,DMNT,17,1b,6,Leaf3,11,3.17,0.67
3353,1.6615,48,DMNT,17.5,1b,6,Leaf3,11,3.17,0.67
3354,0.855433,48,DMNT,18,1b,6,Leaf3,11,3.17,0.67
3355,0.906153,48,DMNT,18.5,1b,6,Leaf3,11,3.17,0.67
3356,0.226745,48,DMNT,19,1b,6,Leaf3,11,3.17,0.67
3357,1e-08,48,DMNT,19.5,1b,6,Leaf3,11,3.17,0.67
3358,0.659081,48,DMNT,20,1b,6,Leaf3,11,3.17,0.67
3359,0.431028,48,DMNT,20.5,1b,6,Leaf3,11,3.17,0.67
3360,0.955451,48,DMNT,21,1b,6,Leaf3,11,3.17,0.67
3361,0.326944,48,DMNT,21.5,1b,6,Leaf3,11,3.17,0.67
3362,1.36212,48,DMNT,22,1b,6,Leaf3,11,3.17,0.67
3363,1.08562,48,DMNT,22.5,1b,6,Leaf3,11,3.17,0.67
3364,1.75777,48,DMNT,23,1b,6,Leaf3,11,3.17,0.67
3365,1.47538,48,DMNT,23.5,1b,6,Leaf3,11,3.17,0.67
3366,1.192,48,DMNT,24,1b,6,Leaf3,11,3.17,0.67
3571,0.636085,53,DMNT,-1,1b,6,Leaf3,11,2.99,0.79
3572,1.10342,53,DMNT,-0.5,1b,6,Leaf3,11,2.99,0.79
3573,0.815625,53,DMNT,0,1b,6,Leaf3,11,2.99,0.79
3574,0.781294,53,DMNT,0.5,1b,6,Leaf3,11,2.99,0.79
3575,4.17178,53,DMNT,1,1b,6,Leaf3,11,2.99,0.79
3576,11.7755,53,DMNT,1.5,1b,6,Leaf3,11,2.99,0.79
3577,14.6031,53,DMNT,2,1b,6,Leaf3,11,2.99,0.79
3578,11.9877,53,DMNT,2.5,1b,6,Leaf3,11,2.99,0.79
3579,11.0195,53,DMNT,3,1b,6,Leaf3,11,2.99,0.79
3580,9.5174,53,DMNT,3.5,1b,6,Leaf3,11,2.99,0.79
3581,4.4262,53,DMNT,4,1b,6,Leaf3,11,2.99,0.79
3582,7.55501,53,DMNT,4.5,1b,6,Leaf3,11,2.99,0.79
3583,6.52414,53,DMNT,5,1b,6,Leaf3,11,2.99,0.79
3584,3.96455,53,DMNT,5.5,1b,6,Leaf3,11,2.99,0.79
3585,5.52252,53,DMNT,6,1b,6,Leaf3,11,2.99,0.79
3586,3.28821,53,DMNT,6.5,1b,6,Leaf3,11,2.99,0.79
3587,4.37454,53,DMNT,7,1b,6,Leaf3,11,2.99,0.79
3588,2.78605,53,DMNT,7.5,1b,6,Leaf3,11,2.99,0.79
3589,3.92018,53,DMNT,8,1b,6,Leaf3,11,2.99,0.79
3590,4.17904,53,DMNT,8.5,1b,6,Leaf3,11,2.99,0.79
3591,2.6854,53,DMNT,9,1b,6,Leaf3,11,2.99,0.79
3592,1.49057,53,DMNT,9.5,1b,6,Leaf3,11,2.99,0.79
3593,2.76002,53,DMNT,10,1b,6,Leaf3,11,2.99,0.79
3594,2.7818,53,DMNT,10.5,1b,6,Leaf3,11,2.99,0.79
3595,2.09571,53,DMNT,11,1b,6,Leaf3,11,2.99,0.79
3596,1.80787,53,DMNT,11.5,1b,6,Leaf3,11,2.99,0.79
3597,1.94322,53,DMNT,12,1b,6,Leaf3,11,2.99,0.79
3598,1.11816,53,DMNT,12.5,1b,6,Leaf3,11,2.99,0.79
3599,1.41536,53,DMNT,13,1b,6,Leaf3,11,2.99,0.79
3600,1.13283,53,DMNT,13.5,1b,6,Leaf3,11,2.99,0.79
3601,1.28296,53,DMNT,14,1b,6,Leaf3,11,2.99,0.79
3602,0.612913,53,DMNT,14.5,1b,6,Leaf3,11,2.99,0.79
3603,1.05753,53,DMNT,15,1b,6,Leaf3,11,2.99,0.79
3604,1.43325,53,DMNT,15.5,1b,6,Leaf3,11,2.99,0.79
3605,1.63188,53,DMNT,16,1b,6,Leaf3,11,2.99,0.79
3606,1.2208,53,DMNT,16.5,1b,6,Leaf3,11,2.99,0.79
3607,1.62512,53,DMNT,17,1b,6,Leaf3,11,2.99,0.79
3608,1.25674,53,DMNT,17.5,1b,6,Leaf3,11,2.99,0.79
3609,1.02375,53,DMNT,18,1b,6,Leaf3,11,2.99,0.79
3610,1.36603,53,DMNT,18.5,1b,6,Leaf3,11,2.99,0.79
3611,1.24234,53,DMNT,19,1b,6,Leaf3,11,2.99,0.79
3612,1.48576,53,DMNT,19.5,1b,6,Leaf3,11,2.99,0.79
3613,1.52765,53,DMNT,20,1b,6,Leaf3,11,2.99,0.79
3614,0.992858,53,DMNT,20.5,1b,6,Leaf3,11,2.99,0.79
3615,0.94177,53,DMNT,21,1b,6,Leaf3,11,2.99,0.79
3616,1.36869,53,DMNT,21.5,1b,6,Leaf3,11,2.99,0.79
3617,1.44145,53,DMNT,22,1b,6,Leaf3,11,2.99,0.79
3618,1.73113,53,DMNT,22.5,1b,6,Leaf3,11,2.99,0.79
3619,0.773235,53,DMNT,23,1b,6,Leaf3,11,2.99,0.79
3620,0.595438,53,DMNT,23.5,1b,6,Leaf3,11,2.99,0.79
3621,1.38508,53,DMNT,24,1b,6,Leaf3,11,2.99,0.79
3826,0.742454,54,DMNT,-1,1e,6,Leaf3,13.25,2.55,0.67
3827,0.98161,54,DMNT,-0.5,1e,6,Leaf3,13.25,2.55,0.67
3828,0.72312,54,DMNT,0,1e,6,Leaf3,13.25,2.55,0.67
3829,1.13398,54,DMNT,0.5,1e,6,Leaf3,13.25,2.55,0.67
3830,0.297284,54,DMNT,1,1e,6,Leaf3,13.25,2.55,0.67
3831,1e-08,54,DMNT,1.5,1e,6,Leaf3,13.25,2.55,0.67
3832,1e-08,54,DMNT,2,1e,6,Leaf3,13.25,2.55,0.67
3833,2.15118,54,DMNT,2.5,1e,6,Leaf3,13.25,2.55,0.67
3834,1.49639,54,DMNT,3,1e,6,Leaf3,13.25,2.55,0.67
3835,3.78465,54,DMNT,3.5,1e,6,Leaf3,13.25,2.55,0.67
3836,11.0112,54,DMNT,4,1e,6,Leaf3,13.25,2.55,0.67
3837,8.99439,54,DMNT,4.5,1e,6,Leaf3,13.25,2.55,0.67
3838,10.6596,54,DMNT,5,1e,6,Leaf3,13.25,2.55,0.67
3839,5.72064,54,DMNT,5.5,1e,6,Leaf3,13.25,2.55,0.67
3840,4.84529,54,DMNT,6,1e,6,Leaf3,13.25,2.55,0.67
3841,4.66193,54,DMNT,6.5,1e,6,Leaf3,13.25,2.55,0.67
3842,5.13598,54,DMNT,7,1e,6,Leaf3,13.25,2.55,0.67
3843,4.74869,54,DMNT,7.5,1e,6,Leaf3,13.25,2.55,0.67
3844,5.29075,54,DMNT,8,1e,6,Leaf3,13.25,2.55,0.67
3845,3.02658,54,DMNT,8.5,1e,6,Leaf3,13.25,2.55,0.67
3846,2.11291,54,DMNT,9,1e,6,Leaf3,13.25,2.55,0.67
3847,1.69698,54,DMNT,9.5,1e,6,Leaf3,13.25,2.55,0.67
3848,1.60452,54,DMNT,10,1e,6,Leaf3,13.25,2.55,0.67
3849,1.5948,54,DMNT,10.5,1e,6,Leaf3,13.25,2.55,0.67
3850,1.0415,54,DMNT,11,1e,6,Leaf3,13.25,2.55,0.67
3851,1.85023,54,DMNT,11.5,1e,6,Leaf3,13.25,2.55,0.67
3852,0.222658,54,DMNT,12,1e,6,Leaf3,13.25,2.55,0.67
3853,0.778254,54,DMNT,12.5,1e,6,Leaf3,13.25,2.55,0.67
3854,1.43094,54,DMNT,13,1e,6,Leaf3,13.25,2.55,0.67
3855,1.29662,54,DMNT,13.5,1e,6,Leaf3,13.25,2.55,0.67
3856,0.566175,54,DMNT,14,1e,6,Leaf3,13.25,2.55,0.67
3857,1.06429,54,DMNT,14.5,1e,6,Leaf3,13.25,2.55,0.67
3858,1.07905,54,DMNT,15,1e,6,Leaf3,13.25,2.55,0.67
3859,1e-08,54,DMNT,15.5,1e,6,Leaf3,13.25,2.55,0.67
3860,1e-08,54,DMNT,16,1e,6,Leaf3,13.25,2.55,0.67
3861,0.801971,54,DMNT,16.5,1e,6,Leaf3,13.25,2.55,0.67
3862,0.406206,54,DMNT,17,1e,6,Leaf3,13.25,2.55,0.67
3863,0.589193,54,DMNT,17.5,1e,6,Leaf3,13.25,2.55,0.67
3864,0.822678,54,DMNT,18,1e,6,Leaf3,13.25,2.55,0.67
3865,0.361983,54,DMNT,18.5,1e,6,Leaf3,13.25,2.55,0.67
3866,0.721481,54,DMNT,19,1e,6,Leaf3,13.25,2.55,0.67
3867,1e-08,54,DMNT,19.5,1e,6,Leaf3,13.25,2.55,0.67
3868,0.898262,54,DMNT,20,1e,6,Leaf3,13.25,2.55,0.67
3869,0.791408,54,DMNT,20.5,1e,6,Leaf3,13.25,2.55,0.67
3870,1.0407,54,DMNT,21,1e,6,Leaf3,13.25,2.55,0.67
3871,0.838071,54,DMNT,21.5,1e,6,Leaf3,13.25,2.55,0.67
3872,0.430436,54,DMNT,22,1e,6,Leaf3,13.25,2.55,0.67
3873,1.30769,54,DMNT,22.5,1e,6,Leaf3,13.25,2.55,0.67
3874,1.06298,54,DMNT,23,1e,6,Leaf3,13.25,2.55,0.67
3875,1.7427,54,DMNT,23.5,1e,6,Leaf3,13.25,2.55,0.67
3876,0.843633,54,DMNT,24,1e,6,Leaf3,13.25,2.55,0.67
4081,0.737625,55,DMNT,-1,1c,6,Leaf3,11.75,2.73,0.7
4082,0.137427,55,DMNT,-0.5,1c,6,Leaf3,11.75,2.73,0.7
4083,0.785322,55,DMNT,0,1c,6,Leaf3,11.75,2.73,0.7
4084,1.04449,55,DMNT,0.5,1c,6,Leaf3,11.75,2.73,0.7
4085,1e-08,55,DMNT,1,1c,6,Leaf3,11.75,2.73,0.7
4086,1.39697,55,DMNT,1.5,1c,6,Leaf3,11.75,2.73,0.7
4087,9.97981,55,DMNT,2,1c,6,Leaf3,11.75,2.73,0.7
4088,10.6383,55,DMNT,2.5,1c,6,Leaf3,11.75,2.73,0.7
4089,11.6812,55,DMNT,3,1c,6,Leaf3,11.75,2.73,0.7
4090,10.1366,55,DMNT,3.5,1c,6,Leaf3,11.75,2.73,0.7
4091,8.23501,55,DMNT,4,1c,6,Leaf3,11.75,2.73,0.7
4092,7.43685,55,DMNT,4.5,1c,6,Leaf3,11.75,2.73,0.7
4093,5.95216,55,DMNT,5,1c,6,Leaf3,11.75,2.73,0.7
4094,4.89694,55,DMNT,5.5,1c,6,Leaf3,11.75,2.73,0.7
4095,5.73561,55,DMNT,6,1c,6,Leaf3,11.75,2.73,0.7
4096,3.90621,55,DMNT,6.5,1c,6,Leaf3,11.75,2.73,0.7
4097,4.16175,55,DMNT,7,1c,6,Leaf3,11.75,2.73,0.7
4098,3.5885,55,DMNT,7.5,1c,6,Leaf3,11.75,2.73,0.7
4099,2.27317,55,DMNT,8,1c,6,Leaf3,11.75,2.73,0.7
4100,2.25763,55,DMNT,8.5,1c,6,Leaf3,11.75,2.73,0.7
4101,3.11476,55,DMNT,9,1c,6,Leaf3,11.75,2.73,0.7
4102,2.31065,55,DMNT,9.5,1c,6,Leaf3,11.75,2.73,0.7
4103,1.99938,55,DMNT,10,1c,6,Leaf3,11.75,2.73,0.7
4104,0.555065,55,DMNT,10.5,1c,6,Leaf3,11.75,2.73,0.7
4105,1.65672,55,DMNT,11,1c,6,Leaf3,11.75,2.73,0.7
4106,1.28995,55,DMNT,11.5,1c,6,Leaf3,11.75,2.73,0.7
4107,1.41688,55,DMNT,12,1c,6,Leaf3,11.75,2.73,0.7
4108,1.53591,55,DMNT,12.5,1c,6,Leaf3,11.75,2.73,0.7
4109,0.490653,55,DMNT,13,1c,6,Leaf3,11.75,2.73,0.7
4110,1.26198,55,DMNT,13.5,1c,6,Leaf3,11.75,2.73,0.7
4111,1.2313,55,DMNT,14,1c,6,Leaf3,11.75,2.73,0.7
4112,1.30831,55,DMNT,14.5,1c,6,Leaf3,11.75,2.73,0.7
4113,0.997326,55,DMNT,15,1c,6,Leaf3,11.75,2.73,0.7
4114,0.663809,55,DMNT,15.5,1c,6,Leaf3,11.75,2.73,0.7
4115,0.410948,55,DMNT,16,1c,6,Leaf3,11.75,2.73,0.7
4116,1e-08,55,DMNT,16.5,1c,6,Leaf3,11.75,2.73,0.7
4117,1.38582,55,DMNT,17,1c,6,Leaf3,11.75,2.73,0.7
4118,0.358181,55,DMNT,17.5,1c,6,Leaf3,11.75,2.73,0.7
4119,1e-08,55,DMNT,18,1c,6,Leaf3,11.75,2.73,0.7
4120,0.759235,55,DMNT,18.5,1c,6,Leaf3,11.75,2.73,0.7
4121,1.01351,55,DMNT,19,1c,6,Leaf3,11.75,2.73,0.7
4122,0.405093,55,DMNT,19.5,1c,6,Leaf3,11.75,2.73,0.7
4123,0.925501,55,DMNT,20,1c,6,Leaf3,11.75,2.73,0.7
4124,1.3738,55,DMNT,20.5,1c,6,Leaf3,11.75,2.73,0.7
4125,1.18025,55,DMNT,21,1c,6,Leaf3,11.75,2.73,0.7
4126,0.829918,55,DMNT,21.5,1c,6,Leaf3,11.75,2.73,0.7
4127,1.40731,55,DMNT,22,1c,6,Leaf3,11.75,2.73,0.7
4128,0.200526,55,DMNT,22.5,1c,6,Leaf3,11.75,2.73,0.7
4129,0.874025,55,DMNT,23,1c,6,Leaf3,11.75,2.73,0.7
4130,1.298,55,DMNT,23.5,1c,6,Leaf3,11.75,2.73,0.7
4131,1.73515,55,DMNT,24,1c,6,Leaf3,11.75,2.73,0.7
4336,0.514413,56,DMNT,-1,1d,6,Leaf3,12.5,3.16,0.77
4337,0.329315,56,DMNT,-0.5,1d,6,Leaf3,12.5,3.16,0.77
4338,1.41383,56,DMNT,0,1d,6,Leaf3,12.5,3.16,0.77
4339,0.939667,56,DMNT,0.5,1d,6,Leaf3,12.5,3.16,0.77
4340,0.457684,56,DMNT,1,1d,6,Leaf3,12.5,3.16,0.77
4341,1.20854,56,DMNT,1.5,1d,6,Leaf3,12.5,3.16,0.77
4342,1.51839,56,DMNT,2,1d,6,Leaf3,12.5,3.16,0.77
4343,5.94491,56,DMNT,2.5,1d,6,Leaf3,12.5,3.16,0.77
4344,20.4102,56,DMNT,3,1d,6,Leaf3,12.5,3.16,0.77
4345,20.349,56,DMNT,3.5,1d,6,Leaf3,12.5,3.16,0.77
4346,13.9143,56,DMNT,4,1d,6,Leaf3,12.5,3.16,0.77
4347,14.4604,56,DMNT,4.5,1d,6,Leaf3,12.5,3.16,0.77
4348,10.2844,56,DMNT,5,1d,6,Leaf3,12.5,3.16,0.77
4349,6.77162,56,DMNT,5.5,1d,6,Leaf3,12.5,3.16,0.77
4350,6.56813,56,DMNT,6,1d,6,Leaf3,12.5,3.16,0.77
4351,5.85909,56,DMNT,6.5,1d,6,Leaf3,12.5,3.16,0.77
4352,5.25077,56,DMNT,7,1d,6,Leaf3,12.5,3.16,0.77
4353,2.97381,56,DMNT,7.5,1d,6,Leaf3,12.5,3.16,0.77
4354,4.42921,56,DMNT,8,1d,6,Leaf3,12.5,3.16,0.77
4355,3.12098,56,DMNT,8.5,1d,6,Leaf3,12.5,3.16,0.77
4356,2.8213,56,DMNT,9,1d,6,Leaf3,12.5,3.16,0.77
4357,2.54058,56,DMNT,9.5,1d,6,Leaf3,12.5,3.16,0.77
4358,2.51405,56,DMNT,10,1d,6,Leaf3,12.5,3.16,0.77
4359,3.36389,56,DMNT,10.5,1d,6,Leaf3,12.5,3.16,0.77
4360,1.59714,56,DMNT,11,1d,6,Leaf3,12.5,3.16,0.77
4361,1.27826,56,DMNT,11.5,1d,6,Leaf3,12.5,3.16,0.77
4362,1.99642,56,DMNT,12,1d,6,Leaf3,12.5,3.16,0.77
4363,1.01717,56,DMNT,12.5,1d,6,Leaf3,12.5,3.16,0.77
4364,2.39686,56,DMNT,13,1d,6,Leaf3,12.5,3.16,0.77
4365,0.509875,56,DMNT,13.5,1d,6,Leaf3,12.5,3.16,0.77
4366,0.65887,56,DMNT,14,1d,6,Leaf3,12.5,3.16,0.77
4367,0.260941,56,DMNT,14.5,1d,6,Leaf3,12.5,3.16,0.77
4368,0.867107,56,DMNT,15,1d,6,Leaf3,12.5,3.16,0.77
4369,0.939652,56,DMNT,15.5,1d,6,Leaf3,12.5,3.16,0.77
4370,0.990015,56,DMNT,16,1d,6,Leaf3,12.5,3.16,0.77
4371,0.512886,56,DMNT,16.5,1d,6,Leaf3,12.5,3.16,0.77
4372,0.658025,56,DMNT,17,1d,6,Leaf3,12.5,3.16,0.77
4373,0.950985,56,DMNT,17.5,1d,6,Leaf3,12.5,3.16,0.77
4374,0.842435,56,DMNT,18,1d,6,Leaf3,12.5,3.16,0.77
4375,1.55074,56,DMNT,18.5,1d,6,Leaf3,12.5,3.16,0.77
4376,0.0524897,56,DMNT,19,1d,6,Leaf3,12.5,3.16,0.77
4377,1.15997,56,DMNT,19.5,1d,6,Leaf3,12.5,3.16,0.77
4378,0.864688,56,DMNT,20,1d,6,Leaf3,12.5,3.16,0.77
4379,0.92061,56,DMNT,20.5,1d,6,Leaf3,12.5,3.16,0.77
4380,1.27067,56,DMNT,21,1d,6,Leaf3,12.5,3.16,0.77
4381,0.183845,56,DMNT,21.5,1d,6,Leaf3,12.5,3.16,0.77
4382,1.51212,56,DMNT,22,1d,6,Leaf3,12.5,3.16,0.77
4383,1.11107,56,DMNT,22.5,1d,6,Leaf3,12.5,3.16,0.77
4384,1.00051,56,DMNT,23,1d,6,Leaf3,12.5,3.16,0.77
4385,1.40779,56,DMNT,23.5,1d,6,Leaf3,12.5,3.16,0.77
4386,1.68566,56,DMNT,24,1d,6,Leaf3,12.5,3.16,0.77
4591,1e-08,61,DMNT,-1,1g,6,Leaf3,14.45,2.6,0.77
4592,0.756382,61,DMNT,-0.5,1g,6,Leaf3,14.45,2.6,0.77
4593,1e-08,61,DMNT,0,1g,6,Leaf3,14.45,2.6,0.77
4594,1.1376,61,DMNT,0.5,1g,6,Leaf3,14.45,2.6,0.77
4595,1e-08,61,DMNT,1,1g,6,Leaf3,14.45,2.6,0.77
4596,1e-08,61,DMNT,1.5,1g,6,Leaf3,14.45,2.6,0.77
4597,1e-08,61,DMNT,2,1g,6,Leaf3,14.45,2.6,0.77
4598,0.156491,61,DMNT,2.5,1g,6,Leaf3,14.45,2.6,0.77
4599,0.979262,61,DMNT,3,1g,6,Leaf3,14.45,2.6,0.77
4600,0.209858,61,DMNT,3.5,1g,6,Leaf3,14.45,2.6,0.77
4601,1e-08,61,DMNT,4,1g,6,Leaf3,14.45,2.6,0.77
4602,1.44686,61,DMNT,4.5,1g,6,Leaf3,14.45,2.6,0.77
4603,8.29581,61,DMNT,5,1g,6,Leaf3,14.45,2.6,0.77
4604,15.227,61,DMNT,5.5,1g,6,Leaf3,14.45,2.6,0.77
4605,12.45,61,DMNT,6,1g,6,Leaf3,14.45,2.6,0.77
4606,12.0989,61,DMNT,6.5,1g,6,Leaf3,14.45,2.6,0.77
4607,7.22915,61,DMNT,7,1g,6,Leaf3,14.45,2.6,0.77
4608,4.82477,61,DMNT,7.5,1g,6,Leaf3,14.45,2.6,0.77
4609,4.73955,61,DMNT,8,1g,6,Leaf3,14.45,2.6,0.77
4610,5.93988,61,DMNT,8.5,1g,6,Leaf3,14.45,2.6,0.77
4611,4.07113,61,DMNT,9,1g,6,Leaf3,14.45,2.6,0.77
4612,3.07302,61,DMNT,9.5,1g,6,Leaf3,14.45,2.6,0.77
4613,3.26651,61,DMNT,10,1g,6,Leaf3,14.45,2.6,0.77
4614,2.74715,61,DMNT,10.5,1g,6,Leaf3,14.45,2.6,0.77
4615,0.208071,61,DMNT,11,1g,6,Leaf3,14.45,2.6,0.77
4616,2.25264,61,DMNT,11.5,1g,6,Leaf3,14.45,2.6,0.77
4617,1.97496,61,DMNT,12,1g,6,Leaf3,14.45,2.6,0.77
4618,0.65392,61,DMNT,12.5,1g,6,Leaf3,14.45,2.6,0.77
4619,1.42195,61,DMNT,13,1g,6,Leaf3,14.45,2.6,0.77
4620,1.23135,61,DMNT,13.5,1g,6,Leaf3,14.45,2.6,0.77
4621,1.9992,61,DMNT,14,1g,6,Leaf3,14.45,2.6,0.77
4622,1.54492,61,DMNT,14.5,1g,6,Leaf3,14.45,2.6,0.77
4623,1.62339,61,DMNT,15,1g,6,Leaf3,14.45,2.6,0.77
4624,1.37014,61,DMNT,15.5,1g,6,Leaf3,14.45,2.6,0.77
4625,0.70654,61,DMNT,16,1g,6,Leaf3,14.45,2.6,0.77
4626,0.514445,61,DMNT,16.5,1g,6,Leaf3,14.45,2.6,0.77
4627,0.657896,61,DMNT,17,1g,6,Leaf3,14.45,2.6,0.77
4628,0.77236,61,DMNT,17.5,1g,6,Leaf3,14.45,2.6,0.77
4629,0.842263,61,DMNT,18,1g,6,Leaf3,14.45,2.6,0.77
4630,1.26761,61,DMNT,18.5,1g,6,Leaf3,14.45,2.6,0.77
4631,1.50982,61,DMNT,19,1g,6,Leaf3,14.45,2.6,0.77
4632,1e-08,61,DMNT,19.5,1g,6,Leaf3,14.45,2.6,0.77
4633,1.00293,61,DMNT,20,1g,6,Leaf3,14.45,2.6,0.77
4634,1e-08,61,DMNT,20.5,1g,6,Leaf3,14.45,2.6,0.77
4635,0.793707,61,DMNT,21,1g,6,Leaf3,14.45,2.6,0.77
4636,0.833406,61,DMNT,21.5,1g,6,Leaf3,14.45,2.6,0.77
4637,0.990293,61,DMNT,22,1g,6,Leaf3,14.45,2.6,0.77
4638,0.887252,61,DMNT,22.5,1g,6,Leaf3,14.45,2.6,0.77
4639,0.00411892,61,DMNT,23,1g,6,Leaf3,14.45,2.6,0.77
4640,0.402332,61,DMNT,23.5,1g,6,Leaf3,14.45,2.6,0.77
4641,1.4952,61,DMNT,24,1g,6,Leaf3,14.45,2.6,0.77
4846,0.337774,65,DMNT,-1,1h,6,Leaf3,23,3.49,0.97
4847,0.239885,65,DMNT,-0.5,1h,6,Leaf3,23,3.49,0.97
4848,1.08453,65,DMNT,0,1h,6,Leaf3,23,3.49,0.97
4849,1e-08,65,DMNT,0.5,1h,6,Leaf3,23,3.49,0.97
4850,0.839937,65,DMNT,1,1h,6,Leaf3,23,3.49,0.97
4851,1e-08,65,DMNT,1.5,1h,6,Leaf3,23,3.49,0.97
4852,1e-08,65,DMNT,2,1h,6,Leaf3,23,3.49,0.97
4853,1.26995,65,DMNT,2.5,1h,6,Leaf3,23,3.49,0.97
4854,0.570566,65,DMNT,3,1h,6,Leaf3,23,3.49,0.97
4855,0.443813,65,DMNT,3.5,1h,6,Leaf3,23,3.49,0.97
4856,1.12449,65,DMNT,4,1h,6,Leaf3,23,3.49,0.97
4857,0.61575,65,DMNT,4.5,1h,6,Leaf3,23,3.49,0.97
4858,0.982543,65,DMNT,5,1h,6,Leaf3,23,3.49,0.97
4859,0.382631,65,DMNT,5.5,1h,6,Leaf3,23,3.49,0.97
4860,0.450774,65,DMNT,6,1h,6,Leaf3,23,3.49,0.97
4861,1e-08,65,DMNT,6.5,1h,6,Leaf3,23,3.49,0.97
4862,0.145178,65,DMNT,7,1h,6,Leaf3,23,3.49,0.97
4863,1e-08,65,DMNT,7.5,1h,6,Leaf3,23,3.49,0.97
4864,0.200059,65,DMNT,8,1h,6,Leaf3,23,3.49,0.97
4865,0.56459,65,DMNT,8.5,1h,6,Leaf3,23,3.49,0.97
4866,1.09736,65,DMNT,9,1h,6,Leaf3,23,3.49,0.97
4867,1.45026,65,DMNT,9.5,1h,6,Leaf3,23,3.49,0.97
4868,1.00722,65,DMNT,10,1h,6,Leaf3,23,3.49,0.97
4869,0.85742,65,DMNT,10.5,1h,6,Leaf3,23,3.49,0.97
4870,0.600196,65,DMNT,11,1h,6,Leaf3,23,3.49,0.97
4871,0.88325,65,DMNT,11.5,1h,6,Leaf3,23,3.49,0.97
4872,1.54444,65,DMNT,12,1h,6,Leaf3,23,3.49,0.97
4873,8.65017,65,DMNT,12.5,1h,6,Leaf3,23,3.49,0.97
4874,35.1805,65,DMNT,13,1h,6,Leaf3,23,3.49,0.97
4875,49.6933,65,DMNT,13.5,1h,6,Leaf3,23,3.49,0.97
4876,39.8429,65,DMNT,14,1h,6,Leaf3,23,3.49,0.97
4877,28.7439,65,DMNT,14.5,1h,6,Leaf3,23,3.49,0.97
4878,17.7926,65,DMNT,15,1h,6,Leaf3,23,3.49,0.97
4879,11.2803,65,DMNT,15.5,1h,6,Leaf3,23,3.49,0.97
4880,7.08008,65,DMNT,16,1h,6,Leaf3,23,3.49,0.97
4881,3.73626,65,DMNT,16.5,1h,6,Leaf3,23,3.49,0.97
4882,3.46609,65,DMNT,17,1h,6,Leaf3,23,3.49,0.97
4883,2.59588,65,DMNT,17.5,1h,6,Leaf3,23,3.49,0.97
4884,1.64866,65,DMNT,18,1h,6,Leaf3,23,3.49,0.97
4885,2.0353,65,DMNT,18.5,1h,6,Leaf3,23,3.49,0.97
4886,0.0115303,65,DMNT,19,1h,6,Leaf3,23,3.49,0.97
4887,1.70993,65,DMNT,19.5,1h,6,Leaf3,23,3.49,0.97
4888,1.56553,65,DMNT,20,1h,6,Leaf3,23,3.49,0.97
4889,1.85332,65,DMNT,20.5,1h,6,Leaf3,23,3.49,0.97
4890,1.46449,65,DMNT,21,1h,6,Leaf3,23,3.49,0.97
4891,1.30304,65,DMNT,21.5,1h,6,Leaf3,23,3.49,0.97
4892,0.905626,65,DMNT,22,1h,6,Leaf3,23,3.49,0.97
4893,1.03367,65,DMNT,22.5,1h,6,Leaf3,23,3.49,0.97
4894,2.18329,65,DMNT,23,1h,6,Leaf3,23,3.49,0.97
4895,1e-08,65,DMNT,23.5,1h,6,Leaf3,23,3.49,0.97
4896,1.8358,65,DMNT,24,1h,6,Leaf3,23,3.49,0.97
5101,1.40692,68,DMNT,-1,a,0,NA,NA,2.73,0.74
5102,1e-08,68,DMNT,-0.5,a,0,NA,NA,2.73,0.74
5103,0.314184,68,DMNT,0,a,0,NA,NA,2.73,0.74
5104,1.04132,68,DMNT,0.5,a,0,NA,NA,2.73,0.74
5105,1.11065,68,DMNT,1,a,0,NA,NA,2.73,0.74
5106,0.0760233,68,DMNT,1.5,a,0,NA,NA,2.73,0.74
5107,0.91566,68,DMNT,2,a,0,NA,NA,2.73,0.74
5108,1e-08,68,DMNT,2.5,a,0,NA,NA,2.73,0.74
5109,1e-08,68,DMNT,3,a,0,NA,NA,2.73,0.74
5110,1e-08,68,DMNT,3.5,a,0,NA,NA,2.73,0.74
5111,1.20819,68,DMNT,4,a,0,NA,NA,2.73,0.74
5112,1.48059,68,DMNT,4.5,a,0,NA,NA,2.73,0.74
5113,1e-08,68,DMNT,5,a,0,NA,NA,2.73,0.74
5114,0.409538,68,DMNT,5.5,a,0,NA,NA,2.73,0.74
5115,0.964772,68,DMNT,6,a,0,NA,NA,2.73,0.74
5116,1.01581,68,DMNT,6.5,a,0,NA,NA,2.73,0.74
5117,1.04872,68,DMNT,7,a,0,NA,NA,2.73,0.74
5118,1.4398,68,DMNT,7.5,a,0,NA,NA,2.73,0.74
5119,1.1779,68,DMNT,8,a,0,NA,NA,2.73,0.74
5120,1.32314,68,DMNT,8.5,a,0,NA,NA,2.73,0.74
5121,0.899184,68,DMNT,9,a,0,NA,NA,2.73,0.74
5122,0.794867,68,DMNT,9.5,a,0,NA,NA,2.73,0.74
5123,0.93155,68,DMNT,10,a,0,NA,NA,2.73,0.74
5124,0.764196,68,DMNT,10.5,a,0,NA,NA,2.73,0.74
5125,0.991261,68,DMNT,11,a,0,NA,NA,2.73,0.74
5126,0.00985891,68,DMNT,11.5,a,0,NA,NA,2.73,0.74
5127,0.709005,68,DMNT,12,a,0,NA,NA,2.73,0.74
5128,1.10918,68,DMNT,12.5,a,0,NA,NA,2.73,0.74
5129,0.891596,68,DMNT,13,a,0,NA,NA,2.73,0.74
5130,1e-08,68,DMNT,13.5,a,0,NA,NA,2.73,0.74
5131,0.52214,68,DMNT,14,a,0,NA,NA,2.73,0.74
5132,1.28864,68,DMNT,14.5,a,0,NA,NA,2.73,0.74
5133,0.552604,68,DMNT,15,a,0,NA,NA,2.73,0.74
5134,1.095,68,DMNT,15.5,a,0,NA,NA,2.73,0.74
5135,0.831908,68,DMNT,16,a,0,NA,NA,2.73,0.74
5136,1.04385,68,DMNT,16.5,a,0,NA,NA,2.73,0.74
5137,1e-08,68,DMNT,17,a,0,NA,NA,2.73,0.74
5138,0.249556,68,DMNT,17.5,a,0,NA,NA,2.73,0.74
5139,1.19397,68,DMNT,18,a,0,NA,NA,2.73,0.74
5140,1.352,68,DMNT,18.5,a,0,NA,NA,2.73,0.74
5141,1.2337,68,DMNT,19,a,0,NA,NA,2.73,0.74
5142,1e-08,68,DMNT,19.5,a,0,NA,NA,2.73,0.74
5143,0.76361,68,DMNT,20,a,0,NA,NA,2.73,0.74
5144,0.479387,68,DMNT,20.5,a,0,NA,NA,2.73,0.74
5145,1.19369,68,DMNT,21,a,0,NA,NA,2.73,0.74
5146,1.00286,68,DMNT,21.5,a,0,NA,NA,2.73,0.74
5147,0.904531,68,DMNT,22,a,0,NA,NA,2.73,0.74
5148,1.24671,68,DMNT,22.5,a,0,NA,NA,2.73,0.74
5149,0.784019,68,DMNT,23,a,0,NA,NA,2.73,0.74
5150,1.89073,68,DMNT,23.5,a,0,NA,NA,2.73,0.74
5151,0.156314,68,DMNT,24,a,0,NA,NA,2.73,0.74
5356,0.56469,73,DMNT,-1,1c,6,Leaf3,11.75,2.33,0.63
5357,0.621163,73,DMNT,-0.5,1c,6,Leaf3,11.75,2.33,0.63
5358,1.03632,73,DMNT,0,1c,6,Leaf3,11.75,2.33,0.63
5359,1.01596,73,DMNT,0.5,1c,6,Leaf3,11.75,2.33,0.63
5360,0.989922,73,DMNT,1,1c,6,Leaf3,11.75,2.33,0.63
5361,1e-08,73,DMNT,1.5,1c,6,Leaf3,11.75,2.33,0.63
5362,3.53492,73,DMNT,2,1c,6,Leaf3,11.75,2.33,0.63
5363,5.67192,73,DMNT,2.5,1c,6,Leaf3,11.75,2.33,0.63
5364,3.60491,73,DMNT,3,1c,6,Leaf3,11.75,2.33,0.63
5365,5.34814,73,DMNT,3.5,1c,6,Leaf3,11.75,2.33,0.63
5366,5.45913,73,DMNT,4,1c,6,Leaf3,11.75,2.33,0.63
5367,3.72203,73,DMNT,4.5,1c,6,Leaf3,11.75,2.33,0.63
5368,4.12271,73,DMNT,5,1c,6,Leaf3,11.75,2.33,0.63
5369,4.97976,73,DMNT,5.5,1c,6,Leaf3,11.75,2.33,0.63
5370,5.31458,73,DMNT,6,1c,6,Leaf3,11.75,2.33,0.63
5371,4.94682,73,DMNT,6.5,1c,6,Leaf3,11.75,2.33,0.63
5372,4.39334,73,DMNT,7,1c,6,Leaf3,11.75,2.33,0.63
5373,3.25578,73,DMNT,7.5,1c,6,Leaf3,11.75,2.33,0.63
5374,3.88838,73,DMNT,8,1c,6,Leaf3,11.75,2.33,0.63
5375,2.63396,73,DMNT,8.5,1c,6,Leaf3,11.75,2.33,0.63
5376,3.82866,73,DMNT,9,1c,6,Leaf3,11.75,2.33,0.63
5377,3.14495,73,DMNT,9.5,1c,6,Leaf3,11.75,2.33,0.63
5378,3.223,73,DMNT,10,1c,6,Leaf3,11.75,2.33,0.63
5379,1.94755,73,DMNT,10.5,1c,6,Leaf3,11.75,2.33,0.63
5380,1.77751,73,DMNT,11,1c,6,Leaf3,11.75,2.33,0.63
5381,1.55157,73,DMNT,11.5,1c,6,Leaf3,11.75,2.33,0.63
5382,1.87033,73,DMNT,12,1c,6,Leaf3,11.75,2.33,0.63
5383,2.53286,73,DMNT,12.5,1c,6,Leaf3,11.75,2.33,0.63
5384,1.61107,73,DMNT,13,1c,6,Leaf3,11.75,2.33,0.63
5385,1.33756,73,DMNT,13.5,1c,6,Leaf3,11.75,2.33,0.63
5386,1.57738,73,DMNT,14,1c,6,Leaf3,11.75,2.33,0.63
5387,1.39349,73,DMNT,14.5,1c,6,Leaf3,11.75,2.33,0.63
5388,0.933846,73,DMNT,15,1c,6,Leaf3,11.75,2.33,0.63
5389,0.598234,73,DMNT,15.5,1c,6,Leaf3,11.75,2.33,0.63
5390,0.636826,73,DMNT,16,1c,6,Leaf3,11.75,2.33,0.63
5391,0.559955,73,DMNT,16.5,1c,6,Leaf3,11.75,2.33,0.63
5392,0.308484,73,DMNT,17,1c,6,Leaf3,11.75,2.33,0.63
5393,0.691657,73,DMNT,17.5,1c,6,Leaf3,11.75,2.33,0.63
5394,0.0028314,73,DMNT,18,1c,6,Leaf3,11.75,2.33,0.63
5395,0.238212,73,DMNT,18.5,1c,6,Leaf3,11.75,2.33,0.63
5396,1e-08,73,DMNT,19,1c,6,Leaf3,11.75,2.33,0.63
5397,0.710439,73,DMNT,19.5,1c,6,Leaf3,11.75,2.33,0.63
5398,0.241655,73,DMNT,20,1c,6,Leaf3,11.75,2.33,0.63
5399,0.696268,73,DMNT,20.5,1c,6,Leaf3,11.75,2.33,0.63
5400,0.806992,73,DMNT,21,1c,6,Leaf3,11.75,2.33,0.63
5401,0.0318323,73,DMNT,21.5,1c,6,Leaf3,11.75,2.33,0.63
5402,0.0400855,73,DMNT,22,1c,6,Leaf3,11.75,2.33,0.63
5403,1.25728,73,DMNT,22.5,1c,6,Leaf3,11.75,2.33,0.63
5404,1.13976,73,DMNT,23,1c,6,Leaf3,11.75,2.33,0.63
5405,1e-08,73,DMNT,23.5,1c,6,Leaf3,11.75,2.33,0.63
5406,0.379925,73,DMNT,24,1c,6,Leaf3,11.75,2.33,0.63
5611,1e-08,83,DMNT,-1,1d,6,Leaf3,12.5,2.28,0.69
5612,0.867144,83,DMNT,-0.5,1d,6,Leaf3,12.5,2.28,0.69
5613,0.853466,83,DMNT,0,1d,6,Leaf3,12.5,2.28,0.69
5614,0.949702,83,DMNT,0.5,1d,6,Leaf3,12.5,2.28,0.69
5615,1.5818,83,DMNT,1,1d,6,Leaf3,12.5,2.28,0.69
5616,1.17957,83,DMNT,1.5,1d,6,Leaf3,12.5,2.28,0.69
5617,1.75412,83,DMNT,2,1d,6,Leaf3,12.5,2.28,0.69
5618,1.493,83,DMNT,2.5,1d,6,Leaf3,12.5,2.28,0.69
5619,8.75602,83,DMNT,3,1d,6,Leaf3,12.5,2.28,0.69
5620,13.695,83,DMNT,3.5,1d,6,Leaf3,12.5,2.28,0.69
5621,16.2906,83,DMNT,4,1d,6,Leaf3,12.5,2.28,0.69
5622,12.5172,83,DMNT,4.5,1d,6,Leaf3,12.5,2.28,0.69
5623,10.9306,83,DMNT,5,1d,6,Leaf3,12.5,2.28,0.69
5624,8.6397,83,DMNT,5.5,1d,6,Leaf3,12.5,2.28,0.69
5625,7.78353,83,DMNT,6,1d,6,Leaf3,12.5,2.28,0.69
5626,6.02648,83,DMNT,6.5,1d,6,Leaf3,12.5,2.28,0.69
5627,5.17626,83,DMNT,7,1d,6,Leaf3,12.5,2.28,0.69
5628,4.31445,83,DMNT,7.5,1d,6,Leaf3,12.5,2.28,0.69
5629,3.87766,83,DMNT,8,1d,6,Leaf3,12.5,2.28,0.69
5630,3.18082,83,DMNT,8.5,1d,6,Leaf3,12.5,2.28,0.69
5631,3.20654,83,DMNT,9,1d,6,Leaf3,12.5,2.28,0.69
5632,1.23904,83,DMNT,9.5,1d,6,Leaf3,12.5,2.28,0.69
5633,3.89669,83,DMNT,10,1d,6,Leaf3,12.5,2.28,0.69
5634,3.71385,83,DMNT,10.5,1d,6,Leaf3,12.5,2.28,0.69
5635,2.44545,83,DMNT,11,1d,6,Leaf3,12.5,2.28,0.69
5636,1.45244,83,DMNT,11.5,1d,6,Leaf3,12.5,2.28,0.69
5637,1.00284,83,DMNT,12,1d,6,Leaf3,12.5,2.28,0.69
5638,1.02316,83,DMNT,12.5,1d,6,Leaf3,12.5,2.28,0.69
5639,1.92938,83,DMNT,13,1d,6,Leaf3,12.5,2.28,0.69
5640,1.33298,83,DMNT,13.5,1d,6,Leaf3,12.5,2.28,0.69
5641,0.856202,83,DMNT,14,1d,6,Leaf3,12.5,2.28,0.69
5642,1.58141,83,DMNT,14.5,1d,6,Leaf3,12.5,2.28,0.69
5643,1.16391,83,DMNT,15,1d,6,Leaf3,12.5,2.28,0.69
5644,1e-08,83,DMNT,15.5,1d,6,Leaf3,12.5,2.28,0.69
5645,1.11999,83,DMNT,16,1d,6,Leaf3,12.5,2.28,0.69
5646,0.468999,83,DMNT,16.5,1d,6,Leaf3,12.5,2.28,0.69
5647,1e-08,83,DMNT,17,1d,6,Leaf3,12.5,2.28,0.69
5648,0.857529,83,DMNT,17.5,1d,6,Leaf3,12.5,2.28,0.69
5649,1.21771,83,DMNT,18,1d,6,Leaf3,12.5,2.28,0.69
5650,0.666132,83,DMNT,18.5,1d,6,Leaf3,12.5,2.28,0.69
5651,0.520492,83,DMNT,19,1d,6,Leaf3,12.5,2.28,0.69
5652,1e-08,83,DMNT,19.5,1d,6,Leaf3,12.5,2.28,0.69
5653,0.295158,83,DMNT,20,1d,6,Leaf3,12.5,2.28,0.69
5654,0.0416245,83,DMNT,20.5,1d,6,Leaf3,12.5,2.28,0.69
5655,1e-08,83,DMNT,21,1d,6,Leaf3,12.5,2.28,0.69
5656,1.05094,83,DMNT,21.5,1d,6,Leaf3,12.5,2.28,0.69
5657,1e-08,83,DMNT,22,1d,6,Leaf3,12.5,2.28,0.69
5658,0.816615,83,DMNT,22.5,1d,6,Leaf3,12.5,2.28,0.69
5659,0.719852,83,DMNT,23,1d,6,Leaf3,12.5,2.28,0.69
5660,1.40182,83,DMNT,23.5,1d,6,Leaf3,12.5,2.28,0.69
5661,1.012,83,DMNT,24,1d,6,Leaf3,12.5,2.28,0.69
5866,1e-08,84,DMNT,-1,1d,6,Leaf3,12.5,2.52,0.69
5867,0.789816,84,DMNT,-0.5,1d,6,Leaf3,12.5,2.52,0.69
5868,0.561888,84,DMNT,0,1d,6,Leaf3,12.5,2.52,0.69
5869,1e-08,84,DMNT,0.5,1d,6,Leaf3,12.5,2.52,0.69
5870,1.15245,84,DMNT,1,1d,6,Leaf3,12.5,2.52,0.69
5871,1.29401,84,DMNT,1.5,1d,6,Leaf3,12.5,2.52,0.69
5872,0.496826,84,DMNT,2,1d,6,Leaf3,12.5,2.52,0.69
5873,1.07259,84,DMNT,2.5,1d,6,Leaf3,12.5,2.52,0.69
5874,4.65583,84,DMNT,3,1d,6,Leaf3,12.5,2.52,0.69
5875,11.7129,84,DMNT,3.5,1d,6,Leaf3,12.5,2.52,0.69
5876,10.9216,84,DMNT,4,1d,6,Leaf3,12.5,2.52,0.69
5877,9.84635,84,DMNT,4.5,1d,6,Leaf3,12.5,2.52,0.69
5878,7.65162,84,DMNT,5,1d,6,Leaf3,12.5,2.52,0.69
5879,7.48226,84,DMNT,5.5,1d,6,Leaf3,12.5,2.52,0.69
5880,5.5192,84,DMNT,6,1d,6,Leaf3,12.5,2.52,0.69
5881,2.02106,84,DMNT,6.5,1d,6,Leaf3,12.5,2.52,0.69
5882,4.14053,84,DMNT,7,1d,6,Leaf3,12.5,2.52,0.69
5883,4.09115,84,DMNT,7.5,1d,6,Leaf3,12.5,2.52,0.69
5884,3.98575,84,DMNT,8,1d,6,Leaf3,12.5,2.52,0.69
5885,3.25626,84,DMNT,8.5,1d,6,Leaf3,12.5,2.52,0.69
5886,3.20585,84,DMNT,9,1d,6,Leaf3,12.5,2.52,0.69
5887,2.82635,84,DMNT,9.5,1d,6,Leaf3,12.5,2.52,0.69
5888,1.29767,84,DMNT,10,1d,6,Leaf3,12.5,2.52,0.69
5889,1.88232,84,DMNT,10.5,1d,6,Leaf3,12.5,2.52,0.69
5890,1.713,84,DMNT,11,1d,6,Leaf3,12.5,2.52,0.69
5891,1.66815,84,DMNT,11.5,1d,6,Leaf3,12.5,2.52,0.69
5892,0.00893283,84,DMNT,12,1d,6,Leaf3,12.5,2.52,0.69
5893,1.45902,84,DMNT,12.5,1d,6,Leaf3,12.5,2.52,0.69
5894,1.49291,84,DMNT,13,1d,6,Leaf3,12.5,2.52,0.69
5895,1.03549,84,DMNT,13.5,1d,6,Leaf3,12.5,2.52,0.69
5896,1e-08,84,DMNT,14,1d,6,Leaf3,12.5,2.52,0.69
5897,0.935028,84,DMNT,14.5,1d,6,Leaf3,12.5,2.52,0.69
5898,0.126198,84,DMNT,15,1d,6,Leaf3,12.5,2.52,0.69
5899,0.963981,84,DMNT,15.5,1d,6,Leaf3,12.5,2.52,0.69
5900,1e-08,84,DMNT,16,1d,6,Leaf3,12.5,2.52,0.69
5901,0.850502,84,DMNT,16.5,1d,6,Leaf3,12.5,2.52,0.69
5902,0.473988,84,DMNT,17,1d,6,Leaf3,12.5,2.52,0.69
5903,1.15745,84,DMNT,17.5,1d,6,Leaf3,12.5,2.52,0.69
5904,1.03087,84,DMNT,18,1d,6,Leaf3,12.5,2.52,0.69
5905,0.81233,84,DMNT,18.5,1d,6,Leaf3,12.5,2.52,0.69
5906,0.425728,84,DMNT,19,1d,6,Leaf3,12.5,2.52,0.69
5907,0.875864,84,DMNT,19.5,1d,6,Leaf3,12.5,2.52,0.69
5908,0.337694,84,DMNT,20,1d,6,Leaf3,12.5,2.52,0.69
5909,0.3042,84,DMNT,20.5,1d,6,Leaf3,12.5,2.52,0.69
5910,0.575579,84,DMNT,21,1d,6,Leaf3,12.5,2.52,0.69
5911,1e-08,84,DMNT,21.5,1d,6,Leaf3,12.5,2.52,0.69
5912,1.73999,84,DMNT,22,1d,6,Leaf3,12.5,2.52,0.69
5913,1.72284,84,DMNT,22.5,1d,6,Leaf3,12.5,2.52,0.69
5914,1.43707,84,DMNT,23,1d,6,Leaf3,12.5,2.52,0.69
5915,1.16641,84,DMNT,23.5,1d,6,Leaf3,12.5,2.52,0.69
5916,0.209883,84,DMNT,24,1d,6,Leaf3,12.5,2.52,0.69
6121,1.18374,85,DMNT,-1,1b,6,Leaf3,11,2.74,0.79
6122,0.430601,85,DMNT,-0.5,1b,6,Leaf3,11,2.74,0.79
6123,1e-08,85,DMNT,0,1b,6,Leaf3,11,2.74,0.79
6124,1e-08,85,DMNT,0.5,1b,6,Leaf3,11,2.74,0.79
6125,1.64825,85,DMNT,1,1b,6,Leaf3,11,2.74,0.79
6126,7.56686,85,DMNT,1.5,1b,6,Leaf3,11,2.74,0.79
6127,9.31495,85,DMNT,2,1b,6,Leaf3,11,2.74,0.79
6128,9.20986,85,DMNT,2.5,1b,6,Leaf3,11,2.74,0.79
6129,10.5576,85,DMNT,3,1b,6,Leaf3,11,2.74,0.79
6130,7.96819,85,DMNT,3.5,1b,6,Leaf3,11,2.74,0.79
6131,7.41454,85,DMNT,4,1b,6,Leaf3,11,2.74,0.79
6132,7.14876,85,DMNT,4.5,1b,6,Leaf3,11,2.74,0.79
6133,4.09878,85,DMNT,5,1b,6,Leaf3,11,2.74,0.79
6134,6.07112,85,DMNT,5.5,1b,6,Leaf3,11,2.74,0.79
6135,3.05819,85,DMNT,6,1b,6,Leaf3,11,2.74,0.79
6136,2.43908,85,DMNT,6.5,1b,6,Leaf3,11,2.74,0.79
6137,4.19209,85,DMNT,7,1b,6,Leaf3,11,2.74,0.79
6138,2.31311,85,DMNT,7.5,1b,6,Leaf3,11,2.74,0.79
6139,2.75546,85,DMNT,8,1b,6,Leaf3,11,2.74,0.79
6140,2.58148,85,DMNT,8.5,1b,6,Leaf3,11,2.74,0.79
6141,1.76937,85,DMNT,9,1b,6,Leaf3,11,2.74,0.79
6142,0.0826483,85,DMNT,9.5,1b,6,Leaf3,11,2.74,0.79
6143,2.08698,85,DMNT,10,1b,6,Leaf3,11,2.74,0.79
6144,0.816867,85,DMNT,10.5,1b,6,Leaf3,11,2.74,0.79
6145,1.86025,85,DMNT,11,1b,6,Leaf3,11,2.74,0.79
6146,0.856636,85,DMNT,11.5,1b,6,Leaf3,11,2.74,0.79
6147,1.25783,85,DMNT,12,1b,6,Leaf3,11,2.74,0.79
6148,0.732223,85,DMNT,12.5,1b,6,Leaf3,11,2.74,0.79
6149,0.766281,85,DMNT,13,1b,6,Leaf3,11,2.74,0.79
6150,1e-08,85,DMNT,13.5,1b,6,Leaf3,11,2.74,0.79
6151,1e-08,85,DMNT,14,1b,6,Leaf3,11,2.74,0.79
6152,0.199281,85,DMNT,14.5,1b,6,Leaf3,11,2.74,0.79
6153,1e-08,85,DMNT,15,1b,6,Leaf3,11,2.74,0.79
6154,0.852479,85,DMNT,15.5,1b,6,Leaf3,11,2.74,0.79
6155,0.588016,85,DMNT,16,1b,6,Leaf3,11,2.74,0.79
6156,0.709905,85,DMNT,16.5,1b,6,Leaf3,11,2.74,0.79
6157,0.27017,85,DMNT,17,1b,6,Leaf3,11,2.74,0.79
6158,0.967429,85,DMNT,17.5,1b,6,Leaf3,11,2.74,0.79
6159,0.847201,85,DMNT,18,1b,6,Leaf3,11,2.74,0.79
6160,1e-08,85,DMNT,18.5,1b,6,Leaf3,11,2.74,0.79
6161,0.716625,85,DMNT,19,1b,6,Leaf3,11,2.74,0.79
6162,1.05921,85,DMNT,19.5,1b,6,Leaf3,11,2.74,0.79
6163,1.06295,85,DMNT,20,1b,6,Leaf3,11,2.74,0.79
6164,0.924604,85,DMNT,20.5,1b,6,Leaf3,11,2.74,0.79
6165,1.20346,85,DMNT,21,1b,6,Leaf3,11,2.74,0.79
6166,1e-08,85,DMNT,21.5,1b,6,Leaf3,11,2.74,0.79
6167,0.811906,85,DMNT,22,1b,6,Leaf3,11,2.74,0.79
6168,1.49204,85,DMNT,22.5,1b,6,Leaf3,11,2.74,0.79
6169,0.548763,85,DMNT,23,1b,6,Leaf3,11,2.74,0.79
6170,1.59409,85,DMNT,23.5,1b,6,Leaf3,11,2.74,0.79
6171,0.691788,85,DMNT,24,1b,6,Leaf3,11,2.74,0.79
6376,1e-08,86,DMNT,-1,1e,6,Leaf3,13.25,2.4,0.71
6377,0.429091,86,DMNT,-0.5,1e,6,Leaf3,13.25,2.4,0.71
6378,0.500163,86,DMNT,0,1e,6,Leaf3,13.25,2.4,0.71
6379,1.0073,86,DMNT,0.5,1e,6,Leaf3,13.25,2.4,0.71
6380,0.755643,86,DMNT,1,1e,6,Leaf3,13.25,2.4,0.71
6381,1e-08,86,DMNT,1.5,1e,6,Leaf3,13.25,2.4,0.71
6382,0.529559,86,DMNT,2,1e,6,Leaf3,13.25,2.4,0.71
6383,1e-08,86,DMNT,2.5,1e,6,Leaf3,13.25,2.4,0.71
6384,1.41019,86,DMNT,3,1e,6,Leaf3,13.25,2.4,0.71
6385,7.85743,86,DMNT,3.5,1e,6,Leaf3,13.25,2.4,0.71
6386,13.1074,86,DMNT,4,1e,6,Leaf3,13.25,2.4,0.71
6387,16.3283,86,DMNT,4.5,1e,6,Leaf3,13.25,2.4,0.71
6388,13.9779,86,DMNT,5,1e,6,Leaf3,13.25,2.4,0.71
6389,11.8224,86,DMNT,5.5,1e,6,Leaf3,13.25,2.4,0.71
6390,11.039,86,DMNT,6,1e,6,Leaf3,13.25,2.4,0.71
6391,9.02891,86,DMNT,6.5,1e,6,Leaf3,13.25,2.4,0.71
6392,6.68611,86,DMNT,7,1e,6,Leaf3,13.25,2.4,0.71
6393,6.10556,86,DMNT,7.5,1e,6,Leaf3,13.25,2.4,0.71
6394,6.10558,86,DMNT,8,1e,6,Leaf3,13.25,2.4,0.71
6395,5.49784,86,DMNT,8.5,1e,6,Leaf3,13.25,2.4,0.71
6396,3.08899,86,DMNT,9,1e,6,Leaf3,13.25,2.4,0.71
6397,0.736987,86,DMNT,9.5,1e,6,Leaf3,13.25,2.4,0.71
6398,2.93285,86,DMNT,10,1e,6,Leaf3,13.25,2.4,0.71
6399,2.2227,86,DMNT,10.5,1e,6,Leaf3,13.25,2.4,0.71
6400,1.95875,86,DMNT,11,1e,6,Leaf3,13.25,2.4,0.71
6401,2.10341,86,DMNT,11.5,1e,6,Leaf3,13.25,2.4,0.71
6402,2.31783,86,DMNT,12,1e,6,Leaf3,13.25,2.4,0.71
6403,1.90447,86,DMNT,12.5,1e,6,Leaf3,13.25,2.4,0.71
6404,1.77611,86,DMNT,13,1e,6,Leaf3,13.25,2.4,0.71
6405,0.924444,86,DMNT,13.5,1e,6,Leaf3,13.25,2.4,0.71
6406,1.05265,86,DMNT,14,1e,6,Leaf3,13.25,2.4,0.71
6407,0.765707,86,DMNT,14.5,1e,6,Leaf3,13.25,2.4,0.71
6408,1.33812,86,DMNT,15,1e,6,Leaf3,13.25,2.4,0.71
6409,1.25653,86,DMNT,15.5,1e,6,Leaf3,13.25,2.4,0.71
6410,0.0294563,86,DMNT,16,1e,6,Leaf3,13.25,2.4,0.71
6411,0.871103,86,DMNT,16.5,1e,6,Leaf3,13.25,2.4,0.71
6412,0.272196,86,DMNT,17,1e,6,Leaf3,13.25,2.4,0.71
6413,1e-08,86,DMNT,17.5,1e,6,Leaf3,13.25,2.4,0.71
6414,0.789374,86,DMNT,18,1e,6,Leaf3,13.25,2.4,0.71
6415,1e-08,86,DMNT,18.5,1e,6,Leaf3,13.25,2.4,0.71
6416,0.391695,86,DMNT,19,1e,6,Leaf3,13.25,2.4,0.71
6417,1.35741,86,DMNT,19.5,1e,6,Leaf3,13.25,2.4,0.71
6418,0.892213,86,DMNT,20,1e,6,Leaf3,13.25,2.4,0.71
6419,0.947641,86,DMNT,20.5,1e,6,Leaf3,13.25,2.4,0.71
6420,0.574894,86,DMNT,21,1e,6,Leaf3,13.25,2.4,0.71
6421,0.655821,86,DMNT,21.5,1e,6,Leaf3,13.25,2.4,0.71
6422,0.281025,86,DMNT,22,1e,6,Leaf3,13.25,2.4,0.71
6423,1.27892,86,DMNT,22.5,1e,6,Leaf3,13.25,2.4,0.71
6424,0.2889,86,DMNT,23,1e,6,Leaf3,13.25,2.4,0.71
6425,1.08288,86,DMNT,23.5,1e,6,Leaf3,13.25,2.4,0.71
6426,0.954279,86,DMNT,24,1e,6,Leaf3,13.25,2.4,0.71
6631,0.65395,89,DMNT,-1,1b,6,Leaf3,11,2,0.57
6632,1e-08,89,DMNT,-0.5,1b,6,Leaf3,11,2,0.57
6633,0.915974,89,DMNT,0,1b,6,Leaf3,11,2,0.57
6634,0.786422,89,DMNT,0.5,1b,6,Leaf3,11,2,0.57
6635,0.608318,89,DMNT,1,1b,6,Leaf3,11,2,0.57
6636,6.57644,89,DMNT,1.5,1b,6,Leaf3,11,2,0.57
6637,10.582,89,DMNT,2,1b,6,Leaf3,11,2,0.57
6638,9.53251,89,DMNT,2.5,1b,6,Leaf3,11,2,0.57
6639,10.6969,89,DMNT,3,1b,6,Leaf3,11,2,0.57
6640,7.9278,89,DMNT,3.5,1b,6,Leaf3,11,2,0.57
6641,8.05858,89,DMNT,4,1b,6,Leaf3,11,2,0.57
6642,5.06052,89,DMNT,4.5,1b,6,Leaf3,11,2,0.57
6643,6.37506,89,DMNT,5,1b,6,Leaf3,11,2,0.57
6644,5.79228,89,DMNT,5.5,1b,6,Leaf3,11,2,0.57
6645,5.37145,89,DMNT,6,1b,6,Leaf3,11,2,0.57
6646,5.47258,89,DMNT,6.5,1b,6,Leaf3,11,2,0.57
6647,3.94601,89,DMNT,7,1b,6,Leaf3,11,2,0.57
6648,4.07237,89,DMNT,7.5,1b,6,Leaf3,11,2,0.57
6649,3.57386,89,DMNT,8,1b,6,Leaf3,11,2,0.57
6650,4.13248,89,DMNT,8.5,1b,6,Leaf3,11,2,0.57
6651,1.76549,89,DMNT,9,1b,6,Leaf3,11,2,0.57
6652,2.64997,89,DMNT,9.5,1b,6,Leaf3,11,2,0.57
6653,2.90867,89,DMNT,10,1b,6,Leaf3,11,2,0.57
6654,2.75553,89,DMNT,10.5,1b,6,Leaf3,11,2,0.57
6655,0.482924,89,DMNT,11,1b,6,Leaf3,11,2,0.57
6656,2.00997,89,DMNT,11.5,1b,6,Leaf3,11,2,0.57
6657,0.431656,89,DMNT,12,1b,6,Leaf3,11,2,0.57
6658,1.68492,89,DMNT,12.5,1b,6,Leaf3,11,2,0.57
6659,2.3686,89,DMNT,13,1b,6,Leaf3,11,2,0.57
6660,1.07097,89,DMNT,13.5,1b,6,Leaf3,11,2,0.57
6661,1e-08,89,DMNT,14,1b,6,Leaf3,11,2,0.57
6662,1.40891,89,DMNT,14.5,1b,6,Leaf3,11,2,0.57
6663,0.434341,89,DMNT,15,1b,6,Leaf3,11,2,0.57
6664,0.575627,89,DMNT,15.5,1b,6,Leaf3,11,2,0.57
6665,0.610696,89,DMNT,16,1b,6,Leaf3,11,2,0.57
6666,1.24661,89,DMNT,16.5,1b,6,Leaf3,11,2,0.57
6667,1.16366,89,DMNT,17,1b,6,Leaf3,11,2,0.57
6668,1.12894,89,DMNT,17.5,1b,6,Leaf3,11,2,0.57
6669,0.5405,89,DMNT,18,1b,6,Leaf3,11,2,0.57
6670,0.357183,89,DMNT,18.5,1b,6,Leaf3,11,2,0.57
6671,0.0386801,89,DMNT,19,1b,6,Leaf3,11,2,0.57
6672,1.01257,89,DMNT,19.5,1b,6,Leaf3,11,2,0.57
6673,1.43076,89,DMNT,20,1b,6,Leaf3,11,2,0.57
6674,0.490801,89,DMNT,20.5,1b,6,Leaf3,11,2,0.57
6675,1.24252,89,DMNT,21,1b,6,Leaf3,11,2,0.57
6676,0.774441,89,DMNT,21.5,1b,6,Leaf3,11,2,0.57
6677,2.03289,89,DMNT,22,1b,6,Leaf3,11,2,0.57
6678,0.802382,89,DMNT,22.5,1b,6,Leaf3,11,2,0.57
6679,0.208514,89,DMNT,23,1b,6,Leaf3,11,2,0.57
6680,0.340431,89,DMNT,23.5,1b,6,Leaf3,11,2,0.57
6681,1.16336,89,DMNT,24,1b,6,Leaf3,11,2,0.57
6886,1e-08,90,DMNT,-1,1g,6,Leaf3,14.45,2.41,0.7
6887,0.653639,90,DMNT,-0.5,1g,6,Leaf3,14.45,2.41,0.7
6888,1e-08,90,DMNT,0,1g,6,Leaf3,14.45,2.41,0.7
6889,1e-08,90,DMNT,0.5,1g,6,Leaf3,14.45,2.41,0.7
6890,1e-08,90,DMNT,1,1g,6,Leaf3,14.45,2.41,0.7
6891,1e-08,90,DMNT,1.5,1g,6,Leaf3,14.45,2.41,0.7
6892,1.01469,90,DMNT,2,1g,6,Leaf3,14.45,2.41,0.7
6893,1e-08,90,DMNT,2.5,1g,6,Leaf3,14.45,2.41,0.7
6894,1e-08,90,DMNT,3,1g,6,Leaf3,14.45,2.41,0.7
6895,1e-08,90,DMNT,3.5,1g,6,Leaf3,14.45,2.41,0.7
6896,1.32902,90,DMNT,4,1g,6,Leaf3,14.45,2.41,0.7
6897,1.02162,90,DMNT,4.5,1g,6,Leaf3,14.45,2.41,0.7
6898,3.71546,90,DMNT,5,1g,6,Leaf3,14.45,2.41,0.7
6899,8.66742,90,DMNT,5.5,1g,6,Leaf3,14.45,2.41,0.7
6900,8.53105,90,DMNT,6,1g,6,Leaf3,14.45,2.41,0.7
6901,6.48405,90,DMNT,6.5,1g,6,Leaf3,14.45,2.41,0.7
6902,6.29272,90,DMNT,7,1g,6,Leaf3,14.45,2.41,0.7
6903,5.32269,90,DMNT,7.5,1g,6,Leaf3,14.45,2.41,0.7
6904,4.58973,90,DMNT,8,1g,6,Leaf3,14.45,2.41,0.7
6905,4.86622,90,DMNT,8.5,1g,6,Leaf3,14.45,2.41,0.7
6906,3.49208,90,DMNT,9,1g,6,Leaf3,14.45,2.41,0.7
6907,2.52638,90,DMNT,9.5,1g,6,Leaf3,14.45,2.41,0.7
6908,3.16433,90,DMNT,10,1g,6,Leaf3,14.45,2.41,0.7
6909,2.07482,90,DMNT,10.5,1g,6,Leaf3,14.45,2.41,0.7
6910,3.17636,90,DMNT,11,1g,6,Leaf3,14.45,2.41,0.7
6911,1.45508,90,DMNT,11.5,1g,6,Leaf3,14.45,2.41,0.7
6912,1.65614,90,DMNT,12,1g,6,Leaf3,14.45,2.41,0.7
6913,1.66425,90,DMNT,12.5,1g,6,Leaf3,14.45,2.41,0.7
6914,0.733857,90,DMNT,13,1g,6,Leaf3,14.45,2.41,0.7
6915,1.32907,90,DMNT,13.5,1g,6,Leaf3,14.45,2.41,0.7
6916,0.855376,90,DMNT,14,1g,6,Leaf3,14.45,2.41,0.7
6917,1.60732,90,DMNT,14.5,1g,6,Leaf3,14.45,2.41,0.7
6918,1.29828,90,DMNT,15,1g,6,Leaf3,14.45,2.41,0.7
6919,0.557424,90,DMNT,15.5,1g,6,Leaf3,14.45,2.41,0.7
6920,1.15812,90,DMNT,16,1g,6,Leaf3,14.45,2.41,0.7
6921,0.122825,90,DMNT,16.5,1g,6,Leaf3,14.45,2.41,0.7
6922,0.454145,90,DMNT,17,1g,6,Leaf3,14.45,2.41,0.7
6923,0.315086,90,DMNT,17.5,1g,6,Leaf3,14.45,2.41,0.7
6924,0.574379,90,DMNT,18,1g,6,Leaf3,14.45,2.41,0.7
6925,0.293744,90,DMNT,18.5,1g,6,Leaf3,14.45,2.41,0.7
6926,0.943925,90,DMNT,19,1g,6,Leaf3,14.45,2.41,0.7
6927,1.25045,90,DMNT,19.5,1g,6,Leaf3,14.45,2.41,0.7
6928,0.194406,90,DMNT,20,1g,6,Leaf3,14.45,2.41,0.7
6929,0.137973,90,DMNT,20.5,1g,6,Leaf3,14.45,2.41,0.7
6930,0.560079,90,DMNT,21,1g,6,Leaf3,14.45,2.41,0.7
6931,0.568108,90,DMNT,21.5,1g,6,Leaf3,14.45,2.41,0.7
6932,0.312698,90,DMNT,22,1g,6,Leaf3,14.45,2.41,0.7
6933,0.718964,90,DMNT,22.5,1g,6,Leaf3,14.45,2.41,0.7
6934,1.16203,90,DMNT,23,1g,6,Leaf3,14.45,2.41,0.7
6935,0.430714,90,DMNT,23.5,1g,6,Leaf3,14.45,2.41,0.7
6936,1.12293,90,DMNT,24,1g,6,Leaf3,14.45,2.41,0.7
7141,0.094523,91,DMNT,-1,1h,6,Leaf3,23,2.49,0.64
7142,0.8156,91,DMNT,-0.5,1h,6,Leaf3,23,2.49,0.64
7143,0.872984,91,DMNT,0,1h,6,Leaf3,23,2.49,0.64
7144,0.557363,91,DMNT,0.5,1h,6,Leaf3,23,2.49,0.64
7145,0.700166,91,DMNT,1,1h,6,Leaf3,23,2.49,0.64
7146,1e-08,91,DMNT,1.5,1h,6,Leaf3,23,2.49,0.64
7147,0.304718,91,DMNT,2,1h,6,Leaf3,23,2.49,0.64
7148,0.698173,91,DMNT,2.5,1h,6,Leaf3,23,2.49,0.64
7149,0.98079,91,DMNT,3,1h,6,Leaf3,23,2.49,0.64
7150,0.103038,91,DMNT,3.5,1h,6,Leaf3,23,2.49,0.64
7151,0.521716,91,DMNT,4,1h,6,Leaf3,23,2.49,0.64
7152,1.10932,91,DMNT,4.5,1h,6,Leaf3,23,2.49,0.64
7153,0.229894,91,DMNT,5,1h,6,Leaf3,23,2.49,0.64
7154,0.811076,91,DMNT,5.5,1h,6,Leaf3,23,2.49,0.64
7155,1.30996,91,DMNT,6,1h,6,Leaf3,23,2.49,0.64
7156,0.898848,91,DMNT,6.5,1h,6,Leaf3,23,2.49,0.64
7157,0.566453,91,DMNT,7,1h,6,Leaf3,23,2.49,0.64
7158,0.316157,91,DMNT,7.5,1h,6,Leaf3,23,2.49,0.64
7159,0.581942,91,DMNT,8,1h,6,Leaf3,23,2.49,0.64
7160,0.916092,91,DMNT,8.5,1h,6,Leaf3,23,2.49,0.64
7161,0.624998,91,DMNT,9,1h,6,Leaf3,23,2.49,0.64
7162,1.43701,91,DMNT,9.5,1h,6,Leaf3,23,2.49,0.64
7163,1e-08,91,DMNT,10,1h,6,Leaf3,23,2.49,0.64
7164,0.567458,91,DMNT,10.5,1h,6,Leaf3,23,2.49,0.64
7165,1e-08,91,DMNT,11,1h,6,Leaf3,23,2.49,0.64
7166,1e-08,91,DMNT,11.5,1h,6,Leaf3,23,2.49,0.64
7167,0.377076,91,DMNT,12,1h,6,Leaf3,23,2.49,0.64
7168,1.80443,91,DMNT,12.5,1h,6,Leaf3,23,2.49,0.64
7169,10.6585,91,DMNT,13,1h,6,Leaf3,23,2.49,0.64
7170,14.0465,91,DMNT,13.5,1h,6,Leaf3,23,2.49,0.64
7171,13.3638,91,DMNT,14,1h,6,Leaf3,23,2.49,0.64
7172,8.90583,91,DMNT,14.5,1h,6,Leaf3,23,2.49,0.64
7173,7.2846,91,DMNT,15,1h,6,Leaf3,23,2.49,0.64
7174,4.95681,91,DMNT,15.5,1h,6,Leaf3,23,2.49,0.64
7175,2.22226,91,DMNT,16,1h,6,Leaf3,23,2.49,0.64
7176,1.35772,91,DMNT,16.5,1h,6,Leaf3,23,2.49,0.64
7177,1.24611,91,DMNT,17,1h,6,Leaf3,23,2.49,0.64
7178,0.80783,91,DMNT,17.5,1h,6,Leaf3,23,2.49,0.64
7179,1.02852,91,DMNT,18,1h,6,Leaf3,23,2.49,0.64
7180,0.770043,91,DMNT,18.5,1h,6,Leaf3,23,2.49,0.64
7181,0.335029,91,DMNT,19,1h,6,Leaf3,23,2.49,0.64
7182,0.82807,91,DMNT,19.5,1h,6,Leaf3,23,2.49,0.64
7183,0.673996,91,DMNT,20,1h,6,Leaf3,23,2.49,0.64
7184,1.28245,91,DMNT,20.5,1h,6,Leaf3,23,2.49,0.64
7185,1.76494,91,DMNT,21,1h,6,Leaf3,23,2.49,0.64
7186,1.31262,91,DMNT,21.5,1h,6,Leaf3,23,2.49,0.64
7187,0.741329,91,DMNT,22,1h,6,Leaf3,23,2.49,0.64
7188,1.21672,91,DMNT,22.5,1h,6,Leaf3,23,2.49,0.64
7189,0.797099,91,DMNT,23,1h,6,Leaf3,23,2.49,0.64
7190,0.638143,91,DMNT,23.5,1h,6,Leaf3,23,2.49,0.64
7191,0.367326,91,DMNT,24,1h,6,Leaf3,23,2.49,0.64
7396,0.737478,92,DMNT,-1,1g,6,Leaf3,14.45,2.29,0.62
7397,0.869231,92,DMNT,-0.5,1g,6,Leaf3,14.45,2.29,0.62
7398,0.55079,92,DMNT,0,1g,6,Leaf3,14.45,2.29,0.62
7399,0.732238,92,DMNT,0.5,1g,6,Leaf3,14.45,2.29,0.62
7400,1.16592,92,DMNT,1,1g,6,Leaf3,14.45,2.29,0.62
7401,1.23589,92,DMNT,1.5,1g,6,Leaf3,14.45,2.29,0.62
7402,0.617332,92,DMNT,2,1g,6,Leaf3,14.45,2.29,0.62
7403,1.48698,92,DMNT,2.5,1g,6,Leaf3,14.45,2.29,0.62
7404,1.30579,92,DMNT,3,1g,6,Leaf3,14.45,2.29,0.62
7405,1.27236,92,DMNT,3.5,1g,6,Leaf3,14.45,2.29,0.62
7406,1.00083,92,DMNT,4,1g,6,Leaf3,14.45,2.29,0.62
7407,0.121449,92,DMNT,4.5,1g,6,Leaf3,14.45,2.29,0.62
7408,2.21953,92,DMNT,5,1g,6,Leaf3,14.45,2.29,0.62
7409,11.0604,92,DMNT,5.5,1g,6,Leaf3,14.45,2.29,0.62
7410,16.4827,92,DMNT,6,1g,6,Leaf3,14.45,2.29,0.62
7411,15.7006,92,DMNT,6.5,1g,6,Leaf3,14.45,2.29,0.62
7412,15.0564,92,DMNT,7,1g,6,Leaf3,14.45,2.29,0.62
7413,11.8913,92,DMNT,7.5,1g,6,Leaf3,14.45,2.29,0.62
7414,9.064,92,DMNT,8,1g,6,Leaf3,14.45,2.29,0.62
7415,8.19651,92,DMNT,8.5,1g,6,Leaf3,14.45,2.29,0.62
7416,6.35442,92,DMNT,9,1g,6,Leaf3,14.45,2.29,0.62
7417,5.35906,92,DMNT,9.5,1g,6,Leaf3,14.45,2.29,0.62
7418,4.31609,92,DMNT,10,1g,6,Leaf3,14.45,2.29,0.62
7419,3.59784,92,DMNT,10.5,1g,6,Leaf3,14.45,2.29,0.62
7420,3.00741,92,DMNT,11,1g,6,Leaf3,14.45,2.29,0.62
7421,2.0323,92,DMNT,11.5,1g,6,Leaf3,14.45,2.29,0.62
7422,1.85481,92,DMNT,12,1g,6,Leaf3,14.45,2.29,0.62
7423,1.14595,92,DMNT,12.5,1g,6,Leaf3,14.45,2.29,0.62
7424,1e-08,92,DMNT,13,1g,6,Leaf3,14.45,2.29,0.62
7425,1e-08,92,DMNT,13.5,1g,6,Leaf3,14.45,2.29,0.62
7426,1.22484,92,DMNT,14,1g,6,Leaf3,14.45,2.29,0.62
7427,1.36415,92,DMNT,14.5,1g,6,Leaf3,14.45,2.29,0.62
7428,0.559434,92,DMNT,15,1g,6,Leaf3,14.45,2.29,0.62
7429,1e-08,92,DMNT,15.5,1g,6,Leaf3,14.45,2.29,0.62
7430,0.847241,92,DMNT,16,1g,6,Leaf3,14.45,2.29,0.62
7431,1.45535,92,DMNT,16.5,1g,6,Leaf3,14.45,2.29,0.62
7432,1e-08,92,DMNT,17,1g,6,Leaf3,14.45,2.29,0.62
7433,1.06816,92,DMNT,17.5,1g,6,Leaf3,14.45,2.29,0.62
7434,0.231323,92,DMNT,18,1g,6,Leaf3,14.45,2.29,0.62
7435,0.559806,92,DMNT,18.5,1g,6,Leaf3,14.45,2.29,0.62
7436,1e-08,92,DMNT,19,1g,6,Leaf3,14.45,2.29,0.62
7437,1.15048,92,DMNT,19.5,1g,6,Leaf3,14.45,2.29,0.62
7438,0.783881,92,DMNT,20,1g,6,Leaf3,14.45,2.29,0.62
7439,1e-08,92,DMNT,20.5,1g,6,Leaf3,14.45,2.29,0.62
7440,1.53294,92,DMNT,21,1g,6,Leaf3,14.45,2.29,0.62
7441,0.36875,92,DMNT,21.5,1g,6,Leaf3,14.45,2.29,0.62
7442,0.422763,92,DMNT,22,1g,6,Leaf3,14.45,2.29,0.62
7443,0.323487,92,DMNT,22.5,1g,6,Leaf3,14.45,2.29,0.62
7444,0.663443,92,DMNT,23,1g,6,Leaf3,14.45,2.29,0.62
7445,0.415269,92,DMNT,23.5,1g,6,Leaf3,14.45,2.29,0.62
7446,0.627803,92,DMNT,24,1g,6,Leaf3,14.45,2.29,0.62
7651,0.765079,97,DMNT,-1,1e,6,Leaf3,13.25,1.95,0.57
7652,1e-08,97,DMNT,-0.5,1e,6,Leaf3,13.25,1.95,0.57
7653,0.776225,97,DMNT,0,1e,6,Leaf3,13.25,1.95,0.57
7654,0.648571,97,DMNT,0.5,1e,6,Leaf3,13.25,1.95,0.57
7655,0.904107,97,DMNT,1,1e,6,Leaf3,13.25,1.95,0.57
7656,1e-08,97,DMNT,1.5,1e,6,Leaf3,13.25,1.95,0.57
7657,1e-08,97,DMNT,2,1e,6,Leaf3,13.25,1.95,0.57
7658,1e-08,97,DMNT,2.5,1e,6,Leaf3,13.25,1.95,0.57
7659,0.890013,97,DMNT,3,1e,6,Leaf3,13.25,1.95,0.57
7660,2.38624,97,DMNT,3.5,1e,6,Leaf3,13.25,1.95,0.57
7661,5.52304,97,DMNT,4,1e,6,Leaf3,13.25,1.95,0.57
7662,7.15063,97,DMNT,4.5,1e,6,Leaf3,13.25,1.95,0.57
7663,5.37893,97,DMNT,5,1e,6,Leaf3,13.25,1.95,0.57
7664,6.23502,97,DMNT,5.5,1e,6,Leaf3,13.25,1.95,0.57
7665,4.18656,97,DMNT,6,1e,6,Leaf3,13.25,1.95,0.57
7666,3.99912,97,DMNT,6.5,1e,6,Leaf3,13.25,1.95,0.57
7667,3.6771,97,DMNT,7,1e,6,Leaf3,13.25,1.95,0.57
7668,3.6469,97,DMNT,7.5,1e,6,Leaf3,13.25,1.95,0.57
7669,3.06028,97,DMNT,8,1e,6,Leaf3,13.25,1.95,0.57
7670,2.25777,97,DMNT,8.5,1e,6,Leaf3,13.25,1.95,0.57
7671,2.7367,97,DMNT,9,1e,6,Leaf3,13.25,1.95,0.57
7672,1.8755,97,DMNT,9.5,1e,6,Leaf3,13.25,1.95,0.57
7673,1.73345,97,DMNT,10,1e,6,Leaf3,13.25,1.95,0.57
7674,0.731344,97,DMNT,10.5,1e,6,Leaf3,13.25,1.95,0.57
7675,0.684487,97,DMNT,11,1e,6,Leaf3,13.25,1.95,0.57
7676,1.68806,97,DMNT,11.5,1e,6,Leaf3,13.25,1.95,0.57
7677,1.7085,97,DMNT,12,1e,6,Leaf3,13.25,1.95,0.57
7678,0.245089,97,DMNT,12.5,1e,6,Leaf3,13.25,1.95,0.57
7679,0.805506,97,DMNT,13,1e,6,Leaf3,13.25,1.95,0.57
7680,1.08849,97,DMNT,13.5,1e,6,Leaf3,13.25,1.95,0.57
7681,0.409185,97,DMNT,14,1e,6,Leaf3,13.25,1.95,0.57
7682,1.30368,97,DMNT,14.5,1e,6,Leaf3,13.25,1.95,0.57
7683,0.171209,97,DMNT,15,1e,6,Leaf3,13.25,1.95,0.57
7684,0.389395,97,DMNT,15.5,1e,6,Leaf3,13.25,1.95,0.57
7685,1e-08,97,DMNT,16,1e,6,Leaf3,13.25,1.95,0.57
7686,1e-08,97,DMNT,16.5,1e,6,Leaf3,13.25,1.95,0.57
7687,0.599567,97,DMNT,17,1e,6,Leaf3,13.25,1.95,0.57
7688,0.460829,97,DMNT,17.5,1e,6,Leaf3,13.25,1.95,0.57
7689,0.924873,97,DMNT,18,1e,6,Leaf3,13.25,1.95,0.57
7690,0.263797,97,DMNT,18.5,1e,6,Leaf3,13.25,1.95,0.57
7691,0.712786,97,DMNT,19,1e,6,Leaf3,13.25,1.95,0.57
7692,1e-08,97,DMNT,19.5,1e,6,Leaf3,13.25,1.95,0.57
7693,0.0608793,97,DMNT,20,1e,6,Leaf3,13.25,1.95,0.57
7694,1.20914,97,DMNT,20.5,1e,6,Leaf3,13.25,1.95,0.57
7695,0.212448,97,DMNT,21,1e,6,Leaf3,13.25,1.95,0.57
7696,0.294724,97,DMNT,21.5,1e,6,Leaf3,13.25,1.95,0.57
7697,1.17126,97,DMNT,22,1e,6,Leaf3,13.25,1.95,0.57
7698,0.573691,97,DMNT,22.5,1e,6,Leaf3,13.25,1.95,0.57
7699,1e-08,97,DMNT,23,1e,6,Leaf3,13.25,1.95,0.57
7700,1e-08,97,DMNT,23.5,1e,6,Leaf3,13.25,1.95,0.57
7701,1e-08,97,DMNT,24,1e,6,Leaf3,13.25,1.95,0.57
7906,0.118465,98,DMNT,-1,1h,6,Leaf3,23,2.22,0.63
7907,0.714146,98,DMNT,-0.5,1h,6,Leaf3,23,2.22,0.63
7908,0.000496626,98,DMNT,0,1h,6,Leaf3,23,2.22,0.63
7909,1e-08,98,DMNT,0.5,1h,6,Leaf3,23,2.22,0.63
7910,1e-08,98,DMNT,1,1h,6,Leaf3,23,2.22,0.63
7911,1.0037,98,DMNT,1.5,1h,6,Leaf3,23,2.22,0.63
7912,0.335239,98,DMNT,2,1h,6,Leaf3,23,2.22,0.63
7913,0.67879,98,DMNT,2.5,1h,6,Leaf3,23,2.22,0.63
7914,0.583707,98,DMNT,3,1h,6,Leaf3,23,2.22,0.63
7915,0.797666,98,DMNT,3.5,1h,6,Leaf3,23,2.22,0.63
7916,0.641993,98,DMNT,4,1h,6,Leaf3,23,2.22,0.63
7917,0.800758,98,DMNT,4.5,1h,6,Leaf3,23,2.22,0.63
7918,0.462349,98,DMNT,5,1h,6,Leaf3,23,2.22,0.63
7919,1.01388,98,DMNT,5.5,1h,6,Leaf3,23,2.22,0.63
7920,1.10013,98,DMNT,6,1h,6,Leaf3,23,2.22,0.63
7921,0.537685,98,DMNT,6.5,1h,6,Leaf3,23,2.22,0.63
7922,0.286261,98,DMNT,7,1h,6,Leaf3,23,2.22,0.63
7923,1.35575,98,DMNT,7.5,1h,6,Leaf3,23,2.22,0.63
7924,0.633751,98,DMNT,8,1h,6,Leaf3,23,2.22,0.63
7925,0.714331,98,DMNT,8.5,1h,6,Leaf3,23,2.22,0.63
7926,0.418644,98,DMNT,9,1h,6,Leaf3,23,2.22,0.63
7927,0.175047,98,DMNT,9.5,1h,6,Leaf3,23,2.22,0.63
7928,0.0749353,98,DMNT,10,1h,6,Leaf3,23,2.22,0.63
7929,1e-08,98,DMNT,10.5,1h,6,Leaf3,23,2.22,0.63
7930,0.51116,98,DMNT,11,1h,6,Leaf3,23,2.22,0.63
7931,1.1624,98,DMNT,11.5,1h,6,Leaf3,23,2.22,0.63
7932,0.146178,98,DMNT,12,1h,6,Leaf3,23,2.22,0.63
7933,1.54363,98,DMNT,12.5,1h,6,Leaf3,23,2.22,0.63
7934,8.19681,98,DMNT,13,1h,6,Leaf3,23,2.22,0.63
7935,10.7171,98,DMNT,13.5,1h,6,Leaf3,23,2.22,0.63
7936,8.80113,98,DMNT,14,1h,6,Leaf3,23,2.22,0.63
7937,5.22025,98,DMNT,14.5,1h,6,Leaf3,23,2.22,0.63
7938,4.9279,98,DMNT,15,1h,6,Leaf3,23,2.22,0.63
7939,2.24516,98,DMNT,15.5,1h,6,Leaf3,23,2.22,0.63
7940,1.43519,98,DMNT,16,1h,6,Leaf3,23,2.22,0.63
7941,1.19451,98,DMNT,16.5,1h,6,Leaf3,23,2.22,0.63
7942,1e-08,98,DMNT,17,1h,6,Leaf3,23,2.22,0.63
7943,0.985035,98,DMNT,17.5,1h,6,Leaf3,23,2.22,0.63
7944,0.976282,98,DMNT,18,1h,6,Leaf3,23,2.22,0.63
7945,0.591764,98,DMNT,18.5,1h,6,Leaf3,23,2.22,0.63
7946,1e-08,98,DMNT,19,1h,6,Leaf3,23,2.22,0.63
7947,1e-08,98,DMNT,19.5,1h,6,Leaf3,23,2.22,0.63
7948,1.16887,98,DMNT,20,1h,6,Leaf3,23,2.22,0.63
7949,0.378327,98,DMNT,20.5,1h,6,Leaf3,23,2.22,0.63
7950,1e-08,98,DMNT,21,1h,6,Leaf3,23,2.22,0.63
7951,0.110302,98,DMNT,21.5,1h,6,Leaf3,23,2.22,0.63
7952,0.600698,98,DMNT,22,1h,6,Leaf3,23,2.22,0.63
7953,1.07451,98,DMNT,22.5,1h,6,Leaf3,23,2.22,0.63
7954,1.32854,98,DMNT,23,1h,6,Leaf3,23,2.22,0.63
7955,1.15008,98,DMNT,23.5,1h,6,Leaf3,23,2.22,0.63
7956,0.761157,98,DMNT,24,1h,6,Leaf3,23,2.22,0.63
8161,0.422161,101,DMNT,-1,a,0,NA,NA,1.34,0.39
8162,1e-08,101,DMNT,-0.5,a,0,NA,NA,1.34,0.39
8163,1e-08,101,DMNT,0,a,0,NA,NA,1.34,0.39
8164,0.223987,101,DMNT,0.5,a,0,NA,NA,1.34,0.39
8165,1.05681,101,DMNT,1,a,0,NA,NA,1.34,0.39
8166,0.97568,101,DMNT,1.5,a,0,NA,NA,1.34,0.39
8167,0.467215,101,DMNT,2,a,0,NA,NA,1.34,0.39
8168,1e-08,101,DMNT,2.5,a,0,NA,NA,1.34,0.39
8169,0.234702,101,DMNT,3,a,0,NA,NA,1.34,0.39
8170,0.980343,101,DMNT,3.5,a,0,NA,NA,1.34,0.39
8171,1.24492,101,DMNT,4,a,0,NA,NA,1.34,0.39
8172,1.11815,101,DMNT,4.5,a,0,NA,NA,1.34,0.39
8173,1e-08,101,DMNT,5,a,0,NA,NA,1.34,0.39
8174,0.551543,101,DMNT,5.5,a,0,NA,NA,1.34,0.39
8175,0.598686,101,DMNT,6,a,0,NA,NA,1.34,0.39
8176,1e-08,101,DMNT,6.5,a,0,NA,NA,1.34,0.39
8177,0.759189,101,DMNT,7,a,0,NA,NA,1.34,0.39
8178,0.988082,101,DMNT,7.5,a,0,NA,NA,1.34,0.39
8179,0.857024,101,DMNT,8,a,0,NA,NA,1.34,0.39
8180,1e-08,101,DMNT,8.5,a,0,NA,NA,1.34,0.39
8181,0.669208,101,DMNT,9,a,0,NA,NA,1.34,0.39
8182,0.911197,101,DMNT,9.5,a,0,NA,NA,1.34,0.39
8183,0.377329,101,DMNT,10,a,0,NA,NA,1.34,0.39
8184,0.689564,101,DMNT,10.5,a,0,NA,NA,1.34,0.39
8185,1.18962,101,DMNT,11,a,0,NA,NA,1.34,0.39
8186,0.464884,101,DMNT,11.5,a,0,NA,NA,1.34,0.39
8187,0.598325,101,DMNT,12,a,0,NA,NA,1.34,0.39
8188,0.609588,101,DMNT,12.5,a,0,NA,NA,1.34,0.39
8189,1.28924,101,DMNT,13,a,0,NA,NA,1.34,0.39
8190,0.181839,101,DMNT,13.5,a,0,NA,NA,1.34,0.39
8191,1e-08,101,DMNT,14,a,0,NA,NA,1.34,0.39
8192,0.498733,101,DMNT,14.5,a,0,NA,NA,1.34,0.39
8193,1e-08,101,DMNT,15,a,0,NA,NA,1.34,0.39
8194,1e-08,101,DMNT,15.5,a,0,NA,NA,1.34,0.39
8195,0.845425,101,DMNT,16,a,0,NA,NA,1.34,0.39
8196,0.890554,101,DMNT,16.5,a,0,NA,NA,1.34,0.39
8197,0.660079,101,DMNT,17,a,0,NA,NA,1.34,0.39
8198,1.0275,101,DMNT,17.5,a,0,NA,NA,1.34,0.39
8199,0.0271108,101,DMNT,18,a,0,NA,NA,1.34,0.39
8200,0.41265,101,DMNT,18.5,a,0,NA,NA,1.34,0.39
8201,0.933981,101,DMNT,19,a,0,NA,NA,1.34,0.39
8202,0.912279,101,DMNT,19.5,a,0,NA,NA,1.34,0.39
8203,0.812548,101,DMNT,20,a,0,NA,NA,1.34,0.39
8204,0.27898,101,DMNT,20.5,a,0,NA,NA,1.34,0.39
8205,0.784508,101,DMNT,21,a,0,NA,NA,1.34,0.39
8206,0.596213,101,DMNT,21.5,a,0,NA,NA,1.34,0.39
8207,0.849851,101,DMNT,22,a,0,NA,NA,1.34,0.39
8208,1.0262,101,DMNT,22.5,a,0,NA,NA,1.34,0.39
8209,1e-08,101,DMNT,23,a,0,NA,NA,1.34,0.39
8210,1e-08,101,DMNT,23.5,a,0,NA,NA,1.34,0.39
8211,0.975552,101,DMNT,24,a,0,NA,NA,1.34,0.39
8416,1e-08,102,DMNT,-1,1c,6,Leaf3,11.75,1.62,0.5
8417,0.487104,102,DMNT,-0.5,1c,6,Leaf3,11.75,1.62,0.5
8418,0.215522,102,DMNT,0,1c,6,Leaf3,11.75,1.62,0.5
8419,0.332955,102,DMNT,0.5,1c,6,Leaf3,11.75,1.62,0.5
8420,1e-08,102,DMNT,1,1c,6,Leaf3,11.75,1.62,0.5
8421,0.608393,102,DMNT,1.5,1c,6,Leaf3,11.75,1.62,0.5
8422,0.620323,102,DMNT,2,1c,6,Leaf3,11.75,1.62,0.5
8423,4.95716,102,DMNT,2.5,1c,6,Leaf3,11.75,1.62,0.5
8424,4.72555,102,DMNT,3,1c,6,Leaf3,11.75,1.62,0.5
8425,4.97243,102,DMNT,3.5,1c,6,Leaf3,11.75,1.62,0.5
8426,3.9885,102,DMNT,4,1c,6,Leaf3,11.75,1.62,0.5
8427,4.41322,102,DMNT,4.5,1c,6,Leaf3,11.75,1.62,0.5
8428,3.89872,102,DMNT,5,1c,6,Leaf3,11.75,1.62,0.5
8429,2.7486,102,DMNT,5.5,1c,6,Leaf3,11.75,1.62,0.5
8430,3.28399,102,DMNT,6,1c,6,Leaf3,11.75,1.62,0.5
8431,1.99698,102,DMNT,6.5,1c,6,Leaf3,11.75,1.62,0.5
8432,1.44974,102,DMNT,7,1c,6,Leaf3,11.75,1.62,0.5
8433,1.68894,102,DMNT,7.5,1c,6,Leaf3,11.75,1.62,0.5
8434,1.21999,102,DMNT,8,1c,6,Leaf3,11.75,1.62,0.5
8435,2.52855,102,DMNT,8.5,1c,6,Leaf3,11.75,1.62,0.5
8436,1.57424,102,DMNT,9,1c,6,Leaf3,11.75,1.62,0.5
8437,1.14154,102,DMNT,9.5,1c,6,Leaf3,11.75,1.62,0.5
8438,1.74328,102,DMNT,10,1c,6,Leaf3,11.75,1.62,0.5
8439,1.0583,102,DMNT,10.5,1c,6,Leaf3,11.75,1.62,0.5
8440,0.831408,102,DMNT,11,1c,6,Leaf3,11.75,1.62,0.5
8441,1e-08,102,DMNT,11.5,1c,6,Leaf3,11.75,1.62,0.5
8442,0.926504,102,DMNT,12,1c,6,Leaf3,11.75,1.62,0.5
8443,0.804209,102,DMNT,12.5,1c,6,Leaf3,11.75,1.62,0.5
8444,1.29218,102,DMNT,13,1c,6,Leaf3,11.75,1.62,0.5
8445,0.652798,102,DMNT,13.5,1c,6,Leaf3,11.75,1.62,0.5
8446,1e-08,102,DMNT,14,1c,6,Leaf3,11.75,1.62,0.5
8447,1e-08,102,DMNT,14.5,1c,6,Leaf3,11.75,1.62,0.5
8448,0.915227,102,DMNT,15,1c,6,Leaf3,11.75,1.62,0.5
8449,1e-08,102,DMNT,15.5,1c,6,Leaf3,11.75,1.62,0.5
8450,0.685201,102,DMNT,16,1c,6,Leaf3,11.75,1.62,0.5
8451,1.00936,102,DMNT,16.5,1c,6,Leaf3,11.75,1.62,0.5
8452,0.386564,102,DMNT,17,1c,6,Leaf3,11.75,1.62,0.5
8453,1e-08,102,DMNT,17.5,1c,6,Leaf3,11.75,1.62,0.5
8454,1.16618,102,DMNT,18,1c,6,Leaf3,11.75,1.62,0.5
8455,0.440531,102,DMNT,18.5,1c,6,Leaf3,11.75,1.62,0.5
8456,1e-08,102,DMNT,19,1c,6,Leaf3,11.75,1.62,0.5
8457,0.428907,102,DMNT,19.5,1c,6,Leaf3,11.75,1.62,0.5
8458,0.119292,102,DMNT,20,1c,6,Leaf3,11.75,1.62,0.5
8459,0.946669,102,DMNT,20.5,1c,6,Leaf3,11.75,1.62,0.5
8460,0.106688,102,DMNT,21,1c,6,Leaf3,11.75,1.62,0.5
8461,1.27543,102,DMNT,21.5,1c,6,Leaf3,11.75,1.62,0.5
8462,0.226997,102,DMNT,22,1c,6,Leaf3,11.75,1.62,0.5
8463,0.883323,102,DMNT,22.5,1c,6,Leaf3,11.75,1.62,0.5
8464,1.04853,102,DMNT,23,1c,6,Leaf3,11.75,1.62,0.5
8465,0.507679,102,DMNT,23.5,1c,6,Leaf3,11.75,1.62,0.5
8466,0.215053,102,DMNT,24,1c,6,Leaf3,11.75,1.62,0.5
