R_peak_fit,t_peak_fit,t_onset_fit,t_mean_fit,duration,shape,fitted_emission,prior,time,emission,integral,Type,comp,Channel_number,intensity1,Totalbio,Leaf3,d1_time
22.338437765625002,6.0,4.975977862786122,13.194764491650792,8.21878662886467,0.8754047058944837,2.474534207183293e-26,-2.0917824457443643,-1.0,-13.43710366699218,228.81854173992812,b,mono,60,15_min_feeding,60,60,10.5
22.338437765625002,6.0,4.975977862786122,13.194764491650792,8.21878662886467,0.8754047058944837,3.425978126121125e-24,-1.4280431069795725,-0.5,-9.27288619140625,228.81854173992812,b,mono,60,15_min_feeding,60,60,10.5
22.338437765625002,6.0,4.975977862786122,13.194764491650792,8.21878662886467,0.8754047058944837,4.743246662983394e-22,4.06859905440087,0.0,-4.592902299804688,228.81854173992812,b,mono,60,15_min_feeding,60,60,10.5
22.338437765625002,6.0,4.975977862786122,13.194764491650792,8.21878662886467,0.8754047058944837,6.566997242149838e-20,4.337287463129776,0.5,-7.500453652343751,228.81854173992812,b,mono,60,15_min_feeding,60,60,10.5
22.338437765625002,6.0,4.975977862786122,13.194764491650792,8.21878662886467,0.8754047058944837,9.091969244390648e-18,0.32667278262498556,1.0,-10.001362104492188,228.81854173992812,b,mono,60,15_min_feeding,60,60,10.5
22.338437765625002,6.0,4.975977862786122,13.194764491650792,8.21878662886467,0.8754047058944837,1.2587778202550866e-15,0.5642278429092755,1.5,-9.991760849609367,228.81854173992812,b,mono,60,15_min_feeding,60,60,10.5
22.338437765625002,6.0,4.975977862786122,13.194764491650792,8.21878662886467,0.8754047058944837,1.7427705243762637e-13,1.8121462771327543,2.0,-9.71118083007812,228.81854173992812,b,mono,60,15_min_feeding,60,60,10.5
22.338437765625002,6.0,4.975977862786122,13.194764491650792,8.21878662886467,0.8754047058944837,2.4128555903267562e-11,11.129139247373438,2.5,6.894498203125011,228.81854173992812,b,mono,60,15_min_feeding,60,60,10.5
22.338437765625002,6.0,4.975977862786122,13.194764491650792,8.21878662886467,0.8754047058944837,3.3405844333989796e-09,14.291041811832898,3.0,9.872165981445317,228.81854173992812,b,mono,60,15_min_feeding,60,60,10.5
22.338437765625002,6.0,4.975977862786122,13.194764491650792,8.21878662886467,0.8754047058944837,6.402942950372517e-05,14.119391397483874,4.0,-5.6613331542968695,228.81854173992812,b,mono,60,15_min_feeding,60,60,10.5
22.338437765625002,6.0,4.975977862786122,13.194764491650792,8.21878662886467,0.8754047058944837,0.008790040062475602,13.518973915605933,4.5,-0.8687607812499962,228.81854173992812,b,mono,60,15_min_feeding,60,60,10.5
22.338437765625002,6.0,4.975977862786122,13.194764491650792,8.21878662886467,0.8754047058944837,8.423075397460732,14.25233626486559,5.0,3.4223874658203144,228.81854173992812,b,mono,60,15_min_feeding,60,60,10.5
22.338437765625002,6.0,4.975977862786122,13.194764491650792,8.21878662886467,0.8754047058944837,21.653437570713173,20.929009768603972,5.5,18.009346708496093,228.81854173992812,b,mono,60,15_min_feeding,60,60,10.5
22.338437765625002,6.0,4.975977862786122,13.194764491650792,8.21878662886467,0.8754047058944837,22.33764020141718,15.643950135227229,6.0,23.08428686035157,228.81854173992812,b,mono,60,15_min_feeding,60,60,10.5
22.338437765625002,6.0,4.975977862786122,13.194764491650792,8.21878662886467,0.8754047058944837,22.05205251656409,10.338131990639674,6.5,26.47503206054688,228.81854173992812,b,mono,60,15_min_feeding,60,60,10.5
22.338437765625002,6.0,4.975977862786122,13.194764491650792,8.21878662886467,0.8754047058944837,21.419343566225535,22.528929815043696,7.0,20.975841547851562,228.81854173992812,b,mono,60,15_min_feeding,60,60,10.5
22.338437765625002,6.0,4.975977862786122,13.194764491650792,8.21878662886467,0.8754047058944837,20.619164245160494,21.916522065935467,7.5,27.923047207031253,228.81854173992812,b,mono,60,15_min_feeding,60,60,10.5
22.338437765625002,6.0,4.975977862786122,13.194764491650792,8.21878662886467,0.8754047058944837,19.736103617704988,12.869686055629593,8.0,20.187740903320318,228.81854173992812,b,mono,60,15_min_feeding,60,60,10.5
22.338437765625002,6.0,4.975977862786122,13.194764491650792,8.21878662886467,0.8754047058944837,18.816480751417927,11.670659551386866,8.5,23.120478071289067,228.81854173992812,b,mono,60,15_min_feeding,60,60,10.5
22.338437765625002,6.0,4.975977862786122,13.194764491650792,8.21878662886467,0.8754047058944837,17.887858334477574,7.969436094934565,9.0,14.318718012695314,228.81854173992812,b,mono,60,15_min_feeding,60,60,10.5
22.338437765625002,6.0,4.975977862786122,13.194764491650792,8.21878662886467,0.8754047058944837,16.967447895971254,14.28553563407614,9.5,19.788957934570313,228.81854173992812,b,mono,60,15_min_feeding,60,60,10.5
22.338437765625002,6.0,4.975977862786122,13.194764491650792,8.21878662886467,0.8754047058944837,16.066268346069634,7.501792875948418,10.0,11.032373564453124,228.81854173992812,b,mono,60,15_min_feeding,60,60,10.5
22.338437765625002,6.0,4.975977862786122,13.194764491650792,8.21878662886467,0.8754047058944837,15.191414982042284,3.9454316688224083,10.5,8.560713554687503,228.81854173992812,b,mono,60,15_min_feeding,60,60,10.5
22.338437765625002,6.0,4.975977862786122,13.194764491650792,8.21878662886467,0.8754047058944837,14.347391130282427,9.632288517781841,11.0,19.74510992675782,228.81854173992812,b,mono,60,15_min_feeding,60,60,10.5
22.338437765625002,6.0,4.975977862786122,13.194764491650792,8.21878662886467,0.8754047058944837,13.536934803521634,6.379566306420781,11.5,9.470651630859379,228.81854173992812,b,mono,60,15_min_feeding,60,60,10.5
22.338437765625002,6.0,4.975977862786122,13.194764491650792,8.21878662886467,0.8754047058944837,12.761555089415678,9.839325584128115,12.0,7.619865708007815,228.81854173992812,b,mono,60,15_min_feeding,60,60,10.5
22.338437765625002,6.0,4.975977862786122,13.194764491650792,8.21878662886467,0.8754047058944837,12.021892734114163,10.501708107913945,12.5,15.338859321289071,228.81854173992812,b,mono,60,15_min_feeding,60,60,10.5
22.338437765625002,6.0,4.975977862786122,13.194764491650792,8.21878662886467,0.8754047058944837,11.317969568819912,8.35093821114669,13.0,15.637203847656249,228.81854173992812,b,mono,60,15_min_feeding,60,60,10.5
22.338437765625002,6.0,4.975977862786122,13.194764491650792,8.21878662886467,0.8754047058944837,10.649365087721838,6.809412339078403,13.5,4.742308237304687,228.81854173992812,b,mono,60,15_min_feeding,60,60,10.5
22.338437765625002,6.0,4.975977862786122,13.194764491650792,8.21878662886467,0.8754047058944837,10.01534381713077,9.172813568947866,14.0,10.440009570312505,228.81854173992812,b,mono,60,15_min_feeding,60,60,10.5
22.338437765625002,6.0,4.975977862786122,13.194764491650792,8.21878662886467,0.8754047058944837,9.414948578762978,6.087165200461641,14.5,10.98777760742188,228.81854173992812,b,mono,60,15_min_feeding,60,60,10.5
22.338437765625002,6.0,4.975977862786122,13.194764491650792,8.21878662886467,0.8754047058944837,8.84706958978982,7.02921982228553,15.0,6.111897011718753,228.81854173992812,b,mono,60,15_min_feeding,60,60,10.5
22.338437765625002,6.0,4.975977862786122,13.194764491650792,8.21878662886467,0.8754047058944837,8.310496118376394,13.364035724950444,15.5,16.985234874023437,228.81854173992812,b,mono,60,15_min_feeding,60,60,10.5
22.338437765625002,6.0,4.975977862786122,13.194764491650792,8.21878662886467,0.8754047058944837,7.803955340122303,8.608038279097098,16.0,8.449079072265626,228.81854173992812,b,mono,60,15_min_feeding,60,60,10.5
22.338437765625002,6.0,4.975977862786122,13.194764491650792,8.21878662886467,0.8754047058944837,7.326141672840235,7.372292146178619,16.5,9.719589804687498,228.81854173992812,b,mono,60,15_min_feeding,60,60,10.5
22.338437765625002,6.0,4.975977862786122,13.194764491650792,8.21878662886467,0.8754047058944837,6.8757389436702905,2.828539531610417,17.0,8.795076083984384,228.81854173992812,b,mono,60,15_min_feeding,60,60,10.5
22.338437765625002,6.0,4.975977862786122,13.194764491650792,8.21878662886467,0.8754047058944837,6.451437106297759,9.415778619922708,17.5,11.762951040039063,228.81854173992812,b,mono,60,15_min_feeding,60,60,10.5
22.338437765625002,6.0,4.975977862786122,13.194764491650792,8.21878662886467,0.8754047058944837,6.051944779557161,6.977101160629157,18.0,9.790805834960942,228.81854173992812,b,mono,60,15_min_feeding,60,60,10.5
22.338437765625002,6.0,4.975977862786122,13.194764491650792,8.21878662886467,0.8754047058944837,5.675998560132196,5.438054068753761,18.5,8.725147255859376,228.81854173992812,b,mono,60,15_min_feeding,60,60,10.5
22.338437765625002,6.0,4.975977862786122,13.194764491650792,8.21878662886467,0.8754047058944837,5.322369831311664,3.819305967384434,19.0,2.4804208691406266,228.81854173992812,b,mono,60,15_min_feeding,60,60,10.5
22.338437765625002,6.0,4.975977862786122,13.194764491650792,8.21878662886467,0.8754047058944837,4.989869620328468,8.931139626797666,19.5,14.615265390624998,228.81854173992812,b,mono,60,15_min_feeding,60,60,10.5
22.338437765625002,6.0,4.975977862786122,13.194764491650792,8.21878662886467,0.8754047058944837,4.677351930845966,7.039400176562648,20.0,4.695873076171875,228.81854173992812,b,mono,60,15_min_feeding,60,60,10.5
22.338437765625002,6.0,4.975977862786122,13.194764491650792,8.21878662886467,0.8754047058944837,4.383715882447338,6.397791403066485,20.5,13.10103634277344,228.81854173992812,b,mono,60,15_min_feeding,60,60,10.5
22.338437765625002,6.0,4.975977862786122,13.194764491650792,8.21878662886467,0.8754047058944837,4.107906917038656,5.370797865158689,21.0,12.02178133789063,228.81854173992812,b,mono,60,15_min_feeding,60,60,10.5
27.866525984374995,5.600000000042473,1.4560562964595245,9.336978418100395,7.880922121640871,0.474180351027229,5.914440610073406e-21,-2.8523600972454304,-1.0,-1.6728944726562531,295.82269667338346,b,mono,62,15_min_feeding,62,62,10.5
27.866525984374995,5.600000000042473,1.4560562964595245,9.336978418100395,7.880922121640871,0.474180351027229,7.678535172084308e-19,-1.6827512424540174,-0.5,1.579110078124991,295.82269667338346,b,mono,62,15_min_feeding,62,62,10.5
27.866525984374995,5.600000000042473,1.4560562964595245,9.336978418100395,7.880922121640871,0.474180351027229,9.968799868513648e-17,5.241921284406487,0.0,9.681690683593743,295.82269667338346,b,mono,62,15_min_feeding,62,62,10.5
27.866525984374995,5.600000000042473,1.4560562964595245,9.336978418100395,7.880922121640871,0.474180351027229,1.2941278732530448e-14,5.40714272885802,0.5,9.447936796874998,295.82269667338346,b,mono,62,15_min_feeding,62,62,10.5
27.866525984374995,5.600000000042473,1.4560562964595245,9.336978418100395,7.880922121640871,0.474180351027229,1.662857414483375e-12,-0.10566811721447067,1.0,4.4286942773437445,295.82269667338346,b,mono,62,15_min_feeding,62,62,10.5
27.866525984374995,5.600000000042473,1.4560562964595245,9.336978418100395,7.880922121640871,0.474180351027229,0.32810456186458586,0.6166953424046326,1.5,3.7724063671875,295.82269667338346,b,mono,62,15_min_feeding,62,62,10.5
27.866525984374995,5.600000000042473,1.4560562964595245,9.336978418100395,7.880922121640871,0.474180351027229,7.650332548752234,2.920954539283102,2.0,7.247854726562494,295.82269667338346,b,mono,62,15_min_feeding,62,62,10.5
27.866525984374995,5.600000000042473,1.4560562964595245,9.336978418100395,7.880922121640871,0.474180351027229,13.84832863093227,16.559684529481423,2.5,25.4497309375,295.82269667338346,b,mono,62,15_min_feeding,62,62,10.5
27.866525984374995,5.600000000042473,1.4560562964595245,9.336978418100395,7.880922121640871,0.474180351027229,18.696704678634543,20.93392562684579,3.0,8.56711505859375,295.82269667338346,b,mono,62,15_min_feeding,62,62,10.5
27.866525984374995,5.600000000042473,1.4560562964595245,9.336978418100395,7.880922121640871,0.474180351027229,24.8910984607913,21.35607056186644,4.0,20.715259960937495,295.82269667338346,b,mono,62,15_min_feeding,62,62,10.5
27.866525984374995,5.600000000042473,1.4560562964595245,9.336978418100395,7.880922121640871,0.474180351027229,26.56758826409212,20.775537742073702,4.5,21.541585624999996,295.82269667338346,b,mono,62,15_min_feeding,62,62,10.5
27.866525984374995,5.600000000042473,1.4560562964595245,9.336978418100395,7.880922121640871,0.474180351027229,27.509813043719877,21.980646990838345,5.0,21.018210371093737,295.82269667338346,b,mono,62,15_min_feeding,62,62,10.5
27.866525984374995,5.600000000042473,1.4560562964595245,9.336978418100395,7.880922121640871,0.474180351027229,27.857382636733988,28.76857778321332,5.5,13.601263736328114,295.82269667338346,b,mono,62,15_min_feeding,62,62,10.5
27.866525984374995,5.600000000042473,1.4560562964595245,9.336978418100395,7.880922121640871,0.474180351027229,27.731536316309896,23.852155950241134,6.0,18.966451230468742,295.82269667338346,b,mono,62,15_min_feeding,62,62,10.5
27.866525984374995,5.600000000042473,1.4560562964595245,9.336978418100395,7.880922121640871,0.474180351027229,27.23584444149061,15.525885905099479,6.5,15.850671914062495,295.82269667338346,b,mono,62,15_min_feeding,62,62,10.5
27.866525984374995,5.600000000042473,1.4560562964595245,9.336978418100395,7.880922121640871,0.474180351027229,26.45769480812309,31.742093468157584,7.0,34.83315748046874,295.82269667338346,b,mono,62,15_min_feeding,62,62,10.5
27.866525984374995,5.600000000042473,1.4560562964595245,9.336978418100395,7.880922121640871,0.474180351027229,25.47005623291969,31.199609742282618,7.5,32.99980460937499,295.82269667338346,b,mono,62,15_min_feeding,62,62,10.5
27.866525984374995,5.600000000042473,1.4560562964595245,9.336978418100395,7.880922121640871,0.474180351027229,24.33327443966231,20.05237288963329,8.0,20.63888162109373,295.82269667338346,b,mono,62,15_min_feeding,62,62,10.5
27.866525984374995,5.600000000042473,1.4560562964595245,9.336978418100395,7.880922121640871,0.474180351027229,23.09678137478212,16.62798388954429,8.5,25.499389511718746,295.82269667338346,b,mono,62,15_min_feeding,62,62,10.5
27.866525984374995,5.600000000042473,1.4560562964595245,9.336978418100395,7.880922121640871,0.474180351027229,21.800663328961768,13.190692344020839,9.0,21.495484433593745,295.82269667338346,b,mono,62,15_min_feeding,62,62,10.5
27.866525984374995,5.600000000042473,1.4560562964595245,9.336978418100395,7.880922121640871,0.474180351027229,20.477067178769076,20.060981320078866,9.5,21.626270996093744,295.82269667338346,b,mono,62,15_min_feeding,62,62,10.5
27.866525984374995,5.600000000042473,1.4560562964595245,9.336978418100395,7.880922121640871,0.474180351027229,19.151442220618268,11.277633516977843,10.0,12.190035585937494,295.82269667338346,b,mono,62,15_min_feeding,62,62,10.5
27.866525984374995,5.600000000042473,1.4560562964595245,9.336978418100395,7.880922121640871,0.474180351027229,17.843624647282468,6.022949771291707,10.5,9.768701406249996,295.82269667338346,b,mono,62,15_min_feeding,62,62,10.5
27.866525984374995,5.600000000042473,1.4560562964595245,9.336978418100395,7.880922121640871,0.474180351027229,16.56877648812505,12.122521257544776,11.0,7.116423652343748,295.82269667338346,b,mono,62,15_min_feeding,62,62,10.5
27.866525984374995,5.600000000042473,1.4560562964595245,9.336978418100395,7.880922121640871,0.474180351027229,15.338192867110024,8.457594810204384,11.5,8.420848007812495,295.82269667338346,b,mono,62,15_min_feeding,62,62,10.5
27.866525984374995,5.600000000042473,1.4560562964595245,9.336978418100395,7.880922121640871,0.474180351027229,14.159991902466667,12.713671810224334,12.0,11.450498027343748,295.82269667338346,b,mono,62,15_min_feeding,62,62,10.5
27.866525984374995,5.600000000042473,1.4560562964595245,9.336978418100395,7.880922121640871,0.474180351027229,13.03970116372509,13.316409295047443,12.5,13.340864511718745,295.82269667338346,b,mono,62,15_min_feeding,62,62,10.5
27.866525984374995,5.600000000042473,1.4560562964595245,9.336978418100395,7.880922121640871,0.474180351027229,11.980753722430785,11.02816933837051,13.0,12.510546796874998,295.82269667338346,b,mono,62,15_min_feeding,62,62,10.5
27.866525984374995,5.600000000042473,1.4560562964595245,9.336978418100395,7.880922121640871,0.474180351027229,10.984905725925458,8.994114490556406,13.5,11.267150566406244,295.82269667338346,b,mono,62,15_min_feeding,62,62,10.5
27.866525984374995,5.600000000042473,1.4560562964595245,9.336978418100395,7.880922121640871,0.474180351027229,10.052586235163409,11.83190708127297,14.0,2.5173960937499977,295.82269667338346,b,mono,62,15_min_feeding,62,62,10.5
27.866525984374995,5.600000000042473,1.4560562964595245,9.336978418100395,7.880922121640871,0.474180351027229,9.183188883958316,7.7730472481026,14.5,10.581065976562492,295.82269667338346,b,mono,62,15_min_feeding,62,62,10.5
27.866525984374995,5.600000000042473,1.4560562964595245,9.336978418100395,7.880922121640871,0.474180351027229,8.375313787770649,9.417313037202831,15.0,12.608021015624992,295.82269667338346,b,mono,62,15_min_feeding,62,62,10.5
27.866525984374995,5.600000000042473,1.4560562964595245,9.336978418100395,7.880922121640871,0.474180351027229,7.626967081629861,17.23550072599571,15.5,11.99363108203124,295.82269667338346,b,mono,62,15_min_feeding,62,62,10.5
27.866525984374995,5.600000000042473,1.4560562964595245,9.336978418100395,7.880922121640871,0.474180351027229,6.935724511228658,11.336149057184123,16.0,12.853792929687494,295.82269667338346,b,mono,62,15_min_feeding,62,62,10.5
27.866525984374995,5.600000000042473,1.4560562964595245,9.336978418100395,7.880922121640871,0.474180351027229,6.29886464200436,9.576921004493506,16.5,5.571036406249995,295.82269667338346,b,mono,62,15_min_feeding,62,62,10.5
27.866525984374995,5.600000000042473,1.4560562964595245,9.336978418100395,7.880922121640871,0.474180351027229,5.713476486189474,2.9098149644131226,17.0,-5.741386054687503,295.82269667338346,b,mono,62,15_min_feeding,62,62,10.5
27.866525984374995,5.600000000042473,1.4560562964595245,9.336978418100395,7.880922121640871,0.474180351027229,5.1765456723424945,11.858900835583182,17.5,10.905520136718746,295.82269667338346,b,mono,62,15_min_feeding,62,62,10.5
27.866525984374995,5.600000000042473,1.4560562964595245,9.336978418100395,7.880922121640871,0.474180351027229,4.685022689086047,8.685929464913336,18.0,8.561722363281248,295.82269667338346,b,mono,62,15_min_feeding,62,62,10.5
27.866525984374995,5.600000000042473,1.4560562964595245,9.336978418100395,7.880922121640871,0.474180351027229,4.235876217279774,6.498345940961052,18.5,6.173375507812501,295.82269667338346,b,mono,62,15_min_feeding,62,62,10.5
27.866525984374995,5.600000000042473,1.4560562964595245,9.336978418100395,7.880922121640871,0.474180351027229,3.826134115083374,4.558810876843978,19.0,1.1779819921874974,295.82269667338346,b,mono,62,15_min_feeding,62,62,10.5
27.866525984374995,5.600000000042473,1.4560562964595245,9.336978418100395,7.880922121640871,0.474180351027229,3.4529142309668366,11.613339929801924,19.5,9.794587187499992,295.82269667338346,b,mono,62,15_min_feeding,62,62,10.5
27.866525984374995,5.600000000042473,1.4560562964595245,9.336978418100395,7.880922121640871,0.474180351027229,3.1134468837556444,9.020668383153435,20.0,8.075026601562485,295.82269667338346,b,mono,62,15_min_feeding,62,62,10.5
27.866525984374995,5.600000000042473,1.4560562964595245,9.336978418100395,7.880922121640871,0.474180351027229,2.805090559834381,8.680051564278337,20.5,7.182079707031249,295.82269667338346,b,mono,62,15_min_feeding,62,62,10.5
27.866525984374995,5.600000000042473,1.4560562964595245,9.336978418100395,7.880922121640871,0.474180351027229,2.525342129819664,6.931540474713465,21.0,8.426462617187497,295.82269667338346,b,mono,62,15_min_feeding,62,62,10.5
33.87835724220762,5.600000000091103,1.6925715248901587,8.73029211067728,7.03772058578712,0.4447877792857948,3.3919087410999757e-23,-3.073484475530492,-1.0,-6.848998173828122,317.10653087485906,b,mono,67,15_min_feeding,67,67,10.5
33.87835724220762,5.600000000091103,1.6925715248901587,8.73029211067728,7.03772058578712,0.4447877792857948,4.2908855137652994e-21,-1.4288178826671754,-0.5,2.9447937890625013,317.10653087485906,b,mono,67,15_min_feeding,67,67,10.5
33.87835724220762,5.600000000091103,1.6925715248901587,8.73029211067728,7.03772058578712,0.4447877792857948,5.428122950113781e-19,5.193728017195568,0.0,11.375731904296877,317.10653087485906,b,mono,67,15_min_feeding,67,67,10.5
33.87835724220762,5.600000000091103,1.6925715248901587,8.73029211067728,7.03772058578712,0.4447877792857948,6.866723964228028e-17,5.07835015052347,0.5,10.624429648437506,317.10653087485906,b,mono,67,15_min_feeding,67,67,10.5
33.87835724220762,5.600000000091103,1.6925715248901587,8.73029211067728,7.03772058578712,0.4447877792857948,8.678184458922961e-15,-0.9200993805000834,1.0,-1.1479237988281241,317.10653087485906,b,mono,67,15_min_feeding,67,67,10.5
33.87835724220762,5.600000000091103,1.6925715248901587,8.73029211067728,7.03772058578712,0.4447877792857948,9.590914095710869e-13,0.4383044643415275,1.5,8.304326308593758,317.10653087485906,b,mono,67,15_min_feeding,67,67,10.5
33.87835724220762,5.600000000091103,1.6925715248901587,8.73029211067728,7.03772058578712,0.4447877792857948,4.280491325258512,3.7971903706564163,2.0,0.07927673828125847,317.10653087485906,b,mono,67,15_min_feeding,67,67,10.5
33.87835724220762,5.600000000091103,1.6925715248901587,8.73029211067728,7.03772058578712,0.4447877792857948,12.737508694933117,19.84055101210337,2.5,16.431720468750008,317.10653087485906,b,mono,67,15_min_feeding,67,67,10.5
33.87835724220762,5.600000000091103,1.6925715248901587,8.73029211067728,7.03772058578712,0.4447877792857948,19.821110932136364,24.640667453191192,3.0,24.014854091796877,317.10653087485906,b,mono,67,15_min_feeding,67,67,10.5
33.87835724220762,5.600000000091103,1.6925715248901587,8.73029211067728,7.03772058578712,0.4447877792857948,29.26503325948076,26.051651673585702,4.0,32.25519560546876,317.10653087485906,b,mono,67,15_min_feeding,67,67,10.5
33.87835724220762,5.600000000091103,1.6925715248901587,8.73029211067728,7.03772058578712,0.4447877792857948,31.864492507551184,25.773942390316577,4.5,31.401222812500002,317.10653087485906,b,mono,67,15_min_feeding,67,67,10.5
33.87835724220762,5.600000000091103,1.6925715248901587,8.73029211067728,7.03772058578712,0.4447877792857948,33.326594525158114,27.370181964929323,5.0,29.55082674804688,317.10653087485906,b,mono,67,15_min_feeding,67,67,10.5
33.87835724220762,5.600000000091103,1.6925715248901587,8.73029211067728,7.03772058578712,0.4447877792857948,33.864270320520156,31.300623020391956,5.5,25.76273833691406,317.10653087485906,b,mono,67,15_min_feeding,67,67,10.5
33.87835724220762,5.600000000091103,1.6925715248901587,8.73029211067728,7.03772058578712,0.4447877792857948,33.67145737828892,29.346774711561295,6.0,32.886543427734374,317.10653087485906,b,mono,67,15_min_feeding,67,67,10.5
33.87835724220762,5.600000000091103,1.6925715248901587,8.73029211067728,7.03772058578712,0.4447877792857948,32.91757872817956,18.79302528306132,6.5,2.754360332031254,317.10653087485906,b,mono,67,15_min_feeding,67,67,10.5
33.87835724220762,5.600000000091103,1.6925715248901587,8.73029211067728,7.03772058578712,0.4447877792857948,31.746639304676506,35.655842051064155,7.0,42.34794655273437,317.10653087485906,b,mono,67,15_min_feeding,67,67,10.5
33.87835724220762,5.600000000091103,1.6925715248901587,8.73029211067728,7.03772058578712,0.4447877792857948,30.278534955506544,35.49838930048347,7.5,33.54282855468751,317.10653087485906,b,mono,67,15_min_feeding,67,67,10.5
33.87835724220762,5.600000000091103,1.6925715248901587,8.73029211067728,7.03772058578712,0.4447877792857948,28.611359962870253,25.231918941697252,8.0,22.498522373046875,317.10653087485906,b,mono,67,15_min_feeding,67,67,10.5
33.87835724220762,5.600000000091103,1.6925715248901587,8.73029211067728,7.03772058578712,0.4447877792857948,26.82407529346024,18.937240730097145,8.5,29.300650068359374,317.10653087485906,b,mono,67,15_min_feeding,67,67,10.5
33.87835724220762,5.600000000091103,1.6925715248901587,8.73029211067728,7.03772058578712,0.4447877792857948,24.979199405194674,17.583542716254627,9.0,19.86187877929688,317.10653087485906,b,mono,67,15_min_feeding,67,67,10.5
33.87835724220762,5.600000000091103,1.6925715248901587,8.73029211067728,7.03772058578712,0.4447877792857948,23.125346760458893,22.43941570454794,9.5,0.04483706054687531,317.10653087485906,b,mono,67,15_min_feeding,67,67,10.5
33.87835724220762,5.600000000091103,1.6925715248901587,8.73029211067728,7.03772058578712,0.4447877792857948,21.29953079372148,13.665056331405872,10.0,18.122023417968755,317.10653087485906,b,mono,67,15_min_feeding,67,67,10.5
33.87835724220762,5.600000000091103,1.6925715248901587,8.73029211067728,7.03772058578712,0.4447877792857948,19.529200030693804,7.417816252037412,10.5,1.9622782031250097,317.10653087485906,b,mono,67,15_min_feeding,67,67,10.5
33.87835724220762,5.600000000091103,1.6925715248901587,8.73029211067728,7.03772058578712,0.4447877792857948,17.83400529747559,11.571314660410977,11.0,4.798820888671877,317.10653087485906,b,mono,67,15_min_feeding,67,67,10.5
33.87835724220762,5.600000000091103,1.6925715248901587,8.73029211067728,7.03772058578712,0.4447877792857948,16.22731188273262,8.749252421162765,11.5,16.596730878906257,317.10653087485906,b,mono,67,15_min_feeding,67,67,10.5
33.87835724220762,5.600000000091103,1.6925715248901587,8.73029211067728,7.03772058578712,0.4447877792857948,14.717478531193661,12.657862961423103,12.0,17.96356807617188,317.10653087485906,b,mono,67,15_min_feeding,67,67,10.5
33.87835724220762,5.600000000091103,1.6925715248901587,8.73029211067728,7.03772058578712,0.4447877792857948,13.30892845742752,12.868673408618111,12.5,1.4921375683593787,317.10653087485906,b,mono,67,15_min_feeding,67,67,10.5
33.87835724220762,5.600000000091103,1.6925715248901587,8.73029211067728,7.03772058578712,0.4447877792857948,12.003038114679308,11.3450028550224,13.0,14.372474648437503,317.10653087485906,b,mono,67,15_min_feeding,67,67,10.5
33.87835724220762,5.600000000091103,1.6925715248901587,8.73029211067728,7.03772058578712,0.4447877792857948,10.79886842460156,9.25447356709472,13.5,12.991778720703124,317.10653087485906,b,mono,67,15_min_feeding,67,67,10.5
33.87835724220762,5.600000000091103,1.6925715248901587,8.73029211067728,7.03772058578712,0.4447877792857948,9.693761304715933,11.748156019659397,14.0,19.18701054687501,317.10653087485906,b,mono,67,15_min_feeding,67,67,10.5
33.87835724220762,5.600000000091103,1.6925715248901587,8.73029211067728,7.03772058578712,0.4447877792857948,8.683822074075822,7.595699617617264,14.5,5.680702363281256,317.10653087485906,b,mono,67,15_min_feeding,67,67,10.5
33.87835724220762,5.600000000091103,1.6925715248901587,8.73029211067728,7.03772058578712,0.4447877792857948,7.7643059494568,9.890017473231453,15.0,9.4262242578125,317.10653087485906,b,mono,67,15_min_feeding,67,67,10.5
33.87835724220762,5.600000000091103,1.6925715248901587,8.73029211067728,7.03772058578712,0.4447877792857948,6.929924527875693,17.110831832072094,15.5,18.55709072851562,317.10653087485906,b,mono,67,15_min_feeding,67,67,10.5
33.87835724220762,5.600000000091103,1.6925715248901587,8.73029211067728,7.03772058578712,0.4447877792857948,6.17508597841445,11.61443433406098,16.0,10.568884589843748,317.10653087485906,b,mono,67,15_min_feeding,67,67,10.5
33.87835724220762,5.600000000091103,1.6925715248901587,8.73029211067728,7.03772058578712,0.4447877792857948,5.494080684085896,9.612559342971412,16.5,12.493535703125001,317.10653087485906,b,mono,67,15_min_feeding,67,67,10.5
33.87835724220762,5.600000000091103,1.6925715248901587,8.73029211067728,7.03772058578712,0.4447877792857948,4.8812223013594345,1.7486511872127934,17.0,-3.8758911523437405,317.10653087485906,b,mono,67,15_min_feeding,67,67,10.5
33.87835724220762,5.600000000091103,1.6925715248901587,8.73029211067728,7.03772058578712,0.4447877792857948,4.330952642082966,11.3336154832601,17.5,16.399775380859378,317.10653087485906,b,mono,67,15_min_feeding,67,67,10.5
33.87835724220762,5.600000000091103,1.6925715248901587,8.73029211067728,7.03772058578712,0.4447877792857948,3.8379174207145144,8.140158629171339,18.0,4.99191586914063,317.10653087485906,b,mono,67,15_min_feeding,67,67,10.5
33.87835724220762,5.600000000091103,1.6925715248901587,8.73029211067728,7.03772058578712,0.4447877792857948,3.397018734151476,5.655633171603636,18.5,-0.01884537109374662,317.10653087485906,b,mono,67,15_min_feeding,67,67,10.5
33.87835724220762,5.600000000091103,1.6925715248901587,8.73029211067728,7.03772058578712,0.4447877792857948,3.003449134448565,3.958130365067518,19.0,14.719704121093748,317.10653087485906,b,mono,67,15_min_feeding,67,67,10.5
33.87835724220762,5.600000000091103,1.6925715248901587,8.73029211067728,7.03772058578712,0.4447877792857948,2.6527112979492045,11.67464904348088,19.5,3.9235985937500004,317.10653087485906,b,mono,67,15_min_feeding,67,67,10.5
33.87835724220762,5.600000000091103,1.6925715248901587,8.73029211067728,7.03772058578712,0.4447877792857948,2.340626569754211,8.86461346458179,20.0,0.7878626757812519,317.10653087485906,b,mono,67,15_min_feeding,67,67,10.5
33.87835724220762,5.600000000091103,1.6925715248901587,8.73029211067728,7.03772058578712,0.4447877792857948,2.0633350529614054,9.276771031601676,20.5,8.412827041015632,317.10653087485906,b,mono,67,15_min_feeding,67,67,10.5
33.87835724220762,5.600000000091103,1.6925715248901587,8.73029211067728,7.03772058578712,0.4447877792857948,1.8172894020530717,6.887112141451631,21.0,12.64945443359376,317.10653087485906,b,mono,67,15_min_feeding,67,67,10.5
61.634310475390606,4.400000000527806,1.906831460268024,8.434926774450185,6.528095314182161,0.6180863758463482,2.1024047382100484e-17,-5.229405846804518,-1.0,-4.730346938476586,556.3407672914218,b,mono,77,15_min_feeding,77,77,10.5
61.634310475390606,4.400000000527806,1.906831460268024,8.434926774450185,6.528095314182161,0.6180863758463482,2.7565878560755603e-15,-1.5273385315632098,-0.5,-7.068989824218782,556.3407672914218,b,mono,77,15_min_feeding,77,77,10.5
61.634310475390606,4.400000000527806,1.906831460268024,8.434926774450185,6.528095314182161,0.6180863758463482,3.614326219367113e-13,7.787218105563014,0.0,0.7721946630859122,556.3407672914218,b,mono,77,15_min_feeding,77,77,10.5
61.634310475390606,4.400000000527806,1.906831460268024,8.434926774450185,6.528095314182161,0.6180863758463482,4.7389543497457385e-11,6.903197108147694,0.5,3.505720292968725,556.3407672914218,b,mono,77,15_min_feeding,77,77,10.5
61.634310475390606,4.400000000527806,1.906831460268024,8.434926774450185,6.528095314182161,0.6180863758463482,6.212813547438092e-09,-3.450627083661864,1.0,-3.3380222509766,556.3407672914218,b,mono,77,15_min_feeding,77,77,10.5
61.634310475390606,4.400000000527806,1.906831460268024,8.434926774450185,6.528095314182161,0.6180863758463482,8.009909086369409e-07,0.22228822880313004,1.5,5.474820576171851,556.3407672914218,b,mono,77,15_min_feeding,77,77,10.5
61.634310475390606,4.400000000527806,1.906831460268024,8.434926774450185,6.528095314182161,0.6180863758463482,10.516676690477357,7.996128054796401,2.0,14.422916884765606,556.3407672914218,b,mono,77,15_min_feeding,77,77,10.5
61.634310475390606,4.400000000527806,1.906831460268024,8.434926774450185,6.528095314182161,0.6180863758463482,40.53886084860009,38.480086702544774,2.5,40.229919609374974,556.3407672914218,b,mono,77,15_min_feeding,77,77,10.5
61.634310475390606,4.400000000527806,1.906831460268024,8.434926774450185,6.528095314182161,0.6180863758463482,52.390814958354156,46.85954781663702,3.0,58.81464950683591,556.3407672914218,b,mono,77,15_min_feeding,77,77,10.5
61.634310475390606,4.400000000527806,1.906831460268024,8.434926774450185,6.528095314182161,0.6180863758463482,61.08694073008582,51.50321531818777,4.0,65.50206616210934,556.3407672914218,b,mono,77,15_min_feeding,77,77,10.5
61.634310475390606,4.400000000527806,1.906831460268024,8.434926774450185,6.528095314182161,0.6180863758463482,61.604478859629126,51.84519689112214,4.5,57.11856765624997,556.3407672914218,b,mono,77,15_min_feeding,77,77,10.5
61.634310475390606,4.400000000527806,1.906831460268024,8.434926774450185,6.528095314182161,0.6180863758463482,60.6889337194781,55.26167521848522,5.0,54.7179889599609,556.3407672914218,b,mono,77,15_min_feeding,77,77,10.5
61.634310475390606,4.400000000527806,1.906831460268024,8.434926774450185,6.528095314182161,0.6180863758463482,58.81683239949478,54.027976819506165,5.5,77.04288809423825,556.3407672914218,b,mono,77,15_min_feeding,77,77,10.5
61.634310475390606,4.400000000527806,1.906831460268024,8.434926774450185,6.528095314182161,0.6180863758463482,56.317918854295655,58.534720942913395,6.0,52.98604339355465,556.3407672914218,b,mono,77,15_min_feeding,77,77,10.5
61.634310475390606,4.400000000527806,1.906831460268024,8.434926774450185,6.528095314182161,0.6180863758463482,53.42655104327207,36.85143507675842,6.5,48.25308055664059,556.3407672914218,b,mono,77,15_min_feeding,77,77,10.5
61.634310475390606,4.400000000527806,1.906831460268024,8.434926774450185,6.528095314182161,0.6180863758463482,50.311674776280846,64.14371048167568,7.0,68.32490745605466,556.3407672914218,b,mono,77,15_min_feeding,77,77,10.5
61.634310475390606,4.400000000527806,1.906831460268024,8.434926774450185,6.528095314182161,0.6180863758463482,47.09574313675905,64.87623964611694,7.5,37.32369787109373,556.3407672914218,b,mono,77,15_min_feeding,77,77,10.5
61.634310475390606,4.400000000527806,1.906831460268024,8.434926774450185,6.528095314182161,0.6180863758463482,43.86735274657514,51.47775680790089,8.0,39.3391492724609,556.3407672914218,b,mono,77,15_min_feeding,77,77,10.5
61.634310475390606,4.400000000527806,1.906831460268024,8.434926774450185,6.528095314182161,0.6180863758463482,40.69003899305847,34.65243506676801,8.5,47.88250452636716,556.3407672914218,b,mono,77,15_min_feeding,77,77,10.5
61.634310475390606,4.400000000527806,1.906831460268024,8.434926774450185,6.528095314182161,0.6180863758463482,37.60858767473277,37.85317588873848,9.0,31.384755600585905,556.3407672914218,b,mono,77,15_min_feeding,77,77,10.5
61.634310475390606,4.400000000527806,1.906831460268024,8.434926774450185,6.528095314182161,0.6180863758463482,34.65366889064662,40.156265380774954,9.5,43.858350366210914,556.3407672914218,b,mono,77,15_min_feeding,77,77,10.5
61.634310475390606,4.400000000527806,1.906831460268024,8.434926774450185,6.528095314182161,0.6180863758463482,31.845297750804317,26.827236774268812,10.0,6.329736318359345,556.3407672914218,b,mono,77,15_min_feeding,77,77,10.5
61.634310475390606,4.400000000527806,1.906831460268024,8.434926774450185,6.528095314182161,0.6180863758463482,29.195451996081413,14.814975339154621,10.5,22.017078164062468,556.3407672914218,b,mono,77,15_min_feeding,77,77,10.5
61.634310475390606,4.400000000527806,1.906831460268024,8.434926774450185,6.528095314182161,0.6180863758463482,26.71007042170518,16.221830324386865,11.0,25.465743842773414,556.3407672914218,b,mono,77,15_min_feeding,77,77,10.5
61.634310475390606,4.400000000527806,1.906831460268024,8.434926774450185,6.528095314182161,0.6180863758463482,24.390588594124488,14.055621326876768,11.5,-0.042198232421903015,556.3407672914218,b,mono,77,15_min_feeding,77,77,10.5
61.634310475390606,4.400000000527806,1.906831460268024,8.434926774450185,6.528095314182161,0.6180863758463482,22.235124001715718,19.125977226575003,12.0,8.039561186523414,556.3407672914218,b,mono,77,15_min_feeding,77,77,10.5
61.634310475390606,4.400000000527806,1.906831460268024,8.434926774450185,6.528095314182161,0.6180863758463482,20.23939268440946,18.45723004403873,12.5,33.15074827636716,556.3407672914218,b,mono,77,15_min_feeding,77,77,10.5
61.634310475390606,4.400000000527806,1.906831460268024,8.434926774450185,6.528095314182161,0.6180863758463482,18.39741841453176,18.069073414784206,13.0,0.957492792968722,556.3407672914218,b,mono,77,15_min_feeding,77,77,10.5
61.634310475390606,4.400000000527806,1.906831460268024,8.434926774450185,6.528095314182161,0.6180863758463482,16.702080547158776,14.745381544951464,13.5,12.691223149414036,556.3407672914218,b,mono,77,15_min_feeding,77,77,10.5
61.634310475390606,4.400000000527806,1.906831460268024,8.434926774450185,6.528095314182161,0.6180863758463482,15.145535783457841,17.671150875763423,14.0,20.874491210937478,556.3407672914218,b,mono,77,15_min_feeding,77,77,10.5
61.634310475390606,4.400000000527806,1.906831460268024,8.434926774450185,6.528095314182161,0.6180863758463482,13.719541046778518,11.116150803484032,14.5,17.3202921972656,556.3407672914218,b,mono,77,15_min_feeding,77,77,10.5
61.634310475390606,4.400000000527806,1.906831460268024,8.434926774450185,6.528095314182161,0.6180863758463482,12.41569863423503,16.24859948610611,15.0,16.242584785156225,556.3407672914218,b,mono,77,15_min_feeding,77,77,10.5
61.634310475390606,4.400000000527806,1.906831460268024,8.434926774450185,6.528095314182161,0.6180863758463482,11.22564021854793,25.728091292062757,15.5,26.603736809570286,556.3407672914218,b,mono,77,15_min_feeding,77,77,10.5
61.634310475390606,4.400000000527806,1.906831460268024,8.434926774450185,6.528095314182161,0.6180863758463482,10.141162750653825,18.381734454399144,16.0,20.135015341796844,556.3407672914218,b,mono,77,15_min_feeding,77,77,10.5
61.634310475390606,4.400000000527806,1.906831460268024,8.434926774450185,6.528095314182161,0.6180863758463482,9.154326581587247,14.722899766256305,16.5,-0.4355930859375263,556.3407672914218,b,mono,77,15_min_feeding,77,77,10.5
61.634310475390606,4.400000000527806,1.906831460268024,8.434926774450185,6.528095314182161,0.6180863758463482,8.257523987786515,-0.26508193448766093,17.0,12.045300126953109,556.3407672914218,b,mono,77,15_min_feeding,77,77,10.5
61.634310475390606,4.400000000527806,1.906831460268024,8.434926774450185,6.528095314182161,0.6180863758463482,7.443524605558105,15.92557506402683,17.5,19.003173432617167,556.3407672914218,b,mono,77,15_min_feeding,77,77,10.5
61.634310475390606,4.400000000527806,1.906831460268024,8.434926774450185,6.528095314182161,0.6180863758463482,6.705502953274312,11.014450430809006,18.0,11.856697192382796,556.3407672914218,b,mono,77,15_min_feeding,77,77,10.5
61.634310475390606,4.400000000527806,1.906831460268024,8.434926774450185,6.528095314182161,0.6180863758463482,6.037052165667479,6.484095360703755,18.5,10.152388642578103,556.3407672914218,b,mono,77,15_min_feeding,77,77,10.5
61.634310475390606,4.400000000527806,1.906831460268024,8.434926774450185,6.528095314182161,0.6180863758463482,5.432187224062124,4.5121277484331515,19.0,-2.7565842675781482,556.3407672914218,b,mono,77,15_min_feeding,77,77,10.5
61.634310475390606,4.400000000527806,1.906831460268024,8.434926774450185,6.528095314182161,0.6180863758463482,4.8853402942512965,17.925543147825522,19.5,16.593221171874973,556.3407672914218,b,mono,77,15_min_feeding,77,77,10.5
61.634310475390606,4.400000000527806,1.906831460268024,8.434926774450185,6.528095314182161,0.6180863758463482,4.391350245023203,13.100784716947864,20.0,0.32452860351559565,556.3407672914218,b,mono,77,15_min_feeding,77,77,10.5
61.634310475390606,4.400000000527806,1.906831460268024,8.434926774450185,6.528095314182161,0.6180863758463482,3.9454479878909146,15.628549259325219,20.5,13.664951215820288,556.3407672914218,b,mono,77,15_min_feeding,77,77,10.5
61.634310475390606,4.400000000527806,1.906831460268024,8.434926774450185,6.528095314182161,0.6180863758463482,3.5432389310712,10.373503888627063,21.0,18.05994713867186,556.3407672914218,b,mono,77,15_min_feeding,77,77,10.5
67.48705507458385,4.652626010903597,1.7570765430563584,7.952932282588703,6.195855739532345,0.5326635109703521,2.6335962857918076e-19,-5.431920094932337,-1.0,-0.9383571069336085,573.1978181571104,b,mono,86,15_min_feeding,86,86,10.5
67.48705507458385,4.652626010903597,1.7570765430563584,7.952932282588703,6.195855739532345,0.5326635109703521,3.3591200314733346e-17,-0.9522940324077496,-0.5,3.7833561230468433,573.1978181571104,b,mono,86,15_min_feeding,86,86,10.5
67.48705507458385,4.652626010903597,1.7570765430563584,7.952932282588703,6.195855739532345,0.5326635109703521,4.284516646036431e-15,7.34728325214008,0.0,11.970592014160133,573.1978181571104,b,mono,86,15_min_feeding,86,86,10.5
67.48705507458385,4.652626010903597,1.7570765430563584,7.952932282588703,6.195855739532345,0.5326635109703521,5.464830026225731e-13,5.9458846707807425,0.5,-1.2377947949218964,573.1978181571104,b,mono,86,15_min_feeding,86,86,10.5
67.48705507458385,4.652626010903597,1.7570765430563584,7.952932282588703,6.195855739532345,0.5326635109703521,6.966758479160406e-11,-4.909808297630661,1.0,7.517126174316381,573.1978181571104,b,mono,86,15_min_feeding,86,86,10.5
67.48705507458385,4.652626010903597,1.7570765430563584,7.952932282588703,6.195855739532345,0.5326635109703521,8.258973276535015e-09,-0.13858803046421997,1.5,11.850755903320298,573.1978181571104,b,mono,86,15_min_feeding,86,86,10.5
67.48705507458385,4.652626010903597,1.7570765430563584,7.952932282588703,6.195855739532345,0.5326635109703521,15.75245838233256,9.381266330141997,2.0,21.14391231933591,573.1978181571104,b,mono,86,15_min_feeding,86,86,10.5
67.48705507458385,4.652626010903597,1.7570765430563584,7.952932282588703,6.195855739532345,0.5326635109703521,39.25545037137761,43.277187642255875,2.5,39.47948972656249,573.1978181571104,b,mono,86,15_min_feeding,86,86,10.5
67.48705507458385,4.652626010903597,1.7570765430563584,7.952932282588703,6.195855739532345,0.5326635109703521,53.02120855544418,52.127988045974746,3.0,54.01028240478514,573.1978181571104,b,mono,86,15_min_feeding,86,86,10.5
67.48705507458385,4.652626010903597,1.7570765430563584,7.952932282588703,6.195855739532345,0.5326635109703521,65.73360717887476,58.52673891098891,4.0,66.42078381347653,573.1978181571104,b,mono,86,15_min_feeding,86,86,10.5
67.48705507458385,4.652626010903597,1.7570765430563584,7.952932282588703,6.195855739532345,0.5326635109703521,67.40184412521876,59.454375132639335,4.5,73.00841335937497,573.1978181571104,b,mono,86,15_min_feeding,86,86,10.5
67.48705507458385,4.652626010903597,1.7570765430563584,7.952932282588703,6.195855739532345,0.5326635109703521,67.09339858939092,63.494608867437194,5.0,67.13364002197262,573.1978181571104,b,mono,86,15_min_feeding,86,86,10.5
67.48705507458385,4.652626010903597,1.7570765430563584,7.952932282588703,6.195855739532345,0.5326635109703521,65.39137975834977,56.64567638282006,5.5,72.28642599096678,573.1978181571104,b,mono,86,15_min_feeding,86,86,10.5
67.48705507458385,4.652626010903597,1.7570765430563584,7.952932282588703,6.195855739532345,0.5326635109703521,62.733609426126755,66.83019097098523,6.0,59.15678112548825,573.1978181571104,b,mono,86,15_min_feeding,86,86,10.5
67.48705507458385,4.652626010903597,1.7570765430563584,7.952932282588703,6.195855739532345,0.5326635109703521,59.44995972757042,41.69393888314741,6.5,69.35294688964842,573.1978181571104,b,mono,86,15_min_feeding,86,86,10.5
67.48705507458385,4.652626010903597,1.7570765430563584,7.952932282588703,6.195855739532345,0.5326635109703521,55.78848688179958,69.05200439772369,7.0,52.48864596923826,573.1978181571104,b,mono,86,15_min_feeding,86,86,10.5
67.48705507458385,4.652626010903597,1.7570765430563584,7.952932282588703,6.195855739532345,0.5326635109703521,51.934546078207816,70.51589708459414,7.5,65.69077750976561,573.1978181571104,b,mono,86,15_min_feeding,86,86,10.5
67.48705507458385,4.652626010903597,1.7570765430563584,7.952932282588703,6.195855739532345,0.5326635109703521,48.02516261339552,59.46277184950435,8.0,45.89305424072263,573.1978181571104,b,mono,86,15_min_feeding,86,86,10.5
67.48705507458385,4.652626010903597,1.7570765430563584,7.952932282588703,6.195855739532345,0.5326635109703521,44.16002810926176,37.69224578356098,8.5,45.48374391845701,573.1978181571104,b,mono,86,15_min_feeding,86,86,10.5
67.48705507458385,4.652626010903597,1.7570765430563584,7.952932282588703,6.195855739532345,0.5326635109703521,40.410009994749196,44.884804203568216,9.0,34.63191467041014,573.1978181571104,b,mono,86,15_min_feeding,86,86,10.5
67.48705507458385,4.652626010903597,1.7570765430563584,7.952932282588703,6.195855739532345,0.5326635109703521,36.823783801024,43.08786291339333,9.5,47.83546900634764,573.1978181571104,b,mono,86,15_min_feeding,86,86,10.5
67.48705507458385,4.652626010903597,1.7570765430563584,7.952932282588703,6.195855739532345,0.5326635109703521,33.433024313603525,30.371181080619543,10.0,29.756380922851534,573.1978181571104,b,mono,86,15_min_feeding,86,86,10.5
67.48705507458385,4.652626010903597,1.7570765430563584,7.952932282588703,6.195855739532345,0.5326635109703521,30.25647720928607,16.925119495007372,10.5,20.48719271484373,573.1978181571104,b,mono,86,15_min_feeding,86,86,10.5
67.48705507458385,4.652626010903597,1.7570765430563584,7.952932282588703,6.195855739532345,0.5326635109703521,27.303153843981388,14.407534438794034,11.0,20.94806843994139,573.1978181571104,b,mono,86,15_min_feeding,86,86,10.5
67.48705507458385,4.652626010903597,1.7570765430563584,7.952932282588703,6.195855739532345,0.5326635109703521,24.57483537636286,14.010481965524335,11.5,11.106645737304675,573.1978181571104,b,mono,86,15_min_feeding,86,86,10.5
67.48705507458385,4.652626010903597,1.7570765430563584,7.952932282588703,6.195855739532345,0.5326635109703521,22.068030864052346,18.165191191700046,12.0,29.19615258056639,573.1978181571104,b,mono,86,15_min_feeding,86,86,10.5
67.48705507458385,4.652626010903597,1.7570765430563584,7.952932282588703,6.195855739532345,0.5326635109703521,19.77550273228835,16.7485514357937,12.5,11.001734543457015,573.1978181571104,b,mono,86,15_min_feeding,86,86,10.5
67.48705507458385,4.652626010903597,1.7570765430563584,7.952932282588703,6.195855739532345,0.5326635109703521,17.687449129932215,17.89488109282439,13.0,2.8485339550781106,573.1978181571104,b,mono,86,15_min_feeding,86,86,10.5
67.48705507458385,4.652626010903597,1.7570765430563584,7.952932282588703,6.195855739532345,0.5326635109703521,15.792414182926825,14.607369766507254,13.5,15.836198454589827,573.1978181571104,b,mono,86,15_min_feeding,86,86,10.5
67.48705507458385,4.652626010903597,1.7570765430563584,7.952932282588703,6.195855739532345,0.5326635109703521,14.077982672705609,16.71980687922435,14.0,20.620293847656235,573.1978181571104,b,mono,86,15_min_feeding,86,86,10.5
67.48705507458385,4.652626010903597,1.7570765430563584,7.952932282588703,6.195855739532345,0.5326635109703521,12.531304243158539,10.27144909664105,14.5,6.5884790380859215,573.1978181571104,b,mono,86,15_min_feeding,86,86,10.5
67.48705507458385,4.652626010903597,1.7570765430563584,7.952932282588703,6.195855739532345,0.5326635109703521,11.13948317420892,16.464907696747268,15.0,17.58878834960936,573.1978181571104,b,mono,86,15_min_feeding,86,86,10.5
67.48705507458385,4.652626010903597,1.7570765430563584,7.952932282588703,6.195855739532345,0.5326635109703521,9.889862533006264,24.336190740500744,15.5,16.6792766166992,573.1978181571104,b,mono,86,15_min_feeding,86,86,10.5
67.48705507458385,4.652626010903597,1.7570765430563584,7.952932282588703,6.195855739532345,0.5326635109703521,8.770225732642805,18.117103400177655,16.0,11.280360239257796,573.1978181571104,b,mono,86,15_min_feeding,86,86,10.5
67.48705507458385,4.652626010903597,1.7570765430563584,7.952932282588703,6.195855739532345,0.5326635109703521,7.768933892435964,14.139966092098838,16.5,12.75448083984373,573.1978181571104,b,mono,86,15_min_feeding,86,86,10.5
67.48705507458385,4.652626010903597,1.7570765430563584,7.952932282588703,6.195855739532345,0.5326635109703521,6.875013670076536,-2.5543857797140674,17.0,2.2123485888671794,573.1978181571104,b,mono,86,15_min_feeding,86,86,10.5
67.48705507458385,4.652626010903597,1.7570765430563584,7.952932282588703,6.195855739532345,0.5326635109703521,6.07820724185274,14.175929788647714,17.5,6.210224152832012,573.1978181571104,b,mono,86,15_min_feeding,86,86,10.5
67.48705507458385,4.652626010903597,1.7570765430563584,7.952932282588703,6.195855739532345,0.5326635109703521,5.3689936987491516,9.443204170081806,18.0,5.680079284667954,573.1978181571104,b,mono,86,15_min_feeding,86,86,10.5
67.48705507458385,4.652626010903597,1.7570765430563584,7.952932282588703,6.195855739532345,0.5326635109703521,4.738589189143894,4.525678351608811,18.5,11.017418549804667,573.1978181571104,b,mono,86,15_min_feeding,86,86,10.5
67.48705507458385,4.652626010903597,1.7570765430563584,7.952932282588703,6.195855739532345,0.5326635109703521,4.178931581793738,3.121942567811587,19.0,-6.065609487304709,573.1978181571104,b,mono,86,15_min_feeding,86,86,10.5
67.48705507458385,4.652626010903597,1.7570765430563584,7.952932282588703,6.195855739532345,0.5326635109703521,3.6826541726021667,17.25070275988662,19.5,13.89121082031248,573.1978181571104,b,mono,86,15_min_feeding,86,86,10.5
67.48705507458385,4.652626010903597,1.7570765430563584,7.952932282588703,6.195855739532345,0.5326635109703521,3.2430519564105653,12.20981518880798,20.0,8.763870522460913,573.1978181571104,b,mono,86,15_min_feeding,86,86,10.5
67.48705507458385,4.652626010903597,1.7570765430563584,7.952932282588703,6.195855739532345,0.5326635109703521,2.8540431832174926,16.11860263364383,20.5,-12.0798288989258,573.1978181571104,b,mono,86,15_min_feeding,86,86,10.5
67.48705507458385,4.652626010903597,1.7570765430563584,7.952932282588703,6.195855739532345,0.5326635109703521,2.5101282783954244,9.825684669953425,21.0,2.0007644970703,573.1978181571104,b,mono,86,15_min_feeding,86,86,10.5
15.550311357421885,7.6000000000000005,0.0,10.85057930295504,10.85057930295504,0.2995765674990071,3.613684580918897e-28,-1.7695370258416574,-1.0,5.025199685058606,200.726845157938,b,mono,90,15_min_feeding,90,90,10.5
15.550311357421885,7.6000000000000005,0.0,10.85057930295504,10.85057930295504,0.2995765674990071,4.5679706156142044e-26,-0.9595068717226347,-0.5,-1.7495201855468672,200.726845157938,b,mono,90,15_min_feeding,90,90,10.5
15.550311357421885,7.6000000000000005,0.0,10.85057930295504,10.85057930295504,0.2995765674990071,2.9260350622020596e-24,3.158500080194191,0.0,2.5940224389648527,200.726845157938,b,mono,90,15_min_feeding,90,90,10.5
15.550311357421885,7.6000000000000005,0.0,10.85057930295504,10.85057930295504,0.2995765674990071,0.23671006804106207,3.197263559228059,0.5,2.289421357421883,200.726845157938,b,mono,90,15_min_feeding,90,90,10.5
15.550311357421885,7.6000000000000005,0.0,10.85057930295504,10.85057930295504,0.2995765674990071,1.0330763915378143,-0.2391466437761096,1.0,2.599641403808601,200.726845157938,b,mono,90,15_min_feeding,90,90,10.5
15.550311357421885,7.6000000000000005,0.0,10.85057930295504,10.85057930295504,0.2995765674990071,2.2859074489112303,0.335697385782904,1.5,-0.8669269970702977,200.726845157938,b,mono,90,15_min_feeding,90,90,10.5
15.550311357421885,7.6000000000000005,0.0,10.85057930295504,10.85057930295504,0.2995765674990071,3.8403296780960625,1.957378712264621,2.0,1.1138618994140757,200.726845157938,b,mono,90,15_min_feeding,90,90,10.5
15.550311357421885,7.6000000000000005,0.0,10.85057930295504,10.85057930295504,0.2995765674990071,5.548119823592635,10.720894180093701,2.5,15.285341523437516,200.726845157938,b,mono,90,15_min_feeding,90,90,10.5
15.550311357421885,7.6000000000000005,0.0,10.85057930295504,10.85057930295504,0.2995765674990071,7.285720448203653,13.456397983332483,3.0,16.932844548339858,200.726845157938,b,mono,90,15_min_feeding,90,90,10.5
15.550311357421885,7.6000000000000005,0.0,10.85057930295504,10.85057930295504,0.2995765674990071,10.49493151354272,13.926627002876984,4.0,14.67819821777345,200.726845157938,b,mono,90,15_min_feeding,90,90,10.5
15.550311357421885,7.6000000000000005,0.0,10.85057930295504,10.85057930295504,0.2995765674990071,11.851514961317758,13.641776649487166,4.5,18.91717414062501,200.726845157938,b,mono,90,15_min_feeding,90,90,10.5
15.550311357421885,7.6000000000000005,0.0,10.85057930295504,10.85057930295504,0.2995765674990071,13.000327802521271,14.454992341482043,5.0,17.033230681152357,200.726845157938,b,mono,90,15_min_feeding,90,90,10.5
15.550311357421885,7.6000000000000005,0.0,10.85057930295504,10.85057930295504,0.2995765674990071,13.929310733317312,17.934320382237534,5.5,10.751622719970712,200.726845157938,b,mono,90,15_min_feeding,90,90,10.5
15.550311357421885,7.6000000000000005,0.0,10.85057930295504,10.85057930295504,0.2995765674990071,14.63788551786312,15.60858825509585,6.0,15.374984890136727,200.726845157938,b,mono,90,15_min_feeding,90,90,10.5
15.550311357421885,7.6000000000000005,0.0,10.85057930295504,10.85057930295504,0.2995765674990071,15.133907644177023,10.09330620075874,6.5,2.4974335791015747,200.726845157938,b,mono,90,15_min_feeding,90,90,10.5
15.550311357421885,7.6000000000000005,0.0,10.85057930295504,10.85057930295504,0.2995765674990071,15.431128303487741,20.031527194193853,7.0,16.308395046386725,200.726845157938,b,mono,90,15_min_feeding,90,90,10.5
15.550311357421885,7.6000000000000005,0.0,10.85057930295504,10.85057930295504,0.2995765674990071,15.547136523224896,19.787554186412617,7.5,11.067842802734386,200.726845157938,b,mono,90,15_min_feeding,90,90,10.5
15.550311357421885,7.6000000000000005,0.0,10.85057930295504,10.85057930295504,0.2995765674990071,15.501730954424069,13.244272058870536,8.0,16.58109146240235,200.726845157938,b,mono,90,15_min_feeding,90,90,10.5
15.550311357421885,7.6000000000000005,0.0,10.85057930295504,10.85057930295504,0.2995765674990071,15.315663106220823,10.550731270202032,8.5,-7.527668527832024,200.726845157938,b,mono,90,15_min_feeding,90,90,10.5
15.550311357421885,7.6000000000000005,0.0,10.85057930295504,10.85057930295504,0.2995765674990071,15.009693604567355,8.927389408717602,9.0,14.141424782714857,200.726845157938,b,mono,90,15_min_feeding,90,90,10.5
15.550311357421885,7.6000000000000005,0.0,10.85057930295504,10.85057930295504,0.2995765674990071,14.603906793480936,12.639934520415832,9.5,19.437889196777355,200.726845157938,b,mono,90,15_min_feeding,90,90,10.5
15.550311357421885,7.6000000000000005,0.0,10.85057930295504,10.85057930295504,0.2995765674990071,14.117234628588381,7.335163755166626,10.0,14.312788608398446,200.726845157938,b,mono,90,15_min_feeding,90,90,10.5
15.550311357421885,7.6000000000000005,0.0,10.85057930295504,10.85057930295504,0.2995765674990071,13.567147128435414,3.944400590432945,10.5,0.9416541601562649,200.726845157938,b,mono,90,15_min_feeding,90,90,10.5
15.550311357421885,7.6000000000000005,0.0,10.85057930295504,10.85057930295504,0.2995765674990071,12.969472958174084,7.206165115285906,11.0,4.217811638183601,200.726845157938,b,mono,90,15_min_feeding,90,90,10.5
15.550311357421885,7.6000000000000005,0.0,10.85057930295504,10.85057930295504,0.2995765674990071,12.338319644555026,5.175300613722406,11.5,6.683137856445324,200.726845157938,b,mono,90,15_min_feeding,90,90,10.5
15.550311357421885,7.6000000000000005,0.0,10.85057930295504,10.85057930295504,0.2995765674990071,11.686068272637456,7.67112820105363,12.0,0.39823999755860484,200.726845157938,b,mono,90,15_min_feeding,90,90,10.5
15.550311357421885,7.6000000000000005,0.0,10.85057930295504,10.85057930295504,0.2995765674990071,11.02342222032474,7.950004725547071,12.5,7.132340847167978,200.726845157938,b,mono,90,15_min_feeding,90,90,10.5
15.550311357421885,7.6000000000000005,0.0,10.85057930295504,10.85057930295504,0.2995765674990071,10.35949354189392,6.733869820233888,13.0,11.922292607421884,200.726845157938,b,mono,90,15_min_feeding,90,90,10.5
15.550311357421885,7.6000000000000005,0.0,10.85057930295504,10.85057930295504,0.2995765674990071,9.701914049947149,5.492644548137157,13.5,6.547162092285163,200.726845157938,b,mono,90,15_min_feeding,90,90,10.5
15.550311357421885,7.6000000000000005,0.0,10.85057930295504,10.85057930295504,0.2995765674990071,9.056961020707234,7.132302831209056,14.0,10.47920927734376,200.726845157938,b,mono,90,15_min_feeding,90,90,10.5
15.550311357421885,7.6000000000000005,0.0,10.85057930295504,10.85057930295504,0.2995765674990071,8.42968982305335,4.6596520509551524,14.5,4.042170180664073,200.726845157938,b,mono,90,15_min_feeding,90,90,10.5
15.550311357421885,7.6000000000000005,0.0,10.85057930295504,10.85057930295504,0.2995765674990071,7.824067711589775,5.794540435778984,15.0,8.561678837890632,200.726845157938,b,mono,90,15_min_feeding,90,90,10.5
15.550311357421885,7.6000000000000005,0.0,10.85057930295504,10.85057930295504,0.2995765674990071,7.24310459037345,10.388144305863666,15.5,14.201561117675787,200.726845157938,b,mono,90,15_min_feeding,90,90,10.5
15.550311357421885,7.6000000000000005,0.0,10.85057930295504,10.85057930295504,0.2995765674990071,6.688977804009313,6.91155680728512,16.0,11.469987416992197,200.726845157938,b,mono,90,15_min_feeding,90,90,10.5
15.550311357421885,7.6000000000000005,0.0,10.85057930295504,10.85057930295504,0.2995765674990071,6.1631489981810175,5.795864257153621,16.5,10.354366035156257,200.726845157938,b,mono,90,15_min_feeding,90,90,10.5
15.550311357421885,7.6000000000000005,0.0,10.85057930295504,10.85057930295504,0.2995765674990071,5.666471857707818,1.5072981088530462,17.0,-0.9898337451171741,200.726845157938,b,mono,90,15_min_feeding,90,90,10.5
15.550311357421885,7.6000000000000005,0.0,10.85057930295504,10.85057930295504,0.2995765674990071,5.199290116265173,7.052531437200614,17.5,3.4590387377929765,200.726845157938,b,mono,90,15_min_feeding,90,90,10.5
15.550311357421885,7.6000000000000005,0.0,10.85057930295504,10.85057930295504,0.2995765674990071,4.76152567166963,5.131026521561296,18.0,9.28350782470704,200.726845157938,b,mono,90,15_min_feeding,90,90,10.5
15.550311357421885,7.6000000000000005,0.0,10.85057930295504,10.85057930295504,0.2995765674990071,4.352756962637361,3.7447150716283915,18.5,-0.622584956054677,200.726845157938,b,mono,90,15_min_feeding,90,90,10.5
15.550311357421885,7.6000000000000005,0.0,10.85057930295504,10.85057930295504,0.2995765674990071,3.9722879911059064,2.625553636915061,19.0,-2.4432741064453047,200.726845157938,b,mono,90,15_min_feeding,90,90,10.5
15.550311357421885,7.6000000000000005,0.0,10.85057930295504,10.85057930295504,0.2995765674990071,3.619208528449285,7.031814797601619,19.5,11.73299542968751,200.726845157938,b,mono,90,15_min_feeding,90,90,10.5
15.550311357421885,7.6000000000000005,0.0,10.85057930295504,10.85057930295504,0.2995765674990071,3.2924461406126913,5.418073724247215,20.0,6.780666196289069,200.726845157938,b,mono,90,15_min_feeding,90,90,10.5
15.550311357421885,7.6000000000000005,0.0,10.85057930295504,10.85057930295504,0.2995765674990071,2.9908107197503435,5.376087904248283,20.5,4.249994133300792,200.726845157938,b,mono,90,15_min_feeding,90,90,10.5
15.550311357421885,7.6000000000000005,0.0,10.85057930295504,10.85057930295504,0.2995765674990071,2.7130322292405737,4.180154172064583,21.0,-0.2434605908203018,200.726845157938,b,mono,90,15_min_feeding,90,90,10.5
18.007559251953136,5.60000000000537,1.65359673626018,8.459651245776103,6.806054509515922,0.4201628479132067,1.2891386446152278e-24,-1.5385204652094764,-1.0,-3.838844440917949,160.92368192019669,b,mono,92,15_min_feeding,92,92,10.5
18.007559251953136,5.60000000000537,1.65359673626018,8.459651245776103,6.806054509515922,0.4201628479132067,1.6063388697577142e-22,-0.9101586876750645,-0.5,1.642423740234392,160.92368192019669,b,mono,92,15_min_feeding,92,92,10.5
18.007559251953136,5.60000000000537,1.65359673626018,8.459651245776103,6.806054509515922,0.4201628479132067,2.0015879654634808e-20,2.836148359015411,0.0,3.3637074145507952,160.92368192019669,b,mono,92,15_min_feeding,92,92,10.5
18.007559251953136,5.60000000000537,1.65359673626018,8.459651245776103,6.806054509515922,0.4201628479132067,2.4940663730117444e-18,2.927824544005585,0.5,4.356557900390637,160.92368192019669,b,mono,92,15_min_feeding,92,92,10.5
18.007559251953136,5.60000000000537,1.65359673626018,8.459651245776103,6.806054509515922,0.4201628479132067,3.1032758381698287e-16,-0.04857076666588611,1.0,1.4711819653320433,160.92368192019669,b,mono,92,15_min_feeding,92,92,10.5
18.007559251953136,5.60000000000537,1.65359673626018,8.459651245776103,6.806054509515922,0.4201628479132067,3.186563989389805e-14,0.3366424561306083,1.5,-7.441025795898417,160.92368192019669,b,mono,92,15_min_feeding,92,92,10.5
18.007559251953136,5.60000000000537,1.65359673626018,8.459651245776103,6.806054509515922,0.4201628479132067,2.141082388099047,1.5735905271752593,2.0,6.2206306591797045,160.92368192019669,b,mono,92,15_min_feeding,92,92,10.5
18.007559251953136,5.60000000000537,1.65359673626018,8.459651245776103,6.806054509515922,0.4201628479132067,6.359725553100775,8.92713406876971,2.5,6.776146132812521,160.92368192019669,b,mono,92,15_min_feeding,92,92,10.5
18.007559251953136,5.60000000000537,1.65359673626018,8.459651245776103,6.806054509515922,0.4201628479132067,10.134572671102056,11.28847009699152,3.0,7.055454367675797,160.92368192019669,b,mono,92,15_min_feeding,92,92,10.5
18.007559251953136,5.60000000000537,1.65359673626018,8.459651245776103,6.806054509515922,0.4201628479132067,15.375788664660737,11.50841713853573,4.0,7.986117504882834,160.92368192019669,b,mono,92,15_min_feeding,92,92,10.5
18.007559251953136,5.60000000000537,1.65359673626018,8.459651245776103,6.806054509515922,0.4201628479132067,16.853046617221022,11.192019572480085,4.5,-0.7307482031249819,160.92368192019669,b,mono,92,15_min_feeding,92,92,10.5
18.007559251953136,5.60000000000537,1.65359673626018,8.459651245776103,6.806054509515922,0.4201628479132067,17.690274814938817,11.840277384483453,5.0,10.147754953613294,160.92368192019669,b,mono,92,15_min_feeding,92,92,10.5
18.007559251953136,5.60000000000537,1.65359673626018,8.459651245776103,6.806054509515922,0.4201628479132067,17.999445389177843,15.534060154377851,5.5,18.918241407958995,160.92368192019669,b,mono,92,15_min_feeding,92,92,10.5
18.007559251953136,5.60000000000537,1.65359673626018,8.459651245776103,6.806054509515922,0.4201628479132067,17.888322062642935,12.851215576794651,6.0,13.918174846191423,160.92368192019669,b,mono,92,15_min_feeding,92,92,10.5
18.007559251953136,5.60000000000537,1.65359673626018,8.459651245776103,6.806054509515922,0.4201628479132067,17.454028746462942,8.368332963010069,6.5,5.470991010742207,160.92368192019669,b,mono,92,15_min_feeding,92,92,10.5
18.007559251953136,5.60000000000537,1.65359673626018,8.459651245776103,6.806054509515922,0.4201628479132067,16.780630192355346,17.1300974687547,7.0,22.509449064941418,160.92368192019669,b,mono,92,15_min_feeding,92,92,10.5
18.007559251953136,5.60000000000537,1.65359673626018,8.459651245776103,6.806054509515922,0.4201628479132067,15.938809569687672,16.833582297721517,7.5,20.61431192382814,160.92368192019669,b,mono,92,15_min_feeding,92,92,10.5
18.007559251953136,5.60000000000537,1.65359673626018,8.459651245776103,6.806054509515922,0.4201628479132067,14.98662168542532,10.799528215251122,8.0,15.736296047363297,160.92368192019669,b,mono,92,15_min_feeding,92,92,10.5
18.007559251953136,5.60000000000537,1.65359673626018,8.459651245776103,6.806054509515922,0.4201628479132067,13.970755416691198,8.972198029502898,8.5,11.038320061035169,160.92368192019669,b,mono,92,15_min_feeding,92,92,10.5
18.007559251953136,5.60000000000537,1.65359673626018,8.459651245776103,6.806054509515922,0.4201628479132067,12.927986318472204,7.096397526713343,9.0,10.940870695800797,160.92368192019669,b,mono,92,15_min_feeding,92,92,10.5
18.007559251953136,5.60000000000537,1.65359673626018,8.459651245776103,6.806054509515922,0.4201628479132067,11.886641057304274,10.82764493700466,9.5,9.538784875488293,160.92368192019669,b,mono,92,15_min_feeding,92,92,10.5
18.007559251953136,5.60000000000537,1.65359673626018,8.459651245776103,6.806054509515922,0.4201628479132067,10.867977574572816,6.078913318949898,10.0,5.939108051757827,160.92368192019669,b,mono,92,15_min_feeding,92,92,10.5
18.007559251953136,5.60000000000537,1.65359673626018,8.459651245776103,6.806054509515922,0.4201628479132067,9.887433622280504,3.246318679083057,10.5,6.87279982421877,160.92368192019669,b,mono,92,15_min_feeding,92,92,10.5
18.007559251953136,5.60000000000537,1.65359673626018,8.459651245776103,6.806054509515922,0.4201628479132067,8.955725185341638,6.560310548371188,11.0,7.912528293457044,160.92368192019669,b,mono,92,15_min_feeding,92,92,10.5
18.007559251953136,5.60000000000537,1.65359673626018,8.459651245776103,6.806054509515922,0.4201628479132067,8.079793130511844,4.57183338804105,11.5,-1.8227310009765496,160.92368192019669,b,mono,92,15_min_feeding,92,92,10.5
18.007559251953136,5.60000000000537,1.65359673626018,8.459651245776103,6.806054509515922,0.4201628479132067,7.263605850207528,6.875762468160698,12.0,12.084443996582046,160.92368192019669,b,mono,92,15_min_feeding,92,92,10.5
18.007559251953136,5.60000000000537,1.65359673626018,8.459651245776103,6.806054509515922,0.4201628479132067,6.508830535849187,7.2049111805416395,12.5,5.784073186035169,160.92368192019669,b,mono,92,15_min_feeding,92,92,10.5
18.007559251953136,5.60000000000537,1.65359673626018,8.459651245776103,6.806054509515922,0.4201628479132067,5.815387784907614,5.961385875451672,13.0,3.4286816503906365,160.92368192019669,b,mono,92,15_min_feeding,92,92,10.5
18.007559251953136,5.60000000000537,1.65359673626018,8.459651245776103,6.806054509515922,0.4201628479132067,5.181904631061715,4.862161210212669,13.5,6.175974929199231,160.92368192019669,b,mono,92,15_min_feeding,92,92,10.5
18.007559251953136,5.60000000000537,1.65359673626018,8.459651245776103,6.806054509515922,0.4201628479132067,4.606080493667191,6.399276506368267,14.0,0.25281298828126353,160.92368192019669,b,mono,92,15_min_feeding,92,92,10.5
18.007559251953136,5.60000000000537,1.65359673626018,8.459651245776103,6.806054509515922,0.4201628479132067,4.084979418983012,4.205665951579736,14.5,2.165654252929702,160.92368192019669,b,mono,92,15_min_feeding,92,92,10.5
18.007559251953136,5.60000000000537,1.65359673626018,8.459651245776103,6.806054509515922,0.4201628479132067,3.615260613441928,5.0891819374204985,15.0,5.558722373046891,160.92368192019669,b,mono,92,15_min_feeding,92,92,10.5
18.007559251953136,5.60000000000537,1.65359673626018,8.459651245776103,6.806054509515922,0.4201628479132067,3.193357823443123,9.321034826923874,15.5,9.584222364746104,160.92368192019669,b,mono,92,15_min_feeding,92,92,10.5
18.007559251953136,5.60000000000537,1.65359673626018,8.459651245776103,6.806054509515922,0.4201628479132067,2.8156167016606353,6.128215870666594,16.0,6.658938383789074,160.92368192019669,b,mono,92,15_min_feeding,92,92,10.5
18.007559251953136,5.60000000000537,1.65359673626018,8.459651245776103,6.806054509515922,0.4201628479132067,2.47839797637545,5.179133829711084,16.5,5.551820449218763,160.92368192019669,b,mono,92,15_min_feeding,92,92,10.5
18.007559251953136,5.60000000000537,1.65359673626018,8.459651245776103,6.806054509515922,0.4201628479132067,2.178153038343372,1.584633631724536,17.0,-5.017239243164045,160.92368192019669,b,mono,92,15_min_feeding,92,92,10.5
18.007559251953136,5.60000000000537,1.65359673626018,8.459651245776103,6.806054509515922,0.4201628479132067,1.9114774911645898,6.41756886670332,17.5,7.426366232910166,160.92368192019669,b,mono,92,15_min_feeding,92,92,10.5
18.007559251953136,5.60000000000537,1.65359673626018,8.459651245776103,6.806054509515922,0.4201628479132067,1.675147276511883,4.702295398876846,18.0,9.158290954589859,160.92368192019669,b,mono,92,15_min_feeding,92,92,10.5
18.007559251953136,5.60000000000537,1.65359673626018,8.459651245776103,6.806054509515922,0.4201628479132067,1.4661411785862257,3.5220807157333667,18.5,5.001353061523453,160.92368192019669,b,mono,92,15_min_feeding,92,92,10.5
18.007559251953136,5.60000000000537,1.65359673626018,8.459651245776103,6.806054509515922,0.4201628479132067,1.2816528227467057,2.4714571710444773,19.0,4.047452250976576,160.92368192019669,b,mono,92,15_min_feeding,92,92,10.5
18.007559251953136,5.60000000000537,1.65359673626018,8.459651245776103,6.806054509515922,0.4201628479132067,1.1190946996045545,6.279894634357596,19.5,6.722601601562513,160.92368192019669,b,mono,92,15_min_feeding,92,92,10.5
18.007559251953136,5.60000000000537,1.65359673626018,8.459651245776103,6.806054509515922,0.4201628479132067,0.9760962556946038,4.880005350073461,20.0,7.587296674804698,160.92368192019669,b,mono,92,15_min_feeding,92,92,10.5
18.007559251953136,5.60000000000537,1.65359673626018,8.459651245776103,6.806054509515922,0.4201628479132067,0.8504976831540921,4.689547840823533,20.5,5.97338378662111,160.92368192019669,b,mono,92,15_min_feeding,92,92,10.5
18.007559251953136,5.60000000000537,1.65359673626018,8.459651245776103,6.806054509515922,0.4201628479132067,0.7403407024101568,3.74959776944549,21.0,5.586167172851582,160.92368192019669,b,mono,92,15_min_feeding,92,92,10.5
31.05015408600713,6.000000000375474,1.118302256297767,8.471005581255636,7.352703324957869,0.3360676300501109,2.5493932808086633e-28,-2.5826385593695775,-1.0,-5.579958176269525,281.86977026034435,b,mono,102,15_min_feeding,102,102,10.5
31.05015408600713,6.000000000375474,1.118302256297767,8.471005581255636,7.352703324957869,0.3360676300501109,3.090516879572773e-26,-0.8893075362628764,-0.5,-3.886742646484368,281.86977026034435,b,mono,102,15_min_feeding,102,102,10.5
31.05015408600713,6.000000000375474,1.118302256297767,8.471005581255636,7.352703324957869,0.3360676300501109,3.746445712485214e-24,4.000592770245223,0.0,-0.8466178442382777,281.86977026034435,b,mono,102,15_min_feeding,102,102,10.5
31.05015408600713,6.000000000375474,1.118302256297767,8.471005581255636,7.352703324957869,0.3360676300501109,4.5323586628806415e-22,3.666503598119963,0.5,0.1790172558593781,281.86977026034435,b,mono,102,15_min_feeding,102,102,10.5
31.05015408600713,6.000000000375474,1.118302256297767,8.471005581255636,7.352703324957869,0.3360676300501109,4.214578289189787e-20,-1.4236892766889575,1.0,-9.932182082519526,281.86977026034435,b,mono,102,15_min_feeding,102,102,10.5
31.05015408600713,6.000000000375474,1.118302256297767,8.471005581255636,7.352703324957869,0.3360676300501109,1.221327258049738,0.18706827932506087,1.5,-3.3749450634765523,281.86977026034435,b,mono,102,15_min_feeding,102,102,10.5
31.05015408600713,6.000000000375474,1.118302256297767,8.471005581255636,7.352703324957869,0.3360676300501109,5.3292167945601925,3.718845497341512,2.0,-4.65848448730468,281.86977026034435,b,mono,102,15_min_feeding,102,102,10.5
31.05015408600713,6.000000000375474,1.118302256297767,8.471005581255636,7.352703324957869,0.3360676300501109,10.574843193950102,18.295759113349284,2.5,15.267446992187509,281.86977026034435,b,mono,102,15_min_feeding,102,102,10.5
31.05015408600713,6.000000000375474,1.118302256297767,8.471005581255636,7.352703324957869,0.3360676300501109,15.899953005359821,22.401501871007596,3.0,33.09689645263673,281.86977026034435,b,mono,102,15_min_feeding,102,102,10.5
31.05015408600713,6.000000000375474,1.118302256297767,8.471005581255636,7.352703324957869,0.3360676300501109,24.62174488556055,24.36034960508229,4.0,26.616521948242195,281.86977026034435,b,mono,102,15_min_feeding,102,102,10.5
31.05015408600713,6.000000000375474,1.118302256297767,8.471005581255636,7.352703324957869,0.3360676300501109,27.58782162078265,24.407930680910088,4.5,26.529106953125005,281.86977026034435,b,mono,102,15_min_feeding,102,102,10.5
31.05015408600713,6.000000000375474,1.118302256297767,8.471005581255636,7.352703324957869,0.3360676300501109,29.590440539390844,25.99050638322149,5.0,27.01523024169922,281.86977026034435,b,mono,102,15_min_feeding,102,102,10.5
31.05015408600713,6.000000000375474,1.118302256297767,8.471005581255636,7.352703324957869,0.3360676300501109,30.706502787777605,26.560774257540448,5.5,36.85638290063477,281.86977026034435,b,mono,102,15_min_feeding,102,102,10.5
31.05015408600713,6.000000000375474,1.118302256297767,8.471005581255636,7.352703324957869,0.3360676300501109,31.05015408600713,27.619975056965895,6.0,22.878962380371096,281.86977026034435,b,mono,102,15_min_feeding,102,102,10.5
31.05015408600713,6.000000000375474,1.118302256297767,8.471005581255636,7.352703324957869,0.3360676300501109,30.750263910120793,17.468734382197027,6.5,8.543195786132816,281.86977026034435,b,mono,102,15_min_feeding,102,102,10.5
31.05015408600713,6.000000000375474,1.118302256297767,8.471005581255636,7.352703324957869,0.3360676300501109,29.936139964793313,31.15257323970647,7.0,27.4166756616211,281.86977026034435,b,mono,102,15_min_feeding,102,102,10.5
31.05015408600713,6.000000000375474,1.118302256297767,8.471005581255636,7.352703324957869,0.3360676300501109,28.728959266817544,31.365302137089543,7.5,38.81269260742189,281.86977026034435,b,mono,102,15_min_feeding,102,102,10.5
31.05015408600713,6.000000000375474,1.118302256297767,8.471005581255636,7.352703324957869,0.3360676300501109,27.237103930858083,24.14390352315494,8.0,7.6226066479492225,281.86977026034435,b,mono,102,15_min_feeding,102,102,10.5
31.05015408600713,6.000000000375474,1.118302256297767,8.471005581255636,7.352703324957869,0.3360676300501109,25.554104914617742,16.74693069014818,8.5,12.921053103027347,281.86977026034435,b,mono,102,15_min_feeding,102,102,10.5
31.05015408600713,6.000000000375474,1.118302256297767,8.471005581255636,7.352703324957869,0.3360676300501109,23.758273230825043,17.507787121747675,9.0,20.645331374511727,281.86977026034435,b,mono,102,15_min_feeding,102,102,10.5
31.05015408600713,6.000000000375474,1.118302256297767,8.471005581255636,7.352703324957869,0.3360676300501109,21.913372518328167,19.532181476706644,9.5,21.874509069824228,281.86977026034435,b,mono,102,15_min_feeding,102,102,10.5
31.05015408600713,6.000000000375474,1.118302256297767,8.471005581255636,7.352703324957869,0.3360676300501109,20.06988617648138,12.712737726576766,10.0,17.943370151367194,281.86977026034435,b,mono,102,15_min_feeding,102,102,10.5
31.05015408600713,6.000000000375474,1.118302256297767,8.471005581255636,7.352703324957869,0.3360676300501109,18.266576179130332,6.98759552776923,10.5,3.421399863281259,281.86977026034435,b,mono,102,15_min_feeding,102,102,10.5
31.05015408600713,6.000000000375474,1.118302256297767,8.471005581255636,7.352703324957869,0.3360676300501109,16.532133760374986,8.524982304224029,11.0,6.918742839355474,281.86977026034435,b,mono,102,15_min_feeding,102,102,10.5
31.05015408600713,6.000000000375474,1.118302256297767,8.471005581255636,7.352703324957869,0.3360676300501109,14.886795226713867,7.063026391995351,11.5,18.41632311035157,281.86977026034435,b,mono,102,15_min_feeding,102,102,10.5
31.05015408600713,6.000000000375474,1.118302256297767,8.471005581255636,7.352703324957869,0.3360676300501109,13.343847251463927,9.801755048857224,12.0,10.490888386230477,281.86977026034435,b,mono,102,15_min_feeding,102,102,10.5
31.05015408600713,6.000000000375474,1.118302256297767,8.471005581255636,7.352703324957869,0.3360676300501109,11.910981134400888,9.624539097243066,12.5,13.198649978027351,281.86977026034435,b,mono,102,15_min_feeding,102,102,10.5
31.05015408600713,6.000000000375474,1.118302256297767,8.471005581255636,7.352703324957869,0.3360676300501109,10.591479104281325,9.104682659955333,13.0,13.42481350585938,281.86977026034435,b,mono,102,15_min_feeding,102,102,10.5
31.05015408600713,6.000000000375474,1.118302256297767,8.471005581255636,7.352703324957869,0.3360676300501109,9.38523108906348,7.42888430322256,13.5,3.500593000488287,281.86977026034435,b,mono,102,15_min_feeding,102,102,10.5
31.05015408600713,6.000000000375474,1.118302256297767,8.471005581255636,7.352703324957869,0.3360676300501109,8.289589896615905,9.069589263827272,14.0,11.587032324218757,281.86977026034435,b,mono,102,15_min_feeding,102,102,10.5
31.05015408600713,6.000000000375474,1.118302256297767,8.471005581255636,7.352703324957869,0.3360676300501109,7.300078208090817,5.7570975327776885,14.5,9.455989418945322,281.86977026034435,b,mono,102,15_min_feeding,102,102,10.5
31.05015408600713,6.000000000375474,1.118302256297767,8.471005581255636,7.352703324957869,0.3360676300501109,6.410963474394928,8.108283271931608,15.0,7.85891184570313,281.86977026034435,b,mono,102,15_min_feeding,102,102,10.5
31.05015408600713,6.000000000375474,1.118302256297767,8.471005581255636,7.352703324957869,0.3360676300501109,5.615717651599094,13.206624493376047,15.5,14.011468783691406,281.86977026034435,b,mono,102,15_min_feeding,102,102,10.5
31.05015408600713,6.000000000375474,1.118302256297767,8.471005581255636,7.352703324957869,0.3360676300501109,4.907378376092155,9.280761990259517,16.0,8.333482631835945,281.86977026034435,b,mono,102,15_min_feeding,102,102,10.5
31.05015408600713,6.000000000375474,1.118302256297767,8.471005581255636,7.352703324957869,0.3360676300501109,4.278827131392159,7.511846797899555,16.5,4.112349238281254,281.86977026034435,b,mono,102,15_min_feeding,102,102,10.5
31.05015408600713,6.000000000375474,1.118302256297767,8.471005581255636,7.352703324957869,0.3360676300501109,3.7229985190507096,0.35095173301266414,17.0,10.702694477539069,281.86977026034435,b,mono,102,15_min_feeding,102,102,10.5
31.05015408600713,6.000000000375474,1.118302256297767,8.471005581255636,7.352703324957869,0.3360676300501109,3.233033135186606,8.362599492019015,17.5,9.155255681152347,281.86977026034435,b,mono,102,15_min_feeding,102,102,10.5
31.05015408600713,6.000000000375474,1.118302256297767,8.471005581255636,7.352703324957869,0.3360676300501109,2.8023849160856877,5.859955782522771,18.0,-1.9484778686523363,281.86977026034435,b,mono,102,15_min_feeding,102,102,10.5
31.05015408600713,6.000000000375474,1.118302256297767,8.471005581255636,7.352703324957869,0.3360676300501109,2.424892241886892,3.668219519712526,18.5,-2.2445559521484313,281.86977026034435,b,mono,102,15_min_feeding,102,102,10.5
31.05015408600713,6.000000000375474,1.118302256297767,8.471005581255636,7.352703324957869,0.3360676300501109,2.0948206300807883,2.5581385954443334,19.0,11.61181563964844,281.86977026034435,b,mono,102,15_min_feeding,102,102,10.5
31.05015408600713,6.000000000375474,1.118302256297767,8.471005581255636,7.352703324957869,0.3360676300501109,1.806883538010194,9.138696124325417,19.5,6.9479790234375045,281.86977026034435,b,mono,102,15_min_feeding,102,102,10.5
31.05015408600713,6.000000000375474,1.118302256297767,8.471005581255636,7.352703324957869,0.3360676300501109,1.5562466360447922,6.762970148669105,20.0,12.88825574707031,281.86977026034435,b,mono,102,15_min_feeding,102,102,10.5
31.05015408600713,6.000000000375474,1.118302256297767,8.471005581255636,7.352703324957869,0.3360676300501109,1.3385199095594273,7.739098740766895,20.5,10.812072111816416,281.86977026034435,b,mono,102,15_min_feeding,102,102,10.5
31.05015408600713,6.000000000375474,1.118302256297767,8.471005581255636,7.352703324957869,0.3360676300501109,1.1497410902315714,5.321481622299206,21.0,9.580349467773445,281.86977026034435,b,mono,102,15_min_feeding,102,102,10.5
